             3.20074 0 0 0  0.000108771 -1.01166e-05 -0.000299381 0 0 0   -0.011 -0.02329  0.04412 0.000701695 0.000199858  -0.0029474 0.00497279 0.00163187  0.0117109 0 0 0  -0.481691 -0.0489608   -9.79704 
             3.30045 -0.0354976  0.0224914 -0.0166179  0.00334781  0.00082923 -0.00468537 -3.10729e-07 -1.97679e-07 -1.51101e-07   -0.011 -0.02329  0.04412   0.0029124  0.00178198 -0.00512636  0.0049728 0.00163187  0.0117109 -5.63211e-08 -1.10735e-08    7.621e-08  -0.481691 -0.0489608   -9.79704 
             3.40039 -0.0926371 -0.0123739 -0.0288928 -0.00944659 -0.00442152 -0.00947279 -4.0082e-05  9.2412e-05 1.43692e-06 -0.0109998 -0.0232899    0.04412 -0.0618073 -0.0243307 -0.0276918 0.00517535 0.00174483  0.0117543  1.6746e-05 7.11021e-06 5.46967e-06  -0.481706 -0.0489676   -9.79704 
              3.5008 -0.0957141  0.0239692 0.00693378  -0.0111143 -0.00776098  -0.0121105 -0.00332311  -0.0058024 0.000194731 -0.0110006 -0.0232906  0.0441219 -0.0427871 -0.0267842 -0.0286209 0.00521779  0.0016521  0.0116236  -0.00104529   0.00059203 -0.000202266  -0.480697 -0.0495317   -9.79709 
             3.60082  -0.101157  0.0832143 0.00555566  -0.0080394 -0.00759803  -0.0120699    0.0123764    -0.035366 -0.000445765 -0.0110046  -0.023288   0.044125 -0.0151463 -0.0152289 -0.0192934 0.00515513 0.00155632  0.0116319 -0.00655106 -0.00223023 -0.00479799  -0.475629 -0.0468353   -9.79735 
             3.70043  -0.145892  0.0845241 -0.0392754 -0.00424199 -0.00869361  -0.0125392    0.0113006   -0.0748897 -0.000204357 -0.0110042  -0.023286  0.0441245 0.00556505 -0.0110381 -0.0143142 0.00529458 0.00168498  0.0117818  -0.0138306 -0.00205982 -0.00933101 -0.468854 -0.047018  -9.79768 
             3.80069  -0.184565   0.102886 -0.0376155 -0.00600783 -0.00637013  -0.0112973   0.0519021  -0.0462311 -0.00241899 -0.0110038 -0.0232872  0.0441263 0.000767691  0.00592162 -0.00470306 0.00529295 0.00154011  0.0118009 -0.00915871 -0.00934528  -0.0180393 -0.473737 -0.040034  -9.79747 
             3.90057  -0.160078   0.127551 -0.0208044 -0.00534887  -0.0048448 -0.00864764   0.0600993  -0.0477317 -0.00282835 -0.0110032 -0.0232843  0.0441258 0.00667691  0.0125595 0.00742478 0.00519388 0.00148189  0.0117548 -0.00998066  -0.0108633  -0.0290244  -0.473443 -0.0386007   -9.79749 
             4.00041  -0.0938428    0.105079 0.000987951 -0.00589525 -0.00390798 -0.00825697   0.0558472  -0.0347355 -0.00268192  -0.011004 -0.0232847  0.0441273 0.00584999  0.0139562 0.00734207 0.00500673 0.00150934  0.0116977 -0.00758501  -0.0100971  -0.0274172  -0.475671 -0.0393324   -9.79738 
             4.10037 -0.0945577  0.0908691 -0.0181779 -0.00611926 -0.00450256 -0.00773063   0.0368097  -0.0269981 -0.00175159 -0.0110035  -0.023285  0.0441278 0.00620526 0.00934572 0.00755937 0.00506833 0.00153823  0.0117557 -0.00616189 -0.00671038  -0.0264904  -0.476995 -0.0425866    -9.7973 
             4.20044  -0.107849  0.0978643 -0.0123823 -0.00418815 -0.00525743 -0.00894179   0.0226214  -0.0365985 -0.00094915 -0.0110033 -0.0232836  0.0441263  0.0137605 0.00642077 0.00203806 0.00514311 0.00154694  0.0117346 -0.00759158 -0.00415829  -0.0210189  -0.475379 -0.0450322   -9.79737 
             4.30086 -0.0607555  0.0855889  0.0235352 -0.00425999 -0.00533483 -0.00919662    0.0179496   -0.0265152 -0.000782009 -0.0110039  -0.023283  0.0441264  0.0118328 0.00441051 0.00100591 0.00500684 0.00156685  0.0116221 -0.00572978 -0.00331992  -0.0196107  -0.477102 -0.0458367   -9.79728 
              4.4019 -0.0517156   0.110076  0.0218415  -0.0038432 -0.00677131   -0.010683   0.00709344   -0.0216569 -0.000256975 -0.0110024 -0.0232824  0.0441251     0.011615 -0.000637791    -0.002232 0.00500346 0.00150159  0.0116125 -0.00466903 -0.00137119  -0.0156945  -0.477943 -0.0477001   -9.79723 
             4.50266 -0.0596357  0.0937251 -0.0391716   -0.007581 -0.00750461 -0.00961779   0.00331237    0.0043867 -0.000175033 -0.0110014 -0.0232892  0.0441242  -0.0014528 -0.00208243  0.00199892 0.00505164 0.00149583  0.0117792 -0.000156835 -0.000711236   -0.0179477  -0.482368 -0.0483478   -9.79701 
             4.60073  -0.0495782   0.0792588 0.000767822 -0.00387611 -0.00651852 -0.00885104   0.00868951   -0.0129817 -0.000390827 -0.0110008 -0.0232904  0.0441244  0.0113875 0.00256108 0.00708532 0.00502689 0.00157364  0.0116742 -0.00328881 -0.00166981  -0.0189403  -0.479412 -0.0474297   -9.79716 
             4.70177  -0.064877  0.0924831 -0.0150182 -0.00457148 -0.00589937  -0.0078585   0.00990502  -0.00473238 -0.000464853 -0.0110008 -0.0232908  0.0441241 0.00837688  0.0048187 0.00836207 0.00504949 0.00153605  0.0117062 -0.00184373 -0.00188689  -0.0193208  -0.480814 -0.0472231   -9.79709 
             4.80152 -0.0164869   0.103438 -0.0239866 -0.00443228 -0.00649316 -0.00900066   0.00560994  -0.00208979 -0.000283655 -0.0109995 -0.0232924  0.0441243 0.00832897 0.00152053 0.00233507 0.00493594 0.00151207  0.0117292 -0.00121121  -0.0011115  -0.0159126  -0.481264 -0.0479453   -9.79707 
             4.90089 -0.0292603  0.0921902 -0.0319742 -0.00390639 -0.00542904 -0.00816532   0.00892839 -0.000535234 -0.000432882 -0.0109995 -0.0232928  0.0441247 0.00888064 0.00539812 0.00458831 0.00497086  0.0015472  0.0117483 -0.000979995  -0.00170482   -0.0168471  -0.481527 -0.0473818   -9.79706 
             5.00042 -0.0232813  0.0930844 0.00173716 -0.00474606 -0.00636831 -0.00951557   0.00357794   0.00523932 -0.000203351 -0.0110008 -0.0232911  0.0441241   0.0052185  0.00134115 -0.00115577 0.00497491 0.00154086  0.0116714 0.000185265 -0.00073867  -0.0140042  -0.482513 -0.0482851   -9.79701 
              5.1007 -0.042186 0.0965113 0.0169731 -0.00466363 -0.00723916  -0.0106333  3.23921e-06   0.00687653 -4.61981e-05 -0.0110013 -0.0232901  0.0441232  0.00602996 -0.00117358 -0.00484652 0.00503012 0.00153251   0.011625  0.000547664 -9.27675e-05   -0.0125474  -0.482794 -0.0488922   -9.79699 
              5.2002 -0.0485283   0.100133 0.00467094 -0.00593746 -0.00760155   -0.011276 -0.000917981    0.0127623 -1.80314e-05 -0.0110012 -0.0232904  0.0441227  0.00193405 -0.00116618 -0.00548899 0.00505504 0.00151268  0.0116567  0.00161688 7.37562e-05   -0.012252  -0.483803 -0.0490467   -9.79694 
             5.30076 -0.0594771  0.0716895  0.0132536  -0.0036239 -0.00738105 -0.00979394 -0.000122169   0.00717233 -4.37714e-05 -0.0109997 -0.0232909   0.044122  0.00998217 0.000289669  0.00132727 0.00508341 0.00159878  0.0116343 0.000473471 -8.2977e-05  -0.0151131  -0.482843 -0.0489205   -9.79699 
              5.4007 -0.0484318  0.0715439  0.0119082 -0.00419201 -0.00819871 -0.00971379 -0.00281416   0.0114356 6.99134e-05 -0.0109996  -0.023291  0.0441221   0.0063529 -0.00131885 0.000838828 0.00507292 0.00159598  0.0116486 0.00124811 0.00040328 -0.0149872  -0.483577 -0.0493843   -9.79695 
              5.5008 -0.0353756  0.0835829  0.0256868 -0.00586282  -0.0084624 -0.00971681 -0.00314288   0.0176074 7.46568e-05 -0.0109995 -0.0232909  0.0441212 0.000148602 -0.00124176 0.000867327 0.00504841 0.00155386  0.0116311   0.002371 0.00046327 -0.0147886   -0.48464 -0.0494403    -9.7969 
             5.60017  -0.056381  0.0523796 -0.0218759  -0.0102608 -0.00781121 -0.00876531   -0.0010103    0.0287895 -3.86058e-05 -0.0110003 -0.0232954  0.0441233 -0.0129684 0.00209462 0.00338686 0.00509168 0.00160598  0.0117467  0.00434891 7.24981e-05  -0.0156643   -0.48657 -0.0490743    -9.7968 
             5.70046 -0.0154802  0.0871535 -0.0297309 -0.00972017 -0.00710912  -0.0089227  0.000390684    0.0246177 -8.71802e-05 -0.0110001 -0.0232952   0.044124 -0.00641275  0.00373085  0.00151609 0.00500388 0.00153879  0.0117757   0.00361993 -0.000177605   -0.0151367   -0.48585 -0.0488311   -9.79684 
             5.80062 0.00863339  0.0926986 -0.0199176 -0.00867362 -0.00622703 -0.00927524   0.00175883    0.0208468 -0.000134089 -0.0109995 -0.0232958  0.0441244  0.000329855   0.00473061 -3.54635e-05 0.00494942  0.0015314  0.0117576    0.0029623 -0.000422454    -0.014627 -0.485198 -0.048594  -9.79687 
             5.90074 -0.0679392  0.0779282 -0.0165681 -0.00910549 -0.00730013  -0.0103509 -0.00239067   0.0217905 1.88066e-05 -0.0110005 -0.0232936  0.0441211 -0.000306787  0.000922936  -0.00325075 0.00513868  0.0015655   0.011752  0.00318757 0.000332936  -0.0134317  -0.485355 -0.0493049   -9.79686 
             6.00077 -0.0125096  0.0679014 -0.0215454  -0.0058477 -0.00761802  -0.0101794 -0.00337508   0.0148703 5.76107e-05 -0.0110003 -0.0232936  0.0441208    0.011375 -0.00105873 -0.00178085 0.00501733  0.0016015  0.0117779  0.00190366 0.000508239  -0.0141203 -0.484167 -0.049483  -9.79692 
             6.10053 -0.0227055  0.0912134 -0.0218483 -0.00558337  -0.0076428  -0.0116888 -0.00326254   0.0166513 5.14757e-05 -0.0109994 -0.0232938  0.0441203   0.00993667 -0.000270437  -0.00599856  0.0050515 0.00155486  0.0117836  0.00229307 0.000492256  -0.0127129  -0.484469 -0.0494539    -9.7969 
             6.20094 -0.0272941  0.0876533  -0.011424 -0.00733078 -0.00929325  -0.0115062 -0.00677967   0.0221725 0.000207721     -0.011 -0.0232933  0.0441194  0.00301304 -0.00500032 -0.00306703 0.00507085 0.00155634  0.0117616 0.00326015  0.0011273 -0.0133925  -0.485425 -0.0500597   -9.79685 
             6.30037 -0.0424367  0.0728822 -0.0176386 -0.00693867 -0.00896135  -0.0118452 -0.00505303    0.022145 0.000132991 -0.0110001 -0.0232933    0.04412  0.00406219  -0.0019709 -0.00324409 0.00510261 0.00159534  0.0117711   0.0032564 0.000814938  -0.0133683  -0.485418 -0.0497622   -9.79686 
             6.40084 -0.0437503  0.0665783 -0.0275765 -0.00779914 -0.00801408 -0.00986715 -0.00275027   0.0247843 3.87222e-05 -0.0109999 -0.0232939  0.0441205 0.00130252 0.00202752 0.00407834 0.00510626 0.00160266  0.0117936   0.0036353 0.000392385  -0.0154164 -0.485875 -0.049376  -9.79683 
             6.50318 -0.00919317    0.102785 -0.00868364 -0.00966875 -0.00652743 -0.00842266 -0.000115266    0.0286457 -6.14738e-05 -0.0110004 -0.0232925  0.0441174 -0.00259277  0.00556327  0.00726984 0.00502325 0.00151943  0.0117442   0.00429304 -8.65334e-05   -0.0162549  -0.486536 -0.0489235    -9.7968 
             6.60132  0.00610681    0.104475 -0.00938223 -0.00931407 -0.00630704  -0.0082864 -0.000734711    0.0276165 -3.84862e-05 -0.0110003 -0.0232929  0.0441177 0.000396732  0.00368822  0.00697739 0.0049933 0.0015241 0.0117559 0.00413314 2.7249e-05 -0.0156962  -0.486358 -0.0490281   -9.79681 
              6.7009 0.00231524  0.0346301 -0.0206311 -0.00589719 -0.00667059 -0.00982141 -0.00207254   0.0217705 1.40618e-05 -0.0110038 -0.0232916  0.0441135   0.0112123 0.000608128 -0.00195547 0.00500258 0.00169788   0.011771  0.00315485 0.000273562  -0.0139634 -0.485349 -0.049252  -9.79686 
             6.80173   0.0184437   0.0928349 -0.00142385 -0.00885687  -0.0075499  -0.0120215 -0.00377497   0.0284494  0.00011317 -0.0110014 -0.0232905  0.0441103 -0.000250082  -0.00206026  -0.00710291 0.00497316 0.00156909   0.011731  0.00445428 0.000584157  -0.0120942  -0.486489 -0.0495216    -9.7968 
             6.90013 -0.0124617  0.0979144 -0.0132041  -0.0110335 -0.00941771  -0.0124341 -0.00676071   0.0319943 0.000259035  -0.011001 -0.0232915  0.0441073 -0.00515285 -0.00764826 -0.00635393 0.00504373 0.00156006  0.0117536 0.00508704 0.00112623 -0.0123207 -0.487101 -0.050035  -9.79677 
              7.0012 -0.0370721  0.0828908 -0.0248839 -0.0118105 -0.0094593  -0.011442 -0.00558604   0.0325712 0.000211105 -0.0110007 -0.0232937  0.0441082 -0.00529705 -0.00502473 -0.00149337 0.00509291 0.00159758  0.0117713  0.00512923 0.000908571  -0.0136302  -0.487204 -0.0498446   -9.79677 
             7.10073 -0.000117328    0.0702749  -0.00595573 -0.00837749 -0.00774805  -0.0101104 -0.00194213   0.0268734  4.2667e-05  -0.010999 -0.0232936  0.0441055 0.00724367 0.00153594 0.00312718 0.00501781 0.00163236  0.0117347  0.00403187 0.000240253  -0.0148636  -0.486226 -0.0492316   -9.79682 
             7.20206 -0.0421239  0.0871786 -0.0396076 -0.00658192 -0.00703028   -0.010209 -0.00119539   0.0253648 1.30339e-05 -0.0109992 -0.0232928  0.0441061  0.0113909 0.00389945 0.00193176 0.00511081 0.00160367  0.0118071     0.00377 0.000105185  -0.0145621  -0.485964 -0.0491019   -9.79683 
             7.30109 -0.00471689    0.092777  -0.0225773 -0.00697212 -0.00591725 -0.00969491  2.08385e-05    0.0276207 -2.68262e-05 -0.0109991 -0.0232924   0.044105 0.00843517 0.00550561 0.00328576 0.00503575 0.00159454  0.0117657   0.00417355 -0.000118018   -0.0147507  -0.486353 -0.0488911   -9.79681 
             7.40037  -0.00404796    0.0660687 -0.000495854 -0.00293426 -0.00654097 -0.00980763  -0.0018934   0.0232318 4.33273e-05 -0.0110002 -0.0232942  0.0441041   0.018181 0.00201978 0.00193876 0.00503984 0.00165325  0.0117274  0.00337926 0.000231657   -0.014545  -0.485597 -0.0492239   -9.79685 
             7.50044 -0.0561549  0.0654238  -0.073097 -0.00547994  -0.0068571 -0.00917224 -0.00272555   0.0291432  7.2008e-05 -0.0109995 -0.0232995  0.0441035 0.00601353 0.00152026  0.0031792 0.00514034 0.00164866  0.0118644  0.00445196 0.000381057  -0.0147513  -0.486617 -0.0493598    -9.7968 
             7.60013 -0.0155076  0.0684043 -0.0321444 -0.00684673 -0.00849753  -0.0101694 -0.00520733   0.0316831 0.000177009 -0.0110001 -0.0232996  0.0441042  0.00141564 -0.00437124 -0.00114466 0.00506667 0.00163957  0.0117851  0.00496289 0.000838448  -0.0138031 -0.487053 -0.049778  -9.79677 
             7.70034 -0.0485347  0.0546373 -0.0187198   -0.008052 -0.00960531  -0.0112857 -0.00620889   0.0332995  0.00021874  -0.011001 -0.0232981   0.044104 -0.00217068 -0.00588304 -0.00379335 0.00513824 0.00166708  0.0117679  0.0052935 0.00102536 -0.0130734  -0.487329 -0.0499444   -9.79676 
             7.80026  -0.0214731   0.0661383 -0.00699423 -0.00704653 -0.00930815  -0.0101566 -0.00498996   0.0318891 0.000171681  -0.011001 -0.0232975  0.0441038 0.00208072 -0.0034423 0.00102369  0.0050855 0.00165213  0.0117419  0.00498683 0.000798514  -0.0140962  -0.487091 -0.0497427   -9.79677 
             7.90165 -0.00850781   0.0951548  0.00198235   -0.011154  -0.0100134 -0.00993736 -0.00543408   0.0371884  0.00019409 -0.0110012 -0.0232963   0.044101 -0.00986251 -0.00432217  0.00152453 0.00507215 0.00159442   0.011728  0.00595938 0.000880784  -0.0140854  -0.488001 -0.0498097   -9.79673 
             7.99999  -0.0270496   0.0825824 -0.00321408  -0.0110453  -0.0087343 -0.00967919 -0.00317497   0.0359549 0.000123705 -0.0110018 -0.0232962   0.044102 -0.00635028  0.00151887  0.00157031 0.00510945 0.00162779  0.0117424 0.00572873 0.00046534 -0.0141755  -0.487788 -0.0494231   -9.79674 
             8.10065 -0.00880477   0.0738184  -0.0143856 -0.00925791 -0.00852172 -0.00976216 -0.00309414   0.0331662 0.000121051 -0.0110019 -0.0232951  0.0441014  0.00115135  0.00162174 0.000873702 0.00508195 0.00164924  0.0117571  0.00521987 0.000450766  -0.0140725  -0.487307 -0.0494109   -9.79676 
             8.20026 -0.0304246  0.0687936 -0.0152307 -0.00860887 -0.00883899 -0.00945032 -0.00375139   0.0326247 0.000140399 -0.0110017 -0.0232952  0.0441009  0.00337011 0.000214328  0.00147099 0.00512303  0.0016609  0.0117597  0.00511303 0.000571143  -0.0142319  -0.487215 -0.0495251   -9.79677 
             8.30035 -0.0093543   0.093143  0.0275613 -0.00766173 -0.00956654 -0.00998427 -0.00468384   0.0320107  0.00017058 -0.0110023 -0.0232957  0.0441012   0.00628832  -0.00236747 -0.000559921 0.00508422 0.00161827  0.0116769  0.00501753 0.000744921  -0.0138289  -0.487106 -0.0496837   -9.79677 
              8.4004  0.00685491   0.0955723 0.000830639 -0.00832225 -0.00949284  -0.0112394 -0.00424512   0.0334442 0.000155445 -0.0110021  -0.023297  0.0441006  0.00370047  -0.0017491 -0.00432334 0.00506264 0.00161439  0.0117372  0.00531639 0.000665894  -0.0130934  -0.487348 -0.0496029   -9.79676 
             8.50172  -0.0390915    0.074696 -0.00124915 -0.00642302  -0.0088439   -0.010016 -0.00342691   0.0318565 0.000126742 -0.0110015 -0.0232985  0.0441008  0.00902843  0.00136222 0.000595142  0.0051415 0.00166125  0.0117402  0.00497713 0.000509638     -0.0141  -0.487082 -0.0494672   -9.79677 
             8.60078  -0.047031  0.0725522 -0.0225295 -0.00796553 -0.00915386  -0.0111557 -0.00395893   0.0344004 0.000143698 -0.0110016 -0.0232992   0.044101  0.00222479 0.000547492 -0.00286422 0.00515971 0.00166712  0.0117793  0.00548263 0.000611444  -0.0133687  -0.487516 -0.0495557   -9.79675 
             8.70139  -0.0288932    0.100236 -0.00209898  -0.0104534 -0.00941504  -0.0102414 -0.00429127   0.0373681 0.000157628 -0.0110028 -0.0232974  0.0440997 -0.00442924 0.000247676 0.000289362 0.00512217 0.00161887  0.0117393  0.00600549 0.000671366  -0.0140125  -0.488032 -0.0496186   -9.79673 
             8.80067   -0.035267   0.0643057 -0.00118142 -0.00806666 -0.00794947 -0.00992856 -0.00267713   0.0345584 9.97129e-05 -0.0110024 -0.0232976  0.0440982 0.00387434 0.00510394 0.00143103 0.00513561 0.00168373  0.0117409  0.00547241 0.000368808  -0.0142078  -0.487548 -0.0493393   -9.79675 
             8.90085 0.00316825  0.0916254  -0.017672 -0.00820074 -0.00747545  -0.0101548 -0.00260814    0.035159 9.63723e-05 -0.0110022 -0.0232982  0.0440979  0.00345137   0.0038876 0.000243071 0.00506978 0.00163807  0.0117675  0.00559461 0.000356438  -0.0139955   -0.48765 -0.0493263   -9.79675 
             9.00219 0.00538989  0.0867729  -0.034935 -0.00974345 -0.00882297  -0.0108992 -0.00449983   0.0369417 0.000159056 -0.0110011 -0.0232992  0.0440981 -0.00107584 -0.00309803 -0.00103178 0.00506992 0.00164657  0.0117967  0.00594816 0.000710832  -0.0135633  -0.487956 -0.0496506   -9.79673 
             9.09783 -0.0137355  0.0641267  0.0156776 -0.00845905  -0.0101971   -0.011078 -0.00575409   0.0355718 0.000198185  -0.011003 -0.0233007  0.0440971  0.00338417 -0.00567458 -0.00105134 0.00511145 0.00168285  0.0117123  0.00569271 0.000944213  -0.0135304  -0.487719 -0.0498668   -9.79674 
             9.20052 -0.00340376   0.0877791 -0.00609761 -0.00901747 -0.00912863 -0.00990695 -0.00399774   0.0365279 0.000155566 -0.0110037  -0.023301  0.0440972   0.00142674 -0.000312581   0.00235958 0.00509637 0.00164591  0.0117563   0.0058414 0.000620609  -0.0141719  -0.487886 -0.0495746   -9.79673 
             9.30029 -0.0144652  0.0644112 -0.0005693 -0.00848909 -0.00970317  -0.0099611 -0.00448711   0.0361984 0.000168012 -0.0110037 -0.0233009  0.0440969  0.00305655 -0.00195492 0.000502603 0.00511649 0.00168563  0.0117462  0.00578474 0.000711197  -0.0140705  -0.48783 -0.049657  -9.79674 
             9.40024 -0.0177152  0.0700728 -0.0021257  -0.0102038 -0.00880506  -0.0108098   -0.003258   0.0380946 0.000142336 -0.0110039  -0.023301   0.044097 -0.00254146  0.00180281 -0.00241391 0.00512493  0.0016773  0.0117565   0.0061634 0.000480369  -0.0135691  -0.488152 -0.0494383   -9.79672 
             9.50037 -0.0151693  0.0600832 -0.0134821 -0.00971198  -0.0087186 -0.00991682  -0.0033176   0.0375064 0.000139863 -0.0110036 -0.0233007  0.0440969 0.000162072   0.0011271  0.00147157 0.00512792 0.00169322  0.0117783  0.0060259  0.0004916 -0.0141298  -0.488054 -0.0494551   -9.79673 
              9.6007 -0.0210881   0.083556 -0.0705512  -0.0105237 -0.00837765  -0.0100868 -0.00310639   0.0382823 0.000136828 -0.0110038 -0.0233018  0.0440965 -0.000812948   0.00139004  0.000588326 0.00514175 0.00165279  0.0118714  0.00618077 0.000451103  -0.0139553  -0.488187 -0.0494161   -9.79672 
             9.70165 -0.0129248  0.0761481  -0.028475  -0.0104323  -0.0083994 -0.00913448 -0.00330538   0.0381463 0.000143357 -0.0110041 -0.0233018  0.0440966 0.000471743 0.000204903  0.00390463 0.00512474 0.00167034  0.0118086  0.00613557 0.000487265  -0.0143814  -0.488168 -0.0494537   -9.79672 
              9.8016  0.0195459  0.0939883 -0.0372633 -0.00927331 -0.00848733 -0.00848066 -0.00342296   0.0372357 0.000145547 -0.0110044 -0.0233018  0.0440971   0.00424989 -0.000506209   0.00484979 0.00507221 0.00164522  0.0118223  0.00595641 0.000509102   -0.014536  -0.488013 -0.0494768   -9.79673 
             9.90039 -0.00742584   0.0735185   -0.022917 -0.00796386 -0.00964026   -0.009779  -0.0045134   0.0364199 0.000182373 -0.0110059 -0.0233014  0.0440964   0.00691317  -0.00324031 -0.000857995  0.0051206 0.00167771  0.0118048  0.00583841 0.000716304  -0.0137403  -0.487869 -0.0496594   -9.79673 
             10.0009  0.00574201   0.0891255 -0.00778264 -0.00768263   -0.010341  -0.0107697 -0.00480587    0.036792  0.00019312 -0.0110059 -0.0233011  0.0440963  0.00630772 -0.00448723 -0.00350724 0.00510588 0.00165424  0.0117837  0.00592743 0.000772806  -0.0133234   -0.48793 -0.0497047   -9.79673 
             10.1007 -0.0274478  0.0773107  0.0490846 -0.00474357  -0.0114357  -0.0105692 -0.00543782   0.0349722 0.000208245 -0.0110067 -0.0233043   0.044095   0.0137565 -0.00634525 -0.00217848 0.00515985 0.00167327  0.0116961  0.00556879 0.000888715  -0.0136215   -0.48762 -0.0498187   -9.79675 
             10.2006 -0.0489006  0.0521272 -0.0236954 -0.00417648 -0.00988148 -0.00982735 -0.00344905   0.0356774 0.000155767  -0.011011 -0.0233063  0.0440971    0.0123031 -0.000254784  0.000794597 0.00519222 0.00171503  0.0118117  0.00568537 0.000510655  -0.0140125  -0.487743 -0.0494796   -9.79674 
             10.3001   0.0215636   0.0788154 0.000469937 -0.00758671 -0.00944599  -0.0103553 -0.00293818     0.03933 0.000144248 -0.0110105 -0.0233079  0.0440944  0.000303594 -3.64271e-06  -0.00150552 0.00509146 0.00167067  0.0117799 0.00639526 0.00041398 -0.0136721   -0.48837 -0.0493883   -9.79671 
             10.4081 0.0278807  0.102047 0.0295057  -0.0103114   -0.010101 -0.00970904 -0.00347908   0.0415372 0.000174447 -0.0110117 -0.0233063  0.0440929 -0.00657472 -0.00254948 0.000861913 0.00508551 0.00164359  0.0117441  0.00680208 0.000517769  -0.0139749  -0.488752 -0.0494863   -9.79669 
             10.5008 -0.0282988  0.0592549 -0.0397759 -0.00887246  -0.0107648  -0.0101407 -0.00391194   0.0399159 0.000177267 -0.0110111 -0.0233028  0.0440908   -0.0013386  -0.00246112 -0.000427313   0.005161 0.00170658  0.0118497 0.00649967 0.00060126 -0.0137938  -0.488469 -0.0495578    -9.7967 
                10.6 -0.0238696  0.0865528 -0.0209165 -0.00919069  -0.0103734 -0.00992761 -0.00336275   0.0401267 0.000158074 -0.0110112 -0.0233029  0.0440908 -0.00124953 6.00803e-05 0.000151238 0.00515425 0.00167153  0.0118209  0.00653488 0.000495618  -0.0138992  -0.488507 -0.0494642    -9.7967 
             10.7004 0.00285261  0.0566059 -0.0453315  -0.0093093 -0.00929771  -0.0110892 -0.00241789   0.0401209 0.000131496 -0.0110125 -0.0233037  0.0440901 -0.00122425  0.00306123 -0.00366685 0.00512493  0.0017134  0.0118597  0.00655423 0.000314618  -0.0134105    -0.4885 -0.0492955    -9.7967 
             10.8007   -0.0066882    0.0861319 -0.000719976 -0.0088943 -0.0103521 -0.0108295 -0.00353369   0.0397941  0.00016461 -0.0110151 -0.0233043  0.0440902  0.00141557 -0.00161755 -0.00165202 0.00514197 0.00166784   0.011798  0.00647971 0.000527558  -0.0136699  -0.488448 -0.0494899   -9.79671 
             10.9004 -0.0317697  0.0449793 -0.0102078 -0.00678418 -0.00889565  -0.0108446   -0.002301   0.0383781 0.000141952 -0.0110145 -0.0233049  0.0440903  0.00726748  0.00338287 -0.00109022 0.00517839 0.00173197   0.011813 0.00620407 0.00029012 -0.0137474  -0.488203 -0.0492798   -9.79672 
              11.001  0.0139774  0.0764686 0.00788313 -0.00765646 -0.00909118  -0.0104109 -0.0027331  0.0395226 0.00014723 -0.0110152 -0.0233036  0.0440903  0.00342617  0.00124252 0.000763384 0.00511809 0.00168935  0.0117904  0.00641559 0.000372609  -0.0139524  -0.488403 -0.0493543   -9.79671 
             11.1017 -0.0112756   0.099086  -0.016254 -0.00855833 -0.00927376  -0.0104712 -0.00302904   0.0404161 0.000146708 -0.0110149  -0.023304  0.0440893 0.000658556  0.00085094  0.00010907 0.00516023  0.0016565  0.0118234  0.00659064 0.000429784  -0.0139002  -0.488556 -0.0494041    -9.7967 
             11.2016 0.0322371 0.0954707 0.0047786 -0.00949541 -0.00923755 -0.00906055 -0.00300037   0.0411707 0.000141122 -0.0110149 -0.0233026  0.0440893 -0.00180954 0.000249364  0.00447484 0.00509988 0.00166183  0.0117928  0.00671373 0.000421596  -0.0144402  -0.488693 -0.0494026   -9.79669 
             11.3005  0.0137839  0.0903558 -0.0226805  -0.0104971 -0.00952556 -0.00886821  -0.0032011   0.0417715 0.000141634 -0.0110148  -0.023303  0.0440893 -0.00424185  -0.0009439   0.0036136 0.00512468 0.00166657  0.0118318  0.00683547 0.000461152  -0.0143289  -0.488796 -0.0494365   -9.79669 
                11.4   0.0457376   0.0880486 -0.00122047   -0.010907 -0.00979373 -0.00880411 -0.00325732   0.0417816 0.000143097  -0.011015 -0.0233031  0.0440894 -0.00418173 -0.00222592   0.0041432 0.00508075  0.0016707   0.011805  0.00684364 0.000472737  -0.0141834  -0.488796 -0.0494446   -9.79669 
             11.5007 -0.0285872  0.0612283 -0.0238292 -0.00972115 -0.00926579  -0.0101117 -0.00279878   0.0406523  0.00014853 -0.0110169 -0.0232988  0.0440898  0.00111912 0.000567007 -0.00189878 0.00518913 0.00171535  0.0118363  0.00664933 0.000389731  -0.0135477 -0.488595  -0.04936   -9.7967 
             11.6005 0.000787776   0.0437283   -0.005828 -0.00745011 -0.00974942  -0.0110069 -0.00318096   0.0391716 0.000167284 -0.0110176 -0.0232996  0.0440888  0.00793591  -0.0022598 -0.00415978  0.0051473 0.00174685  0.0118049  0.00637308 0.000463759  -0.0133266  -0.488341 -0.0494216   -9.79671 
             11.7001 -0.0213625  0.0603384   -0.02215 -0.00590112  -0.0100193  -0.0115894 -0.00329468   0.0386378 0.000170779 -0.0110174 -0.0232993   0.044089  0.00967404 -0.00124021 -0.00437989  0.0051802 0.00172895  0.0118309  0.00627226 0.000486166  -0.0132598  -0.488249 -0.0494406   -9.79672 
             11.8007 -0.00874302   0.0664414 -0.00488323 -0.0082432 -0.0106365 -0.0116733 -0.00358661   0.0408255 0.000182693 -0.0110178 -0.0232982  0.0440877 0.000328344  -0.0025359 -0.00341929 0.00515935 0.00171805  0.0118097  0.00669358 0.000543161  -0.0133486  -0.488624 -0.0494907    -9.7967 
             11.9006   0.0151605   0.0751131 -0.00148161 -0.00829916  -0.0109087  -0.0110621 -0.00352623   0.0409511  0.00018267 -0.0110183 -0.0232973  0.0440876   0.00049538  -0.00333078 -0.000131817 0.00512649 0.00170797  0.0118065  0.00670319 0.000530871  -0.0136916  -0.488651 -0.0494836    -9.7967 
             12.0016 -0.0268165  0.0807927 0.00868034 -0.00829604   -0.011321  -0.0121736 -0.00360025   0.0410002 0.000185367 -0.011018 -0.023296 0.0440876  0.00116357 -0.00333636 -0.00397656 0.00517909 0.00170005  0.0117907  0.00672993 0.000547109  -0.0133024  -0.488654 -0.0494937    -9.7967 
             12.1008 -0.00420779   0.0686158 -0.00927053  -0.0089956 -0.00977382  -0.0117025 -0.00224951   0.0415516 0.000152629 -0.0110189 -0.0232961   0.044087 -0.000728648   0.00187562  -0.00116161 0.00514438 0.00171569  0.0118158    0.006826 0.000280484  -0.0135894  -0.488753 -0.0492631   -9.79669 
             12.2006 -0.00100287   0.0684777  -0.0444301  -0.0102099 -0.00898772  -0.0108976  -0.0018384   0.0422842 0.000141701 -0.0110195 -0.0232969   0.044087 -0.00329287  0.00348533   0.0016252 0.00514251 0.00171912  0.0118647 0.00695738 0.00019777 -0.0138991  -0.488883 -0.0491942   -9.79669 
             12.3004    -0.0193  0.0774047 -0.0470656 -0.00675427 -0.00955182 -0.00907321 -0.00255356    0.039941 0.000158789 -0.0110199 -0.0232967  0.0440874 0.00794625 0.00065023 0.00689646 0.00516819 0.00171397  0.0118667  0.00646588 0.000338053  -0.0145328 -0.488487 -0.049323  -9.79671 
             12.4032 0.0188277 0.0864861 0.0171397 -0.00805656 -0.00954392 -0.00988124 -0.00251117   0.0412155 0.000159102 -0.011019 -0.023295 0.0440868 0.00223973 0.00048527 0.00227463 0.00512287 0.00170308  0.0117837 0.00674336 0.00033182 -0.0139859    -0.4887 -0.0493103   -9.79669 
             12.5004 -0.0180739   0.103263  0.0042504 -0.00699599  -0.0107035  -0.0107521 -0.00334763   0.0407288  0.00018117 -0.0110189 -0.0232943  0.0440861  0.00560806 -0.00252797   -0.001637 0.00517304 0.00168525  0.0118018  0.00666182 0.000498661  -0.0136277  -0.488614 -0.0494522    -9.7967 
             12.5999 -0.0626864  0.0409616 0.00632194 -0.00662298  -0.0111982  -0.0105141 -0.00354323   0.0408197 0.000184843 -0.0110181 -0.0232949  0.0440857   0.00465517  -0.00247464 -0.000249417 0.00523297 0.00176652  0.0118077   0.0066746 0.000536778  -0.0137549  -0.488631 -0.0494867    -9.7967 
             12.7003  -0.0385394    0.070689 -0.00408046 -0.00675749  -0.0120741  -0.0103247 -0.00394909    0.041214 0.000197882 -0.0110179  -0.023295  0.0440859  0.00396013  -0.0044975 0.000164418 0.00520522 0.00172618  0.0118179  0.00675056 0.000617777  -0.0138227    -0.4887 -0.0495573   -9.79669 
             12.8006  -0.00770154     0.109567 -0.000874692 -0.00902611  -0.0110111  -0.0101642 -0.00292284   0.0428153 0.000162322 -0.0110181 -0.0232956  0.0440801  -0.00232086 -0.000254765  0.000384572  0.0051629 0.00167669  0.0118167  0.00707146 0.000409916  -0.0138252 -0.488977 -0.049379  -9.79668 
             12.9005 -0.0472443  0.0165932 -0.0477461 -0.00947926  -0.0103353  -0.0118479 -0.00250124    0.042833 0.000157833 -0.0110232 -0.0232945  0.0440809 -0.00400632  0.00233715 -0.00469284 0.00521742 0.00179993  0.0118814  0.00709708 0.000328711  -0.0132587 -0.488973 -0.049307  -9.79668 
             13.0016     0.037598    0.0596006 -0.000839124 -0.0100297 -0.0099749  -0.010508 -0.00235717   0.0429838 0.000157691 -0.0110246 -0.0232904  0.0440807 -0.00411175  0.00173892 0.000728544 0.00511527 0.00175054  0.0118233   0.0071008 0.000299674  -0.0138522  -0.489005 -0.0492844   -9.79668 
             13.1016 -0.0289205  0.0741309 -0.0146263  -0.0104797  -0.0106496 -0.00994773 -0.00293201   0.0430227 0.000175243 -0.0110251 -0.0232913  0.0440793  -0.00389984 -0.000109744   0.00234811 0.00519954 0.00173345  0.0118384  0.00710138 0.000415283  -0.0140083  -0.489014 -0.0493844   -9.79668 
             13.2016 0.000253487   0.0951644  -0.0181931 -0.00934352  -0.0107019 -0.00916672 -0.00293166   0.0422625 0.000170596 -0.0110256 -0.0232913  0.0440802   0.0014747 -0.00072704  0.00360385 0.00516361 0.00170967  0.0118448  0.00693913 0.000415436  -0.0141926  -0.488885 -0.0493868   -9.79668 
             13.3011 -0.0224868  0.0591698 -0.0141042 -0.0101874 -0.0109879 -0.0080775 -0.00306227   0.0427924  0.00017479 -0.0110249 -0.0232918  0.0440805 -0.00114214 -0.00145889  0.00629486 0.00519302 0.00175459   0.011842 0.00703784  0.0004414 -0.0143981   -0.48898 -0.0494105   -9.79668 
             13.4008 -0.0236808   0.071113  0.0157033  -0.0103533  -0.0108454 -0.00954719 -0.00289371   0.0428018 0.000170256 -0.0110247 -0.0232909  0.0440806 -0.000607368 -0.000157025 -0.000240918 0.00519667 0.00174015  0.0118027  0.00706951 0.000409339  -0.0137402  -0.488974 -0.0493762   -9.79668 
             13.5016  0.00541372   0.0804174 -0.00375429 -0.0115584 -0.0100736 -0.0106243 -0.00237854   0.0433976 0.000155685  -0.011025 -0.0232925  0.0440795 -0.00331552   0.0018364 -0.00363969 0.00516085 0.00173027  0.0118292 0.00720571 0.00030528 -0.0133953  -0.489072 -0.0492841   -9.79668 
             13.6007 -0.0288665   0.060669 0.00390171 -0.00978147  -0.0108887  -0.0104551 -0.00305236   0.0422424 0.000170488 -0.0110246 -0.0232932  0.0440777   0.00223419 -0.000159064  -0.00157615 0.00520524 0.00175611  0.0118175  0.00696278 0.000440042  -0.0135817  -0.488876 -0.0493998   -9.79669 
              13.701  -0.0202181   0.0795434 -0.00103301 -0.00879079   -0.011256 -0.00990954 -0.00324191   0.0418792 0.000174395 -0.0110248  -0.023293  0.0440779  0.00527906 -0.00195484  0.00037905 0.00518412 0.00173663  0.0118139  0.00687928 0.000478032  -0.0138034  -0.488816 -0.0494337   -9.79669 
             13.8005  -0.0165996   0.0987113 -0.00548972  -0.0100425  -0.0106714 -0.00972945 -0.00272297   0.0428589 0.000163709 -0.0110251 -0.0232934  0.0440768  0.000973042 -0.000181112  0.000741812 0.00517221 0.00171152  0.0118158  0.00707764 0.000372326  -0.0138245  -0.488984 -0.0493457   -9.79668 
             13.9016 -0.0585455  0.0474875 -0.0183973 -0.00987636  -0.0104954  -0.0107435 -0.00262084   0.0427991 0.000163561 -0.0110267 -0.0232923   0.044077  0.00137951  0.00175446 -0.00287648 0.00521847 0.00177049  0.0118293  0.00707902 0.000351572  -0.0134901   -0.48897 -0.0493259   -9.79668 
             14.0006 -0.0248988  0.0638235 -0.0185685 -0.00855395  -0.0105623  -0.0103773 -0.00276027   0.0421728  0.00015297 -0.0110269 -0.0232915  0.0440775   0.00427528 -0.000542964  0.000801696 0.00518137 0.00175794  0.0118336  0.00694274 0.000381944  -0.0136708 -0.488864 -0.049352  -9.79669 
             14.0999  -0.0525453    0.068309 -0.00935151 -0.0100876  -0.010818 -0.0105336 -0.00291056   0.0431528 0.000170958 -0.0110269 -0.0232908  0.0440771   -0.0010675 -0.000301286 -0.000226088 0.00521809 0.00175564   0.011824  0.00714653 0.000412776  -0.0135897   -0.48903 -0.0493775   -9.79668 
             14.2004 -0.0104565  0.0811327  -0.017325 -0.00991585  -0.0112891 -0.00980595 -0.00314111   0.0430335 0.000171126 -0.0110273   -0.02329  0.0440777 0.000147537  -0.0019645  0.00243871 0.00516972 0.00173951  0.0118311  0.00711441 0.000461049  -0.0138085  -0.489014 -0.0494182   -9.79668 
             14.3006  -0.0428093   0.0823277 -0.00462612 -0.00865922  -0.0123397  -0.0104293 -0.00366921    0.042426 0.000164144 -0.0110275 -0.0232898  0.0440773   0.00433107   -0.0038679 -0.000833079 0.00521209 0.00173999  0.0118191  0.00699903 0.000566991  -0.0135826  -0.488908 -0.0495067   -9.79668 
             14.4005 -0.033855 0.0710056 0.0275151 -0.00811022  -0.0113901  -0.0103395  -0.0029213   0.0423934 0.000148579 -0.0110262 -0.0232899  0.0440775   0.00497192  0.000625735 -0.000572134 0.00520327 0.00175128   0.011788  0.00699145 0.000413657   -0.013622  -0.488903 -0.0493794   -9.79668 
             14.5007 -0.00415152    0.115438  -0.0291818 -0.0109834 -0.0100244 -0.0112116 -0.00214999   0.0440828 0.000144871 -0.0110271 -0.0232942  0.0440731 -0.00348292  0.00423952 -0.00304906 0.00516318 0.00169598  0.0118533  0.00735375 0.000250575  -0.0133457   -0.48919 -0.0492432   -9.79667 
             14.6007 -0.0275051  0.0703221  -0.030986 -0.00878102 -0.00999277  -0.0121899 -0.00241339   0.0428475 0.000144518 -0.0110274 -0.0232926  0.0440707    0.004337  0.00332899 -0.00530162  0.0051938 0.00175322  0.0118561  0.00710156 0.000306184  -0.0131909  -0.488974 -0.0492881   -9.79668 
             14.7004   0.0322494   0.0809592 -0.00369843 -0.00802698 -0.00942329   -0.010283   -0.002258   0.0427608 0.000143623 -0.0110277 -0.0232887  0.0440706   0.005939 0.00267244 0.00243622 0.00512654 0.00174347  0.0118259  0.00705207 0.000273056  -0.0138699  -0.488963 -0.0492644   -9.79668 
             14.8006 -0.0202982  0.0607095  0.0129601 -0.00757637  -0.0108918  -0.0110258 -0.00323018   0.0427872 0.000180982 -0.0110297 -0.0232873  0.0440675   0.00584349  -0.00185233 -0.000728443 0.00518691 0.00176585  0.0118039  0.00706831 0.000480077  -0.0136073  -0.488965 -0.0494326   -9.79668 
             14.9018    -0.0209   0.100178 -0.0055859 -0.00919142  -0.0119363  -0.0105273 -0.00367173   0.0438291 0.000192242   -0.01103 -0.0232879  0.0440657 0.000410062 -0.00396185   0.0008193 0.00518699 0.00172156  0.0118297  0.00728247 0.000572782  -0.0137466  -0.489147 -0.0495101   -9.79667 
                  15 0.00275118  0.0661727 -0.0132989 -0.00711159  -0.0108053 -0.00989819 -0.00284918   0.0429197 0.000171578 -0.0110304 -0.0232871  0.0440644  0.00568571 0.000523221  0.00221594 0.00515587 0.00176416  0.0118394  0.00708135 0.000397108  -0.0139134  -0.488991 -0.0493678   -9.79668 
             15.1003  0.00458027   0.0735117 -0.00931791   -0.00749 -0.0113526 -0.0113205 -0.00311831   0.0433436 0.000177317 -0.0110303 -0.0232875  0.0440644  0.00361435  -0.0014393 -0.00290524 0.00515443 0.00175595  0.0118357  0.00719215 0.000456763   -0.013457   -0.48906 -0.0494118   -9.79668 
             15.2004 -0.0373689  0.0996426 -0.0449618 -0.00786651  -0.0107252  -0.0119253 -0.00273967   0.0436946 0.000166752 -0.0110308 -0.0232876   0.044065  0.00214636   0.0011644 -0.00377212 0.00520476 0.00172782  0.0118765  0.00727114 0.000376592  -0.0133614   -0.48912 -0.0493456   -9.79667 
             15.3002 -0.0642855  0.0396093 -0.0388157 -0.00818543  -0.0115117  -0.0115103 -0.00325126   0.0438884 0.000170262 -0.0110296 -0.0232884  0.0440644 0.000392003 -0.00102468 -0.00114728 0.00523411 0.00179679  0.0118692  0.00730536 0.000483969  -0.0135728  -0.489158 -0.0494351   -9.79667 
             15.4003 0.0025529 0.0516819 0.0192456 -0.00770519  -0.0113799   -0.011551 -0.00312215   0.0436886 0.000168668 -0.0110292 -0.0232889   0.044064   0.00170235 -0.000740189 -0.000995779 0.00516274 0.00178444  0.0118077  0.00726159 0.000455749  -0.0135966  -0.489123 -0.0494128   -9.79667 
             15.5013  -0.0118858   0.0802902 -0.00474927 -0.00906433  -0.0113885   -0.011145 -0.00309449   0.0443887 0.000164759 -0.0110297 -0.0232888   0.044063  -0.00229193 -0.000336041  0.000498644 0.00517954 0.00175263  0.0118363    0.007407 0.000449257   -0.013716  -0.489246 -0.0494062   -9.79667 
             15.6007 -0.0567289  0.0675555  0.0049872 -0.00824187  -0.0113022  -0.0107721 -0.00307295   0.0439422 0.000165325 -0.0110297 -0.0232894   0.044063 0.000485609  0.00117254  0.00172063 0.00522912  0.0017665  0.0118227  0.00730737 0.000443743  -0.0138116  -0.489171 -0.0494029   -9.79667 
             15.7003 -0.00761935   0.0577764  0.00520534 -0.00882607  -0.0104626  -0.0102744 -0.00266553   0.0442388 0.000157485 -0.0110297 -0.0232892  0.0440623 -0.00115343  0.00317071  0.00241148 0.00517407 0.00177498  0.0118243  0.00736838 0.000355974  -0.0138837  -0.489223 -0.0493327   -9.79667 
             15.8004 -0.0334507  0.0662023 0.00192295 -0.00806078  -0.0109717  -0.0105359  -0.0030827   0.0438699 0.000165793 -0.0110293 -0.0232889  0.0440622  0.00176251 0.000658882  0.00118945 0.00520266 0.00176418  0.0118299  0.00729416 0.000445844  -0.0137579  -0.489157 -0.0494039   -9.79667 
             15.9016  -0.0468778   0.0592084 -0.00400959 -0.00948796  -0.0105792  -0.0110153 -0.00293589    0.044543 0.000162945 -0.0110295 -0.0232888  0.0440627 -0.00236339  0.00207453 -0.00103929 0.00521751 0.00176888  0.0118332 0.00744603 0.00041523 -0.0135941   -0.48927 -0.0493798   -9.79667 
             16.0004 -0.0460861  0.0756526 -0.0135189 -0.0081866  -0.010019 -0.0098922 -0.00282424   0.0439272 0.000162638 -0.0110301 -0.0232884  0.0440631 0.00273141 0.00333637 0.00251523 0.00521634 0.00175368  0.0118477  0.00729937 0.000389826   -0.013915   -0.48917 -0.0493594   -9.79667 
             16.1003   0.0221362   0.0808695 -0.00488307 -0.00712212 -0.00940818   -0.010223 -0.00264491    0.043587 0.000158032 -0.0110299   -0.02329  0.0440625 0.00417775 0.00391621 0.00199217 0.00514305 0.00174907  0.0118396  0.00723188 0.000350603  -0.0137578  -0.489109 -0.0493276   -9.79667 
                16.2  -0.0648621   0.0691668 -0.00392955 -0.00734184  -0.0103012  -0.0110058 -0.00331592    0.043847  0.00017609 -0.0110304 -0.0232884  0.0440597  0.00231297  0.00213889 -0.00223662 0.00523401 0.00176606  0.0118403  0.00729714 0.000496984  -0.0135448   -0.48915 -0.0494434   -9.79667 
             16.3009 -0.0652418  0.0681612 -0.0462523 -0.00722514  -0.0103196  -0.0118243 -0.00342555   0.0439204 0.000177359 -0.0110303 -0.0232884  0.0440597  0.00328928  0.00223128 -0.00566019 0.00523445 0.00176559  0.0118825  0.00731868 0.000521798  -0.0134111   -0.48916 -0.0494626   -9.79667 
             16.4004 -0.0291635  0.0577459 -0.0137463 -0.00771206  -0.0108918  -0.0109491  -0.0037902   0.0442306 0.000180033 -0.0110302 -0.0232868  0.0440608   0.00078927 -0.000490569  0.000167311 0.00519608 0.00177744   0.011851  0.00737588 0.000600919  -0.0137325   -0.48922 -0.0495251   -9.79667 
             16.5002 -0.0216728  0.0688541 -0.0316153 -0.0062507 -0.0102413 -0.0126227 -0.00345881   0.0436787 0.000183154 -0.0110297 -0.0232873  0.0440607  0.00521543  0.00169564 -0.00490996 0.00518475 0.00176581  0.0118675  0.00726903 0.000532081  -0.0133237  -0.489117 -0.0494728   -9.79667 
             16.6007 -0.0231367  0.0926495 -0.0262992 -0.00991032  -0.0105724  -0.0120335 -0.00370537   0.0453659 0.000154351 -0.0110307 -0.0232868  0.0440584 -0.00582604 0.000436099 -0.00168258 0.00519231 0.00174104  0.0118625  0.00763472 0.000583139  -0.0135611  -0.489414 -0.0495079   -9.79666 
             16.7025 -0.0224456  0.0782284 0.00741072 -0.0099779  -0.012016 -0.0117218  -0.0044094   0.0451478 0.000172758  -0.011032 -0.0232873  0.0440581  -0.00443594  -0.00363594 -0.000397096 0.00519282 0.00175746  0.0118282  0.00758061 0.000737013   -0.013688  -0.48938 -0.049629  -9.79666 
                16.8  0.0223868  0.0908124 -0.0114177 -0.0094802 -0.0110906 -0.0101402 -0.00379345   0.0448291 0.000165014 -0.0110326 -0.0232855  0.0440569  -0.00169184 -0.000266025   0.00494843 0.00514841 0.00174594  0.0118523  0.00749349 0.000598703   -0.014072  -0.489328 -0.0495237   -9.79666 
             16.9008  -0.027381  0.0537717 -0.0151178 -0.00802971  -0.0123962 -0.00966589 -0.00439412   0.0441845  0.00018026  -0.011032 -0.0232854  0.0440536  0.00317089 -0.00424122  0.00505599 0.00519592 0.00178474  0.0118511  0.00734976 0.000730613  -0.0140805  -0.489218 -0.0496276   -9.79667 
             17.0018 -0.0278539    0.07641 0.00830504 -0.0090027  -0.011572 -0.0100593 -0.00383087   0.0447062 0.000165446 -0.0110305 -0.0232842  0.0440539  0.000146776 -4.32627e-05     0.002052 0.00519826 0.00176285  0.0118292  0.00747492 0.000608315  -0.0138522  -0.489304 -0.0495297   -9.79666 
             17.1011 -0.0348563  0.0503828 0.00941193 -0.00778603  -0.0108485 -0.00983906 -0.00354119   0.0442342 0.000160218 -0.0110306 -0.0232842  0.0440537 0.00342019 0.00254129 0.00227457 0.00520589 0.00179026  0.0118274  0.00736985 0.000543913  -0.0138604  -0.489224 -0.0494806   -9.79667 
             17.2009 -0.0175838  0.0755297 -0.0243329 -0.00815717  -0.0109857 -0.00958579 -0.00371024   0.0445073 0.000162837 -0.0110301 -0.0232847  0.0440536 0.00201136 0.00160798 0.00215677 0.00519404 0.00176663  0.0118656  0.00743086 0.000581426  -0.0138639  -0.489271 -0.0495095   -9.79666 
              17.301 -0.0503289   0.087353 -0.0445711 -0.00870479   -0.010481  -0.0101285 -0.00358086   0.0447819 0.000160123 -0.0110299 -0.0232845  0.0440536  9.2466e-06  0.00411808 5.88384e-05 0.00523168 0.00175517  0.0118884  0.00749982 0.000553388  -0.0136802  -0.489315 -0.0494871   -9.79666 
             17.4004 -0.0628086  0.0620492 -0.0659356 -0.00800162  -0.0110918  -0.0101401 -0.00403182   0.0445038 0.000167404 -0.0110293 -0.0232842  0.0440529  0.00163762  0.00192875 0.000324997 0.00524243 0.00177921   0.011903   0.0074377 0.000655112  -0.0136851 -0.489268 -0.049565  -9.79666 
             17.5015 -0.00347988   0.0745251  -0.0145796 -0.00867814  -0.0113713 -0.00891004 -0.00418681   0.0448492  0.00016943 -0.0110301 -0.0232812  0.0440536 -0.000188921 -0.000180776   0.00354793 0.00517917 0.00176696   0.011853   0.0075052 0.000688902  -0.0139581  -0.489332 -0.0495897   -9.79666 
             17.6007 -0.0521037  0.0857368  0.0148461 -0.00909069  -0.0126604  -0.0100002 -0.00473203   0.0449832 0.000180042 -0.0110313 -0.0232796  0.0440524 -0.000673484  -0.00345143 -0.000692466 0.00522837 0.00175629  0.0118205  0.00754822 0.000816104  -0.0136255  -0.489353 -0.0496861   -9.79666 
              17.701 -0.00531734   0.0927146   0.0140869 -0.0115547 -0.0121259 -0.0110018 -0.00431692   0.0458706 0.000163904 -0.0110308 -0.0232801  0.0440506 -0.00667554 -0.00125613 -0.00358442 0.00518208 0.00174648  0.0118217  0.00776038 0.000723168  -0.0133905  -0.489501 -0.0496114   -9.79665 
             17.8017  -0.0614905   0.0367229 -0.00277988 -0.00802274  -0.0117313  -0.0123802 -0.00417452   0.0443154 0.000169903 -0.0110324 -0.0232775  0.0440466  0.00483107  0.00131601 -0.00645603 0.00524015  0.0018068  0.0118392 0.00741082 0.00069073 -0.0131899  -0.489229 -0.0495911   -9.79667 
             17.9011 -0.0648395   0.057295  0.0252667 -0.00990015  -0.0117095  -0.0119869 -0.00422875   0.0451851 0.000175914 -0.0110328 -0.0232772  0.0440464 -0.00178517  0.00188285 -0.00340699 0.00524527 0.00178619  0.0118123  0.00760076 0.000703341  -0.0134075   -0.48938 -0.0496004   -9.79666 
                  18 -0.00775767   0.0896018  -0.0151256 -0.0109804 -0.0126849 -0.0107968 -0.00468405   0.0455497  0.00019324 -0.0110332  -0.023275  0.0440479 -0.00366185 -0.00198363  0.00121582 0.00518956 0.00175283  0.0118502  0.00766955 0.000808976  -0.0137543  -0.489447 -0.0496796   -9.79666 
             18.1008 0.0177727 0.0799524 0.0212851  -0.0103307  -0.0122866 -0.00944394 -0.00442811   0.0452124 0.000185827  -0.011033 -0.0232743  0.0440475 -0.000624136 -0.000267474   0.00515769 0.00516299 0.00176458  0.0118103  0.00757962 0.000749319  -0.0140294  -0.489393 -0.0496336   -9.79666 
             18.2016 0.00543067  0.0816815  0.0044367 -0.00772377  -0.0111773 -0.00930078 -0.00396541   0.0442942 0.000178522 -0.0110334 -0.0232734   0.044048  0.0075353 0.00268387  0.0038415  0.0051765 0.00176575  0.0118271  0.00736954 0.000642051  -0.0139616  -0.489235 -0.0495512   -9.79667 
             18.3007 -0.0332675   0.102575 -0.0101346 -0.00798419  -0.0110786  -0.0106492 -0.00402836   0.0446576 0.000179527 -0.0110327 -0.0232704  0.0440476  0.00595297  0.00243268 -0.00171123 0.00521514 0.00174328  0.0118444  0.00747117 0.000660591   -0.013569  -0.489294 -0.0495624   -9.79666 
             18.4003 -0.0206876  0.0903935 -0.0104922 -0.00757084   -0.010845 -0.00951857 -0.00404702   0.0447313 0.000179202 -0.0110322 -0.0232707  0.0440477 0.00617353 0.00271446 0.00227546 0.00520579 0.00175611  0.0118435 0.00747651 0.00066358 -0.0138425  -0.489308 -0.0495682   -9.79666 
             18.5015  -0.0581825   0.0490947 -0.00105921 -0.00527935  -0.0105832 -0.00949425 -0.00409201   0.0441216 0.000181566 -0.0110326 -0.0232709   0.044046  0.0102406 0.00276614 0.00302624  0.0052439 0.00180361  0.0118359  0.00733582 0.000673404  -0.0138029  -0.489203 -0.0495738   -9.79667 
             18.6016 -0.0393595  0.0782615 -0.0201225 -0.00976563  -0.0118546  -0.0100835  -0.0046801   0.0460027 0.000201103 -0.0110318 -0.0232722  0.0440451  -0.00493327 -0.000345292 -0.000507907 0.00522135 0.00177325  0.0118516 0.00778461 0.00081036 -0.0135862  -0.489524 -0.0496752   -9.79665 
             18.7002 -0.0148772  0.0812011 -0.0154863 -0.0124906 -0.0118375 -0.0114015 -0.00463655   0.0467675 0.000202417 -0.0110312 -0.0232734  0.0440444  -0.0112661 0.000825563 -0.00534705 0.00519394 0.00176701  0.0118461  0.00797452 0.000799944  -0.0132984 -0.489651 -0.049667  -9.79665 
             18.8017 -0.0121334   0.056576 0.00495148 -0.0111522 -0.0109512  -0.011588 -0.00431994   0.0459447 0.000206943 -0.0110305 -0.0232745  0.0440431 -0.00418088  0.00268151 -0.00452505 0.00519057 0.00179445  0.0118199  0.00777832 0.000724148  -0.0133871  -0.489511 -0.0496123   -9.79665 
             18.9004  -0.0174797   0.0685117 -0.00929406   -0.01033 -0.0112187  -0.011739 -0.00454536   0.0455351 0.000219886 -0.0110305 -0.0232746  0.0440433 -2.70945e-05  0.000907249  -0.00380454 0.00519878 0.00178197  0.0118336  0.00767731 0.000777243  -0.0134613  -0.489441 -0.0496518   -9.79666 
             19.0005 -0.0423195  0.0775452   0.010571  -0.010437 -0.0119297 -0.0117287 -0.00488342   0.0455658 0.000222868  -0.011031 -0.0232751  0.0440423 7.76084e-05 -0.00119731 -0.00273927 0.00522014 0.00177459  0.0118114 0.00768121  0.0008581 -0.0135468  -0.489448 -0.0497111   -9.79666 
             19.1002 -0.0298169  0.0965821 -0.0150331 -0.0101459 -0.0119411  -0.010975 -0.00487173     0.04549 0.000224969 -0.0110316 -0.0232747  0.0440424   0.00181172 -0.000690938  0.000557778 0.00521186 0.00175859  0.0118385   0.0076542 0.000852983  -0.0137623  -0.489438 -0.0497085   -9.79666 
             19.2003 -0.0177834   0.053061 0.00381913 -0.00700505  -0.0128147  -0.0105145 -0.00519528   0.0445201 0.000243964 -0.0110313 -0.0232751  0.0440409   0.0097477 -0.00320315  0.00197859 0.00520532 0.00180006  0.0118232  0.00741113 0.000930304  -0.0138704  -0.489267 -0.0497648   -9.79666 
             19.3006  -0.038745  0.0758404 -0.0143844 -0.00892755  -0.0124424  -0.0107994 -0.00492646   0.0454701 0.000229007 -0.0110315 -0.0232754  0.0440413    0.0014488 -0.000345074  0.000354253 0.00523121 0.00177756  0.0118418  0.00764886 0.000865923  -0.0137542  -0.489434 -0.0497182   -9.79666 
             19.4031 -0.0223441  0.0970215   0.021918 -0.00974592  -0.0112719   -0.010696 -0.00446283    0.045819  0.00021436 -0.0110305 -0.0232749  0.0440401 -0.000422161   0.00350549  0.000129577  0.0052188 0.00175518  0.0118125  0.00773391 0.000753163  -0.0137613  -0.489495 -0.0496374   -9.79665 
             19.5006 -0.0197412  0.0665363 -0.0231729 -0.00925227  -0.0114072  -0.0101918 -0.00464391   0.0456441 0.000216018 -0.0110296 -0.0232744  0.0440399  0.0014428 0.00149146  0.0017987 0.00521646 0.00178557  0.0118535  0.00768754 0.000797017  -0.0138613  -0.489466 -0.0496691   -9.79665 
             19.6022 -0.0385555  0.0613429 -0.0241447 -0.00891888  -0.0110282  -0.0110533 -0.00457817   0.0455744 0.000215751   -0.01103 -0.0232738    0.04404  0.00241508  0.00223594 -0.00118487 0.00523476 0.00178992  0.0118539  0.00767859 0.000781875  -0.0136483  -0.489451 -0.0496571   -9.79666 
              19.702 -0.0244165  0.0943203  -0.019271 -0.00874045  -0.0110519  -0.0112006 -0.00468676   0.0455973 0.000218059 -0.0110301 -0.0232738  0.0440401  0.00289582  0.00173544 -0.00116252 0.00522053 0.00176097  0.0118468  0.00768436 0.000808238  -0.0136455  -0.489455 -0.0496759   -9.79665 
             19.8009 -0.0378939  0.0952717  -0.019035 -0.0101497 -0.0117195 -0.0108709 -0.00500633   0.0461406 0.000228709 -0.0110304 -0.0232737  0.0440395  -0.00161309 -0.000178267  0.000366766 0.00522987 0.00176195  0.0118482  0.00781345 0.000885615  -0.0137306   -0.48955 -0.0497303   -9.79665 
             19.9016  -0.031747  0.0590874 -0.0157394  -0.0084139  -0.0116624 -0.00999087 -0.00499004   0.0455423 0.000222484 -0.0110295 -0.0232739  0.0440382  0.00358828 0.000346815  0.00245359 0.00522339 0.00179219  0.0118433  0.00765994 0.000881045  -0.0139193   -0.48945 -0.0497291   -9.79665 
             20.0016 -0.0196848   0.101746  0.0158445 -0.00621129  -0.0114171  -0.0110512 -0.00489952   0.0449928 0.000216512 -0.0110284 -0.0232748  0.0440389  0.00967574  0.00103035 -0.00181746 0.00521138 0.00175135   0.011808  0.00753626 0.000858823  -0.0136696  -0.489353 -0.0497146   -9.79666 
             20.1004 -0.0168121   0.102409 0.00226223 -0.00732125  -0.0119968  -0.0110287 -0.00511662   0.0456543 0.000225956 -0.0110283 -0.0232747  0.0440388  0.00463366 -0.00119137 -0.00167071 0.00521466 0.00174877  0.0118238   0.0076991 0.000913039  -0.0136985  -0.489469 -0.0497511   -9.79665 
             20.2006     -0.04416    0.0537228 -0.000128764 -0.00611636  -0.0125396   -0.010596 -0.00528922    0.045422  0.00022608 -0.0110273 -0.0232751  0.0440377  0.00704815 -0.00263342 0.000510495 0.00524212 0.00179516  0.0118291  0.00763615 0.000955621  -0.0138176  -0.489429 -0.0497816   -9.79666 
             20.3005 -0.0138003  0.0934395 -0.0104342 -0.0099602 -0.0113432 -0.0103458 -0.00476041   0.0468158 0.000220876 -0.0110278 -0.0232762  0.0440348 -0.0049635 0.00171681 0.00124748 0.00521376  0.0017573   0.011838   0.0079863 0.000821346  -0.0138246  -0.489674 -0.0496886   -9.79664 
             20.4016 -0.0312646  0.0915738 -0.0015077 -0.0110739 -0.0115446 -0.0104443 -0.00491383   0.0469885 0.000225901 -0.0110278 -0.0232761  0.0440346 -0.00621678  0.00138574 0.000206828 0.00523405 0.00176139  0.0118315  0.00803184 0.000860018  -0.0137809  -0.489703 -0.0497154   -9.79664 
             20.5008  0.00137228    0.100799 -0.00512587 -0.0115595 -0.0119423 -0.0115394 -0.00508379   0.0469428 0.000227729 -0.0110274 -0.0232769   0.044035  -0.00554997 -0.000355744  -0.00315511 0.00520503 0.00175448  0.0118327   0.0080295 0.000902278  -0.0135648  -0.489693 -0.0497434   -9.79664 
             20.6005 -0.0144397  0.0695339 -0.0103921  -0.0102805  -0.0114371 -0.00985815 -0.00490956   0.0464102 0.000219482 -0.0110257 -0.0232776   0.044034 -0.00054066  0.00151182  0.00341357  0.0052221 0.00178486  0.0118363  0.00787936 0.000856961  -0.0139627  -0.489604 -0.0497143   -9.79665 
             20.7017   -0.033646   0.0808749 -0.00221202  -0.0088672  -0.0113867 -0.00970476 -0.00495491   0.0459848 0.000219354 -0.0110257 -0.0232777  0.0440339 0.00381623 0.00098554 0.00290469 0.00524079 0.00177345  0.0118275  0.00777323 0.000868037  -0.0139376  -0.489531 -0.0497215   -9.79665 
             20.8003 -0.0186311  0.0805817 0.00278517 -0.00833159  -0.0126242  -0.0109999 -0.00540785   0.0459191 0.000225519 -0.0110255 -0.0232783  0.0440343  0.00463507 -0.00313198 -0.00187278 0.00523001 0.00177257  0.0118212  0.00776915 0.000982286  -0.0136178  -0.489516 -0.0497967   -9.79665 
             20.9018 -0.0471565  0.0725309 -0.0208885  -0.0063638  -0.0110192 -0.00955037 -0.0047937  0.0454321 0.00022491  -0.011026 -0.0232788  0.0440353  0.0077875 0.00317789 0.00540937 0.00525391 0.00178408  0.0118418 0.00763973 0.00083123 -0.0139041   -0.48944 -0.0496963   -9.79666 
             21.0015 -0.0495776  0.0730639 -0.0184839 -0.00756329  -0.0111435 -0.00937994 -0.00495124   0.0460465  0.00021519 -0.0110259  -0.023279   0.044035  0.0027408 0.00231191 0.00475624 0.00525932 0.00178641  0.0118426  0.00778907 0.000869478  -0.0138261  -0.489537 -0.0497216   -9.79665 
             21.1001 -0.0119885  0.0775933 -0.0027458  -0.0101202  -0.0121877 -0.00909382 -0.00536046   0.0469123 0.000198136 -0.0110264 -0.0232785  0.0440358 -0.00610033  -0.0018633  0.00603735 0.00522466  0.0017838  0.0118256  0.00799684 0.000967036  -0.0137483  -0.489673 -0.0497864   -9.79664 
             21.2007 0.00566604  0.0728227  0.0114637 -0.0116042  -0.011452 -0.0101695  -0.0049999   0.0472222 0.000212277 -0.0110257 -0.0232798  0.0440347 -0.00853094 0.000798427  0.00111559 0.00520983 0.00178652  0.0118123  0.00807455 0.000882622  -0.0134244  -0.489711 -0.0497292   -9.79664 
             21.3006 -0.0112567  0.0714259 -0.0293245 -0.0104011 -0.0114064 -0.0095757 -0.00501407   0.0465967 0.000202254 -0.0110256  -0.023279  0.0440347 -0.00220734  0.00024885  0.00256848 0.00522607 0.00178681  0.0118454  0.00792766 0.000886431  -0.0135261  -0.489618 -0.0497329   -9.79665 
             21.4016  -0.0162113   0.0738317 -0.00278789 -0.00901037   -0.011297  -0.0110474 -0.00499716   0.0461116 0.000193439 -0.0110254 -0.0232784  0.0440348   0.00310206 -1.91974e-05  -0.00270297 0.00523335 0.00178615  0.0118227   0.0078229 0.000880357  -0.0132108  -0.489536 -0.0497265   -9.79665 
             21.5006 -0.00318269   0.0883025 -0.00821799 -0.00824932  -0.0115232  -0.0113105 -0.00508097   0.0459806 0.000191451 -0.0110254 -0.0232784   0.044035  0.00516173 -0.00114016 -0.00244641 0.00522171 0.00177681   0.011824  0.00779108 0.000900851  -0.0132134  -0.489515 -0.0497404   -9.79665 
             21.6016 -0.0131013   0.082187 0.00659828 -0.0070646 -0.0121016 -0.0109983 -0.00525663     0.04578 0.000190478 -0.0110255 -0.0232789  0.0440347    0.0075095  -0.00214396 -0.000937115 0.00523139 0.00178352  0.0118099  0.00773631 0.000945524  -0.0133258  -0.489483 -0.0497718   -9.79665 
             21.7014 -0.0102724   0.093872  0.0123518 -0.00716816  -0.0119648 -0.00881281 -0.00512132   0.0460577 0.000192458 -0.0110258 -0.0232787  0.0440346   0.00536329 -0.000821892   0.00628981 0.00522871  0.0017751  0.0118047  0.00778847 0.000913569  -0.0137472  -0.489534 -0.0497562   -9.79665 
             21.8013 -0.00420341    0.093666 -0.00487732 -0.00921343  -0.0113209  -0.0083753 -0.00485357   0.0468001 0.000193872 -0.0110264 -0.0232797  0.0440348 -0.00164715   0.0015192  0.00543244 0.00522252 0.00177695  0.0118199   0.0079848 0.000842881  -0.0136989 -0.489662 -0.049709  -9.79664 
             21.8998 -0.018166 0.0830136  0.011953 -0.00582116  -0.0119081  -0.0100484 -0.00510663   0.0458042 0.000196221 -0.0110272 -0.0232799   0.044034  0.00880688 -0.00065342 -0.00126413 0.00523286  0.0017861  0.0118055   0.0077373 0.000909372  -0.0133165  -0.489486 -0.0497467   -9.79665 
             21.9999 -0.00351735   0.0792837  -0.0160439 -0.00863385  -0.0119745  -0.0100791  -0.0050723   0.0468242 0.000194308 -0.0110274 -0.0232821  0.0440349  -0.00113643  -0.00109518 -0.000731135    0.00522 0.00178968  0.0118291  0.00800953 0.000899966   -0.013311  -0.489664 -0.0497425   -9.79664 
             22.1004  -0.0332112   0.0849521 -0.00082819 -0.0107695 -0.0120645 -0.0113569 -0.00506968   0.0473647 0.000192051 -0.0110271 -0.0232806  0.0440349 -0.00608671  -0.0007517 -0.00451295 0.00524492 0.00178443  0.0118197  0.00816318 0.000901795  -0.0130823  -0.489757 -0.0497424   -9.79664 
             22.2018 -0.0436446  0.0862029 -0.0313965 -0.0144346  -0.012201 -0.0117212 -0.00510362   0.0481939 0.000187877 -0.011027 -0.023282 0.0440347  -0.0142292 -0.00032292 -0.00410377 0.00525306 0.00178376  0.0118451  0.00838326 0.000909836  -0.0130824    -0.4899 -0.0497489   -9.79663 
             22.3008 -0.0147604   0.089978  0.0020297 -0.0122083 -0.0124092 -0.0111212 -0.00518795   0.0472271 0.000193467 -0.0110278 -0.0232827  0.0440359  -0.00362932 -0.000846969  -0.00144541 0.00523071 0.00178278  0.0118181  0.00811743 0.000931055  -0.0132931  -0.489735 -0.0497637   -9.79664 
             22.4017 -0.00170086   0.0736677  0.00639148 -0.0119456 -0.0114086  -0.010713 -0.00485223   0.0470696 0.000186636 -0.0110272 -0.0232825   0.044035 -0.00195224  0.00254929 0.000615456 0.00521777 0.00179705  0.0118113    0.008071 0.000840482  -0.0133905  -0.489708 -0.0497055   -9.79664 
             22.5023 -0.0266378   0.119284  0.0177457 -0.0133919 -0.0126415 -0.0106407  -0.0053077   0.0474267 0.000193872 -0.0110278 -0.0232822  0.0440331 -0.00457981 -0.00165741 0.000863376 0.00523961 0.00175858  0.0118037  0.00816717 0.000963267  -0.0133885   -0.48977 -0.0497846   -9.79664 
             22.6005 -0.0268545  0.0898259  0.0189053  -0.0102826  -0.0121729 -0.00919396 -0.00514505   0.0465077 0.000198867 -0.0110269  -0.023283  0.0440322  0.00682283 1.35084e-05   0.0046316 0.00523967 0.00178303  0.0118028  0.00790864 0.000916104  -0.0136509  -0.489613 -0.0497555   -9.79665 
             22.7007 -0.0365933  0.0511278 -0.0238684 -0.00885978  -0.0125919  -0.0081576 -0.00529428   0.0462989 0.000201942 -0.0110253 -0.0232825  0.0440312  0.00877811 -0.00161643  0.00716964 0.00524824 0.00181496  0.0118396  0.00784883 0.000954961  -0.0137522  -0.489578 -0.0497806   -9.79665 
             22.7997 -0.0441438  0.0789472  0.0322282 -0.00899487  -0.0134487 -0.00940436 -0.00551031    0.046547 0.000208559 -0.0110248 -0.0232815  0.0440308  0.00688838 -0.00311671 0.000732525 0.00525237 0.00179446  0.0117923 0.00793308 0.00101615 -0.0134002  -0.489619 -0.0498188   -9.79665 
             22.8999 -0.0438639  0.0955746 0.00400872 -0.00924379  -0.0121513 -0.00982854 -0.00503438   0.0467983 0.000190111 -0.0110246 -0.0232817  0.0440302   0.00476555    0.0024253 -0.000410254 0.00524976  0.0017828  0.0118125  0.00800594 0.000888209  -0.0133033  -0.489664 -0.0497379   -9.79664 
             23.0037 -0.0363391  0.0858311 -0.0227184 -0.00977564  -0.0111926  -0.0106923 -0.00481588   0.0470543 0.000184157 -0.0110253 -0.0232831  0.0440295  0.00199031  0.00545917 -0.00337835 0.00524504 0.00179165  0.0118354   0.0080823 0.000828311  -0.0131566  -0.489708 -0.0497011   -9.79664 
             23.1016 -0.055882 0.0703816 0.0252761 -0.0070862 -0.0123115 -0.0106213 -0.00532748    0.046405 0.000195559 -0.0110274 -0.0232854  0.0440281   0.0089758 0.000629119 -0.00234616 0.00526301 0.00180203  0.0117943  0.00790091 0.000965124  -0.0132358  -0.489595 -0.0497851   -9.79665 
             23.2012 0.0137634  0.109005 0.0249697 -0.00867748  -0.0112969  -0.0106969 -0.00498726     0.04707 0.000202577 -0.0110268 -0.0232846  0.0440246  0.00264156  0.00232396 -0.00182578 0.00520261 0.00176993  0.0117945  0.00808135 0.000873045  -0.0132392  -0.489709 -0.0497287   -9.79664 
             23.3003 -0.0203678  0.0662069 0.00336893 -0.00999634  -0.0111938  -0.0103815  -0.0050314   0.0474618 0.000210081 -0.0110261 -0.0232857  0.0440258 -0.00215082  0.00271648 0.000602881 0.00522655 0.00180533  0.0118099  0.00818735 0.000885887  -0.0133072  -0.489777 -0.0497379   -9.79664 
             23.4003   0.0244281   0.0943972 0.000162634  -0.0100621  -0.0110489 -0.00884133 -0.00501839   0.0474494 0.000212531 -0.0110275  -0.023284   0.044026  0.000426062 -0.000141098   0.00301118  0.0051861 0.00178454  0.0118071  0.00817514 0.000885147    -0.01358  -0.489778 -0.0497384   -9.79664 
             23.5017 -0.00353886   0.0389058  -0.0853884 -0.00838812  -0.0116355  -0.0107614 -0.00518904   0.0469972 0.000207303 -0.0110296 -0.0232792  0.0440241  0.00404186 -0.00253698 -0.00216903  0.0052071 0.00183496  0.0118763  0.00805904 0.000931275    -0.01318  -0.489692 -0.0497617   -9.79664 
              23.601  -0.0574897   0.0915302 -0.00162229 -0.00919804  -0.0132506   -0.010572 -0.00559555   0.0473205 0.000240335 -0.0110331 -0.0232787  0.0440203   0.00122102  -0.00568619 -0.000968896 0.00525092  0.0017912  0.0118063 0.00814602 0.00104612 -0.0132449  -0.489748 -0.0498345   -9.79664 
             23.7015 -0.0221838  0.0886683 0.00787931 -0.00911598  -0.0139076  -0.0097416 -0.00558999   0.0473485 0.000243429 -0.0110334  -0.023278  0.0440204  0.00147278 -0.00578489  0.00158987 0.00522033  0.0017944  0.0118009 0.00814646 0.00105042 -0.0134042  -0.489754 -0.0498398   -9.79664 
             23.8009  -0.057817  0.0901844 -0.0116728 -0.00828421  -0.0129606  -0.0100334  -0.0051548   0.0471964 0.000220217 -0.0110337 -0.0232777  0.0440217  0.00383318 -0.00058662 0.000270333 0.00524748 0.00179405  0.0118172   0.0081073 0.000928872  -0.0133253  -0.489725 -0.0497649   -9.79664 
             23.9001 -0.032464 0.0967883 0.0168405 -0.00935661  -0.0132009 -0.00924155 -0.00519366   0.0475782 0.000239707 -0.0110339 -0.0232764  0.0440217 0.000612229 -0.00126208  0.00222317 0.00522484 0.00178888   0.011792   0.0082091 0.000942112  -0.0134534  -0.489792 -0.0497723   -9.79664 
             24.0016 -0.00889776   0.0811785   0.0235366 -0.00783026   -0.011785 -0.00936633 -0.00476057   0.0472206 0.000221974  -0.011034 -0.0232772  0.0440193 0.00525464 0.00299679 0.00112415 0.00520709 0.00180228  0.0117853  0.00810884 0.000817162  -0.0134002  -0.489729 -0.0496966   -9.79664 
             24.1016 -0.0300945  0.0637614 -0.0098726 -0.00876369  -0.0106473 -0.00949725 -0.00453503   0.0475745 0.000223214 -0.0110352 -0.0232781  0.0440206  0.00114663  0.00592385 0.000407369 0.00522297 0.00181698  0.0118117  0.00821294 0.000752399  -0.0133493  -0.489791 -0.0496573   -9.79664 
              24.202 0.0147887  0.102838 -0.039881 -0.00979149 -0.00995843  -0.0101752  -0.0044846   0.0478634 0.000221536 -0.0110346 -0.0232802  0.0440195 -0.00164866   0.0063954 -0.00172912 0.00518507 0.00178446  0.0118385  0.00830276 0.000736507  -0.0132187 -0.489842 -0.049648  -9.79664 
             24.2999  -0.0349679   0.0682119 0.000559757 -0.00859887  -0.0121754  -0.0102925 -0.00531994   0.0475218 0.000242506 -0.0110375 -0.0232817  0.0440141  0.00214927 -0.00159293 -0.00175803 0.00522598 0.00181405  0.0118066  0.00820208 0.000974627  -0.0132417   -0.48978 -0.0497919   -9.79664 
             24.4002 0.0106879  0.100442 0.0137997 -0.00775548  -0.0126756 -0.00960195 -0.00538965   0.0473972 0.000246355 -0.0110385 -0.0232812  0.0440148  0.00447602 -0.00335122 0.000806362 0.00519237 0.00178761  0.0117989  0.00815958 0.000993979  -0.0133884  -0.489759 -0.0498049   -9.79664 
             24.5007 -0.006523  0.092235 0.0096557 -0.00811942  -0.0125639  -0.0104064 -0.00524968   0.0475975 0.000242153 -0.0110385 -0.0232808   0.044015   0.0028267 -0.00244146 -0.00181725 0.00520596 0.00179402  0.0118033  0.00822363 0.000955657  -0.0132339  -0.489792 -0.0497803   -9.79664 
             24.6006 -0.0710723  0.0797237 -0.0160111 -0.0092628 -0.0122817 -0.0110686 -0.00512918   0.0479362 0.000239697 -0.0110391 -0.0232804  0.0440162 -0.000834933  0.000145069   -0.0032186 0.00525652 0.00180529  0.0118233  0.00832537 0.000922173  -0.0131477   -0.48985 -0.0497595   -9.79663 
             24.7039 -0.0633261  0.0749392 0.00199378 -0.00866377  -0.0120857  -0.0104329 -0.00509768   0.0477752 0.000237973 -0.0110388 -0.0232808  0.0440161   0.00159486  0.000935597 -0.000268623 0.00525245 0.00180965  0.0118117  0.00827295 0.000912272  -0.0133051 -0.489824 -0.049755  -9.79664 
             24.8016  -0.0209831   0.0662694 -0.00258708 -0.00979198  -0.0114161  -0.0101986 -0.00492843   0.0480758 0.000241378 -0.0110388 -0.0232807  0.0440154 -0.00213154  0.00268441 0.000686074 0.00521714  0.0018195  0.0118152  0.00835912 0.000863664  -0.0133382  -0.489876 -0.0497266   -9.79663 
             24.9005 -0.0150909  0.0965701 -0.0142619 -0.00941985  -0.0114137  -0.0114019 -0.00499991   0.0479391 0.000238007 -0.0110375 -0.0232816  0.0440159 -5.79238e-05   0.00233571  -0.00359702 0.00521148 0.00179605  0.0118258  0.00832797 0.000882892  -0.0131366  -0.489851 -0.0497385   -9.79663 
             25.0005 -0.0538055  0.0913622  0.0176106 -0.00907431  -0.0115373  -0.0117237 -0.00510462   0.0478645  0.00023849 -0.0110378 -0.0232819  0.0440156  0.00115015  0.00191433 -0.00371079 0.00523843 0.00180031  0.0117985  0.00830558 0.000913172  -0.0131447  -0.489838 -0.0497563   -9.79664 
             25.1004 -0.0403405  0.0661987 -0.0466476 -0.00858502   -0.010804  -0.0113676 -0.00495858   0.0477866 0.000235839 -0.0110381 -0.0232814  0.0440154  0.00270988  0.00333264 -0.00121706 0.00522652 0.00182201  0.0118497  0.00827785 0.000870738  -0.0132619  -0.489826 -0.0497311   -9.79664 
                25.2 -0.0148355  0.0588625  -0.045085 -0.00771236  -0.0108433  -0.0122077   -0.005053   0.0476333 0.000235937 -0.0110383 -0.0232819  0.0440155  0.00428434   0.0017093 -0.00352853 0.00520535 0.00182887  0.0118449  0.00823649 0.000898967  -0.0131485 -0.489798 -0.049748  -9.79664 
             25.3004 -0.00373984    0.122012  0.00102724 -0.00824924  -0.0116288  -0.0103359 -0.00531258   0.0478888 0.000250169 -0.0110446 -0.0232798  0.0440149 0.00270673 -0.0020471 0.00370606 0.00519606  0.0017823  0.0118098  0.00829683 0.000976719   -0.013507  -0.489847 -0.0497921   -9.79663 
             25.4001 0.0230386 0.0798358 0.0155651 -0.00950169  -0.0111205 -0.00986465 -0.00510777   0.0482302 0.000252097  -0.011044 -0.0232788  0.0440151 -0.00233394 5.85635e-05  0.00494198 0.00517962 0.00181648  0.0118026 0.00839961 0.00091611 -0.0135125 -0.489905 -0.049755  -9.79663 
             25.5005 0.0220609 0.0861113  0.013229 -0.00946225  -0.0111699 -0.00952423 -0.00511136   0.0481612 0.000251299  -0.011044 -0.0232788  0.0440151  -0.00236193 -0.000588657   0.00473853 0.00518433 0.00181123  0.0118062  0.00837974 0.000916944  -0.0134876  -0.489893 -0.0497555   -9.79663 
             25.6012 0.0370741 0.0975941 0.0159852 -0.0100702 -0.0115872 -0.0106847 -0.00517101   0.0482679 0.000251508 -0.0110437 -0.0232784   0.044015  -0.00290359  -0.00343243 -0.000751264 0.00517318 0.00180331  0.0118046  0.00841494 0.000933126  -0.0132277  -0.489905 -0.0497596   -9.79663 
             25.6976 -0.0346231  0.0734052  0.0269949   -0.010072  -0.0133213 -0.00991542 -0.00559589   0.0481883 0.000218446 -0.0110428 -0.0232808  0.0440108 -0.00192073 -0.00607121  0.00191073 0.00523164 0.00182015  0.0117979 0.00839047 0.00105516 -0.0133728  -0.489894 -0.0498331   -9.79663 
                25.8 -0.00572231   0.0512985   0.0080784 -0.00882458  -0.0129476 -0.00936194 -0.00534824   0.0478556 0.000228676 -0.0110433   -0.02328  0.0440099   0.0025439 -0.00335062   0.0016379 0.00521014 0.00183768  0.0118115   0.0082901 0.000981163  -0.0134459  -0.489841 -0.0497912   -9.79664 
             25.9005 -0.0118687  0.0833283   0.014609 -0.00871779  -0.0120595 -0.00982686 -0.00503983   0.0478935 0.000235541 -0.0110428 -0.0232803  0.0440094   0.00258486  0.000350595 -0.000270765 0.00521498 0.00181404  0.0118032  0.00830439 0.000887008  -0.0133435  -0.489848 -0.0497356   -9.79663 
             26.0002 -0.0342932  0.0934773 0.00306526 -0.0107145 -0.0118965 -0.0105733 -0.00500502    0.048383 0.000219508 -0.0110422 -0.0232805  0.0440083 -0.00336687  0.00194294 -0.00266893  0.0052341 0.00180747  0.0118173  0.00846478 0.000878173  -0.0132189 -0.489935 -0.049732  -9.79663 
             26.1011 -0.0396351  0.0726634 0.00499528 -0.0076349 -0.0127145 -0.0117597 -0.00527551   0.0476441 0.000242049 -0.0110426 -0.0232798  0.0440069   0.00623979 -0.000836611  -0.00563403 0.00523995 0.00182482  0.0118174  0.00823126 0.000965141  -0.0130898  -0.489796 -0.0497749   -9.79664 
             26.2004 0.00609673  0.0875389 -0.0199517 -0.00801475  -0.0111489  -0.0108851 -0.00483743   0.0478921 0.000227374 -0.0110438 -0.0232784  0.0440041  0.00382281  0.00369659 -0.00160299 0.00520552 0.00181148   0.011839  0.00830012 0.000823664   -0.013309  -0.489845 -0.0496974   -9.79664 
             26.2998 -0.0176756   0.111384 0.00733149 -0.00825105  -0.0121701  -0.0119413 -0.00517955   0.0480281 0.000235937 -0.0110441 -0.0232779  0.0440035   0.00297492 -0.000357477  -0.00451986 0.00522659 0.00179366  0.0118179  0.00835016 0.000933385  -0.0131639  -0.489866 -0.0497593   -9.79663 
             26.4005 -0.0210638   0.097615  0.0129114 -0.00906207  -0.0116866  -0.0105624 -0.00505447   0.0482813 0.000230708 -0.0110432 -0.0232779  0.0440037  0.00107881 0.000727718  0.00107478 0.00523097 0.00180398   0.011812  0.0084199  0.0008928 -0.0134417  -0.489914 -0.0497388   -9.79663 
             26.5008 0.00741541  0.0768204 0.00706154 -0.00760251  -0.0108693  -0.0100273 -0.00487838   0.0479936 0.000231183 -0.0110429 -0.0232776  0.0440026 0.00475523 0.00232541  0.0025676 0.00520962 0.00182186  0.0118192  0.00832529 0.000835875  -0.0135109  -0.489864 -0.0497068   -9.79663 
                26.6 -0.00619081   0.0845391   0.0178078 -0.00927189  -0.0121962  -0.0102398 -0.00525338   0.0484324 0.000240941 -0.0110434  -0.023277  0.0440023 -0.00123325 -0.00166564  0.00138701 0.00522257 0.00181647  0.0118142  0.00846793 0.000955276  -0.0134316  -0.489939 -0.0497738   -9.79663 
             26.6997 -0.022667  0.110699 0.0293866 -0.00862334  -0.0135149  -0.0103462  -0.0055436   0.0482811 0.000245685 -0.0110437 -0.0232771   0.044002   0.0016133 -0.00482051  0.00107051 0.00523682  0.0017968  0.0118079 0.00842103 0.00104568 -0.0133964  -0.489911 -0.0498229   -9.79663 
             26.8013 -0.0416332  0.0486456  0.0210934 -0.0079419 -0.0135612  -0.010009  -0.0054471     0.04816 0.000244709 -0.0110435 -0.0232773  0.0440019  0.00221353 -0.00276302   0.0019494  0.0052511 0.00184566  0.0118173 0.00838209 0.00101526 -0.0134352 -0.489891 -0.049806  -9.79663 
             26.8998 -0.067593 0.0845758 0.0201174 -0.00710802  -0.0124714  -0.0104006 -0.00511943    0.048047 0.000241872 -0.0110433 -0.0232767   0.044003   0.00468539   0.00251896 -0.000189627 0.00527189 0.00181769  0.0118219  0.00835069 0.000915986  -0.0133447  -0.489875 -0.0497502   -9.79663 
             27.0005  -0.0341589   0.0977036 -0.00102881 -0.00714975  -0.0124543  -0.0103715 -0.00516994   0.0481667 0.000240081 -0.0110432  -0.023277   0.044003    0.004205  0.00156065 0.000404791 0.00524692  0.0018094  0.0118376  0.00838796 0.000931674  -0.0133437  -0.489894 -0.0497597   -9.79663 
             27.1014 0.00326869  0.0861339  0.0415524 -0.0109927 -0.0118944 -0.0101223 -0.00502445   0.0490675 0.000219099 -0.0110425 -0.0232741  0.0440022 -0.00707847  0.00249646 0.000745205  0.0052205 0.00181793  0.0118092  0.00866854 0.000890217  -0.0133537  -0.490047 -0.0497446   -9.79662 
             27.2016 -0.00288975   0.0688799 -0.00654985 -0.00841027  -0.0115074 -0.00918457 -0.00502386   0.0483607 0.000237475 -0.0110418 -0.0232715  0.0440008 0.00207097 0.00254802 0.00388765 0.00522782 0.00183095  0.0118494   0.0084422 0.000887251  -0.0135044   -0.48993 -0.0497368   -9.79663 
             27.3004 -0.0164646  0.0783936 0.00718205 -0.00903154  -0.0115349  -0.0107138 -0.00508144   0.0485304 0.000237193 -0.0110416 -0.0232701  0.0440007  3.1839e-05  0.00212751 -0.00255463 0.00524008 0.00182486  0.0118399   0.0085078 0.000908273  -0.0132133  -0.489956 -0.0497489   -9.79663 
             27.4006 0.00763599  0.0986655 -0.0157044 -0.00915296   -0.010621  -0.0105298  -0.0048947   0.0485763 0.000233476 -0.0110422   -0.02327  0.0440005 0.000139098  0.00386581 -0.00163714  0.0052199 0.00180993   0.011857  0.00851939 0.000848412  -0.0132802  -0.489966 -0.0497174   -9.79663 
              27.501   0.0186045   0.0734373 -0.00197464 -0.0100241 -0.0107865 -0.0103427 -0.00500408   0.0487585 0.000238154 -0.0110423 -0.0232697  0.0440008   -0.0025055   0.00193746 -0.000697739 0.00521658 0.00182641  0.0118506  0.00857681 0.000885046  -0.0133286  -0.489997 -0.0497386   -9.79663 
             27.6016 0.0169612 0.0981024 0.0187211 -0.0103286 -0.0123568 -0.0106693 -0.00540293   0.0487797 0.000248849 -0.0110436 -0.0232696  0.0440002 -0.00156776 -0.00375717  -0.0018908 0.00521801 0.00180723  0.0118361 0.00858453 0.00101688 -0.0132913  -0.489999 -0.0498089   -9.79663 
             27.7016 0.00181311   0.107218  0.0329704 -0.00891754  -0.0126857  -0.0113756 -0.00539759   0.0484736 0.000249703 -0.0110434 -0.0232699  0.0440006  0.00353831 -0.00434396 -0.00313786 0.00522767  0.0018035  0.0118259 0.00848513 0.00101437  -0.013218  -0.489944 -0.0498054   -9.79663 
             27.8015 -0.000717067    0.0834474     0.043635 -0.00953872  -0.0142519  -0.0115895 -0.00565286   0.0486576  0.00024912 -0.0110436 -0.0232697  0.0440006  0.00119744 -0.00868016  -0.0028422 0.00523263 0.00182213  0.0118173 0.00854578 0.00110064 -0.0132335  -0.489975 -0.0498524   -9.79663 
             27.8998 0.000460622    0.073349 -0.00490801 -0.00825979  -0.0130442 -0.00995053 -0.00518214   0.0484347 0.000250201 -0.0110457 -0.0232685  0.0440002  0.00367949 -0.00224431  0.00289934 0.00522902  0.0018323   0.011849  0.00846052 0.000943274  -0.0135279  -0.489942 -0.0497744   -9.79663 
             28.0013 -0.0367175  0.0896827  0.0145689 -0.00854855  -0.0130471  -0.0114254 -0.00512808   0.0485611 0.000253362 -0.0110449 -0.0232666  0.0440004   0.0017026  -0.0010368 -0.00287645 0.00525418 0.00181917  0.0118369  0.00851328 0.000924248  -0.0132579  -0.489963 -0.0497597   -9.79663 
             28.0997 -0.0284748  0.0874957 -0.0022455 -0.0115002 -0.0121264 -0.0113403  -0.0048662   0.0491861 0.000285156 -0.0110453 -0.0232676  0.0440002  -0.00716774    0.0022817 -0.000871014 0.00524691 0.00182031  0.0118475 0.00872249 0.00083944 -0.0132871  -0.490075 -0.0497206   -9.79662 
             28.2008 -0.00975487   0.0652815  0.00379082 -0.00970537  -0.0115039  -0.0103986 -0.00478223   0.0486919 0.000272417 -0.0110448 -0.0232665  0.0439993 0.000855597  0.00312029  0.00121118 0.00522863 0.00183388   0.011839 0.00855631 0.00081272 -0.0134645  -0.489995 -0.0497054   -9.79663 
             28.3004  0.0286718  0.0930442 -0.0392559  -0.0101533  -0.0106237 -0.00980728 -0.00463196   0.0488081  0.00027871 -0.0110456 -0.0232662  0.0439979 0.000526732  0.00380481  0.00264776 0.00520099 0.00181197  0.0118711  0.00859322 0.000763284  -0.0135295  -0.490017 -0.0496805   -9.79663 
             28.3999  -0.0406225   0.0831821 -0.00735906 -0.0114795 -0.0121205 -0.0105766 -0.00507005   0.0490631 0.000283099 -0.0110472  -0.023264  0.0439947  -0.00334145  -0.00119678 -0.000186033 0.00525237 0.00182099  0.0118506  0.00868443 0.000912683  -0.0133784  -0.490058 -0.0497575   -9.79662 
             28.5004 -0.00166454   0.0792185 -0.00579057 -0.0117463 -0.0126405 -0.0106575 -0.00514967    0.049048 0.000285312 -0.0110473 -0.0232641  0.0439948 -0.00324979 -0.00288701 2.12053e-07 0.00522364 0.00182537  0.0118483 0.00867951 0.00094023 -0.0133714  -0.490056 -0.0497718   -9.79662 
             28.6006 -0.0314707  0.0605847  0.0143956 -0.00957516  -0.0132816  -0.0107194 -0.00525129   0.0485634 0.000284394 -0.0110477 -0.0232656  0.0439936   0.00367046  -0.00330624 -0.000503886 0.00524173 0.00183947  0.0118289  0.00851235 0.000973111  -0.0133794  -0.489971 -0.0497904   -9.79663 
             28.7017   -0.0486581    0.0722773 -0.000973665 -0.00904939  -0.0125718  -0.0109578 -0.00502161   0.0485483 0.000277589 -0.0110479 -0.0232655  0.0439944  0.00427886  0.00047291 -0.00117834 0.00525583 0.00183021   0.011842 0.00850835 0.00089587 -0.0133506  -0.489968 -0.0497506   -9.79663 
             28.8006 -0.00595725   0.0905929  -0.0202801  -0.010211 -0.0125588 -0.0111406 -0.00500746   0.0488676 0.000278492 -0.0110479 -0.0232664  0.0439936  0.00110352  -0.0007923 -0.00147755 0.0052238 0.0018182 0.0118569  0.00861819 0.000890513  -0.0133316  -0.490023 -0.0497473   -9.79663 
             28.8997 -0.0130997  0.0413249  0.0430614 -0.00741958  -0.0124864  -0.0101562 -0.00500114   0.0483516 0.000272699 -0.0110466 -0.0232688  0.0439918   0.00847064 -0.000830958   0.00234971  0.0052301 0.00185534  0.0118097  0.00843489 0.000884821  -0.0135063  -0.489936 -0.0497449   -9.79663 
             29.0016 -0.0182577  0.0860465  0.0286848 -0.00872652  -0.0139051  -0.0108727 -0.00529908   0.0487582 0.000292533 -0.0110456 -0.0232688  0.0439904   0.00349736  -0.00452096 -0.000811779 0.0052371 0.0018198 0.0118191    0.008581 0.000986121  -0.0133645  -0.490004 -0.0497958   -9.79663 
             29.1016 -0.0574072   0.100782 0.00507428 -0.00923323  -0.0127196  -0.0111445 -0.00494949   0.0489256 0.000284046 -0.011047 -0.023269 0.0439923  0.00148684  0.00168459 -0.00151123 0.00526371 0.00181136  0.0118363  0.00864066 0.000867501  -0.0133334  -0.490035 -0.0497366   -9.79663 
             29.2004   -0.0524824     0.073935 -6.69155e-05 -0.00681472  -0.0117072  -0.0101295 -0.00477856   0.0485033 0.000267247 -0.0110468 -0.0232678  0.0439915 0.00750611 0.00489649 0.00228325 0.00525963 0.00183272  0.0118419  0.00848465 0.000808274  -0.0135116  -0.489964 -0.0497048   -9.79663 
             29.3002 -0.0266941  0.0509926   0.011086 -0.00769867  -0.0118519 -0.00996738 -0.00489128   0.0488123 0.000279842  -0.011047 -0.0232675   0.043993 0.00274782 0.00299607 0.00190067  0.0052447 0.00184861  0.0118358  0.00859364 0.000849068  -0.0134986  -0.490017 -0.0497272   -9.79663 
             29.4008 0.00905785   0.107253  0.0241023 -0.00993918  -0.0123763  -0.0110343 -0.00503453   0.0492936 0.000290734 -0.0110454 -0.0232684  0.0439915 -0.00321646 2.39031e-05 -0.00201943  0.005221 0.0018061 0.0118284  0.00877257 0.000899535  -0.0133056  -0.490099 -0.0497562   -9.79662 
             29.5013 -0.0100526  0.0674317 0.00387862 -0.0120439 -0.0125665 -0.0111239 -0.00507203   0.0496182 0.000293575 -0.0110453 -0.0232687  0.0439921  -0.00773552 -0.000564571  -0.00185666 0.00523414 0.00183707  0.0118435  0.00888673 0.000913498  -0.0133131 -0.490155 -0.049765  -9.79662 
             29.6005 -0.00642673   0.0634761   0.0258656 -0.0109755 -0.0128266 -0.0109977 -0.00513548   0.0492733 0.000296388 -0.0110453 -0.0232694  0.0439915  -0.00231729  -0.00181806 -0.000549739 0.00523003 0.00184229  0.0118289  0.00876315 0.000933419  -0.0133664 -0.490096 -0.049773  -9.79662 
             29.7014 -0.0223626  0.0957923   0.029261 -0.0110419  -0.013468 -0.0100771 -0.00525237   0.0492545 0.000299912 -0.0110463 -0.0232703  0.0439911 -0.00110658 -0.00288293  0.00233502 0.00524344 0.00181977  0.0118247  0.00874956 0.000972721  -0.0135106  -0.490093 -0.0497934   -9.79662 
             29.8005 -0.00738595    0.117786   0.0366428  -0.0108346  -0.0131072 -0.00989419 -0.00510848   0.0492051 0.000297169 -0.0110462 -0.0232704  0.0439911  0.00044225 -0.00104435  0.00250296 0.00523085 0.00180458  0.0118171   0.0087328 0.000921628  -0.0135024  -0.490086 -0.0497678   -9.79662 
             29.9015 -0.0537463  0.0610098 -0.0320241 -0.00821291  -0.0124029 -0.00980353 -0.00496252   0.0487291 0.000296979 -0.0110477 -0.0232671  0.0439897 0.00684303 0.00247962 0.00199716 0.00526321 0.00184622  0.0118662  0.00856252 0.000869413  -0.0134906  -0.490004 -0.0497381   -9.79663 
             30.0013  0.0201601   0.106126 0.00816221 -0.0075989 -0.0120455 -0.0100062 -0.00490794   0.0487653 0.000294242 -0.011047 -0.023268 0.0439889  0.00764927  0.00180799 0.000343629 0.00520586 0.00181431  0.0118347  0.0085779 0.00084892 -0.0134326  -0.490011 -0.0497279   -9.79663 
             30.1004 -0.0677008  0.0926108 -0.0105888 -0.00809112  -0.0122603  -0.0109619 -0.00500689   0.0489958  0.00030044 -0.0110472  -0.023266  0.0439884 0.00532654 0.00160344 -0.0033098 0.00526825 0.00182493  0.0118457  0.00866558 0.000884814  -0.0132871  -0.490049 -0.0497457   -9.79662 
             30.1998 -0.00798802   0.0959379   0.0244275 -0.00800743  -0.0120487  -0.0109457 -0.00498331   0.0490831 0.000301532 -0.0110471 -0.0232654  0.0439884  0.00481065 0.000833676 -0.00197482 0.00522466 0.00182149  0.0118164  0.00869523 0.000877067  -0.0133312  -0.490064 -0.0497424   -9.79662 
             30.3015 -0.00604467   0.0490181   0.0116792 -0.00522354  -0.0120038  -0.0111874  -0.0050046    0.048663 0.000299241  -0.011047 -0.0232655  0.0439863   0.0115722 0.000302078 -0.00279356  0.0052242 0.00185677   0.011827  0.00854016 0.000882897  -0.0133399   -0.48999 -0.0497446   -9.79663 
             30.3997  -0.0413472   0.0731833 0.000908026 -0.00565786  -0.0119177  -0.0111063 -0.00499744   0.0489453 0.000304895 -0.0110471 -0.0232661   0.043986  0.00694159 0.000957723 -0.00092259 0.00524656 0.00184279  0.0118336  0.00864307 0.000880824   -0.013378   -0.49004 -0.0497443   -9.79663 
             30.5009 -0.0271454  0.0880824   0.027097 -0.00686986   -0.012214  -0.0106715 -0.00507179   0.0492876 0.000323197 -0.0110476 -0.0232655  0.0439852 0.000801399  0.00134521  0.00354914 0.00523794 0.00183091  0.0118129  0.00876741 0.000910469   -0.013426    -0.4901 -0.0497597   -9.79662 
             30.6003 -0.0136057  0.0568953   0.026299 -0.00810044  -0.0122308 -0.00912483 -0.00508652   0.0495303 0.000329541 -0.0110471 -0.0232646  0.0439856 -0.00312942 0.000835709   0.0070013 0.00522742 0.00185481  0.0118133  0.00884644 0.000917977    -0.01359  -0.490142 -0.0497646   -9.79662 
                30.7 -0.0587762  0.0654191 -0.0047562 -0.00831718  -0.0133635 -0.00882218 -0.00537564   0.0495132 0.000323433  -0.011046 -0.0232642  0.0439841 -0.00239477  -0.0023465   0.0056625 0.00525927 0.00184937  0.0118362 0.00884199 0.00101151 -0.0135387  -0.490136 -0.0498076   -9.79662 
             30.8005 0.000325505   0.0987004 -0.00387631   -0.01051 -0.0128556 -0.0099086 -0.00517351   0.0499071 0.000313818 -0.0110446 -0.0232671  0.0439816  -0.00681642 -0.000661001  0.000465563 0.00521807 0.00182665  0.0118354  0.00897588 0.000949997  -0.0132989   -0.49019 -0.0497817   -9.79662 
             30.9014 0.00219021   0.120891 0.00360063 -0.0103328 -0.0115455 -0.0111352  -0.0048771   0.0497553 0.000327513 -0.0110428 -0.0232678  0.0439815 -0.00364339  0.00358319 -0.00362863 0.00521702  0.0018121  0.0118277  0.00892765 0.000852946  -0.0131246  -0.490163 -0.0497365   -9.79662 
             31.0006 -0.0103998  0.0625231 -0.0107447 -0.00941503  -0.0117017  -0.0115977 -0.00499707   0.0495058 0.000333742 -0.0110428 -0.0232678  0.0439797 -0.000535305     0.002115  -0.00393916 0.00522692 0.00185496  0.0118398 0.00883927 0.00089454 -0.0131218  -0.490122 -0.0497551   -9.79662 
                31.1 -0.00194868   0.0846644 -0.00292425 -0.0104943 -0.0109352 -0.0116904 -0.00487453   0.0497005 0.000327926 -0.0110426 -0.0232676  0.0439797 -0.00316508  0.00423204 -0.00305642 0.00522194 0.00183942  0.0118379  0.00890929 0.000848678  -0.0131607  -0.490155 -0.0497342   -9.79662 
             31.2013  -0.0128581    0.087519 0.000762124 -0.0107188 -0.0113864  -0.011094 -0.00503905   0.0497014 0.000331142 -0.0110429 -0.0232682  0.0439792  -0.00250801   0.00163222 -0.000195566 0.00523295 0.00183753  0.0118374  0.00890422 0.000910897  -0.0132882  -0.490156 -0.0497649   -9.79662 
             31.3058 -0.0152977  0.0954601 0.00895235  -0.0101485  -0.0127241 -0.00943032 -0.00533975   0.0495734 0.000340552 -0.0110439 -0.0232689  0.0439789 0.000323938 -0.00297591  0.00512669 0.00523475 0.00183076  0.0118327 0.00884416 0.00102507 -0.0135275  -0.490134 -0.0498213   -9.79662 
             31.4013 -0.0260642  0.0737346  0.0166475  -0.0106569  -0.0128217 -0.00914337 -0.00530544   0.0496625 0.000338554  -0.011044 -0.0232687  0.0439792 -0.000890779  -0.00226215   0.00412183 0.00524125  0.0018443  0.0118297 0.00887944 0.00101281 -0.0134966   -0.49015 -0.0498153   -9.79662 
             31.5014 -0.0489013  0.0849506 -0.0147574 -0.0109783 -0.0128105 -0.0105701 -0.00525912   0.0496967  0.00033869  -0.011044 -0.0232676  0.0439793 -0.000912941  -0.00102317  -0.00140459 0.00525699 0.00183755    0.01185 0.00889993 0.00100252  -0.013244  -0.490153 -0.0498087   -9.79662 
             31.6017 -0.0641649  0.0624182   0.014207 -0.00812276  -0.0134788  -0.0124853 -0.00538848   0.0491857 0.000354947  -0.011045 -0.0232679  0.0439781  0.00709362 -0.00171841 -0.00688088 0.00526929 0.00185412  0.0118336 0.00870739 0.00105588 -0.0130157  -0.490059 -0.0498316   -9.79662 
             31.7014 -0.0448108  0.0628317 -0.0104118 -0.00500721  -0.0118446  -0.0118965 -0.00505746   0.0487901 0.000363617 -0.0110459  -0.023266  0.0439767   0.0138032  0.00425277 -0.00312476 0.00525652  0.0018551  0.0118547 0.00854845 0.00092657 -0.0131976  -0.489993 -0.0497714   -9.79663 
             31.8003  -0.0428984   0.0668958 -0.00223567 -0.0032413  -0.012438 -0.0113191 -0.00526454   0.0487288 0.000368708 -0.0110463 -0.0232655  0.0439773    0.0146647   0.00195888 -0.000436448 0.00525444 0.00185238  0.0118477 0.00852051 0.00100478 -0.0133226  -0.489984 -0.0498055   -9.79663 
             31.9012  -0.065458  0.0741386 -0.0230463 -0.00532762  -0.0118245  -0.0121975 -0.00517073   0.0493259  0.00036161 -0.0110462 -0.0232663  0.0439764  0.00492392  0.00424282 -0.00321097 0.00526854 0.00184706   0.011862  0.00875754 0.000969624  -0.0131961  -0.490086 -0.0497914   -9.79662 
              32.001 -0.0195172  0.0655232   -0.01386 -0.00816779  -0.0112513  -0.0119532 -0.00512178   0.0498776 0.000353644  -0.011046 -0.0232652  0.0439764 -0.00421124  0.00405081  -0.0011989 0.00523358 0.00185238  0.0118522 0.00897222 0.00095021 -0.0132572 -0.490184 -0.049781  -9.79662 
             32.1007  -0.0585446   0.0629968 -0.00820529 -0.0108327 -0.0119763 -0.0108615 -0.00536653   0.0502364  0.00034825 -0.0110461  -0.023266  0.0439754  -0.0100319 0.000937758  0.00235832 0.00526104 0.00185479  0.0118487  0.0091091 0.00104141 -0.0134181  -0.490251 -0.0498184   -9.79661 
             32.2006  -0.0656854   0.0742009 -0.00918646 -0.0119417 -0.0126253 -0.0105819 -0.00552878   0.0502472 0.000347604 -0.0110463  -0.023266  0.0439752    -0.010029 -0.000739271   0.00272288 0.00526968 0.00184806  0.0118516  0.0091135 0.00110433 -0.0134242  -0.490254 -0.0498465   -9.79661 
             32.3003 -0.0337757  0.0982665   0.010115  -0.0120764  -0.0145802 -0.00993557 -0.00589421    0.050102 0.000349919 -0.0110479 -0.0232661  0.0439769 -0.00744248 -0.00558149  0.00416635 0.00524576 0.00183219   0.011839 0.00905491 0.00124664  -0.013484  -0.490232 -0.0499099   -9.79661 
                32.4 -0.0261553  0.0625519 -0.0355919 -0.00971122  -0.0124731 -0.00996602 -0.00538935   0.0496018 0.000348194 -0.0110519 -0.0232639  0.0439734 0.000849771  0.00344326  0.00268945 0.00524073 0.00185502  0.0118685 0.00885513 0.00104881 -0.0134316  -0.490141 -0.0498249   -9.79662 
             32.5003 -0.0250711  0.0571639 -0.0294564 -0.00855697  -0.0111037  -0.0100137 -0.00518662    0.049433 0.000348274 -0.0110523 -0.0232636   0.043973 0.00321622 0.00707663 0.00211799  0.0052421 0.00185561   0.011865 0.00878909 0.00097069 -0.0133884   -0.49011 -0.0497915   -9.79662 
             32.5998 0.00653529   0.105104  0.0265832 -0.0109291 -0.0118278 -0.0111776 -0.00542535   0.0498969 0.000332389 -0.0110525 -0.0232614  0.0439714 -0.00312826  0.00260914 -0.00161941 0.00522554 0.00182198  0.0118304 0.00897678 0.00106944 -0.0131941  -0.490186 -0.0498337   -9.79662 
             32.6996  0.00369334    0.080249 -0.00918362 -0.0106023 -0.0112057 -0.0112656 -0.00535631   0.0497973 0.000339997 -0.0110526 -0.0232612  0.0439714  3.5486e-05  0.00268098 -0.00250908  0.0052288 0.00184066  0.0118597 0.00893755 0.00104249 -0.0132194   -0.49017 -0.0498225   -9.79662 
             32.8015  0.0158225  0.0878942 0.00527643 -0.00888027  -0.0116747  -0.0106538 -0.00549981    0.049518 0.000360594 -0.0110527 -0.0232617  0.0439711   0.00551278 -0.000753897  0.000309621 0.00522141 0.00183506  0.0118483  0.0088227 0.00109464 -0.0133399  -0.490124 -0.0498468   -9.79662 
             32.9016 -0.000427274    0.0964544   0.00985194 -0.0102652 -0.0128478 -0.0112894 -0.00570581   0.0498196 0.000363625 -0.0110526 -0.0232612  0.0439702 -8.53282e-06  -0.00326895  -0.00126951 0.00522984 0.00182831  0.0118427 0.00895012 0.00117835 -0.0132374  -0.490176 -0.0498813   -9.79662 
             33.0012 -0.0715998  0.0842386 0.00347546 -0.00878288  -0.0135337  -0.0113949 -0.00579489   0.0495798 0.000366689 -0.0110524  -0.023261  0.0439687  0.00412769 -0.00304221 -0.00126628 0.00527378   0.001838  0.0118442 0.00885307 0.00121279 -0.0132465  -0.490134 -0.0498962   -9.79662 
             33.1003 -0.0303079   0.078298 0.00520799 -0.00937143  -0.0126308  -0.0104645 -0.00555205   0.0497614 0.000362572 -0.0110523 -0.0232605   0.043968  0.00169322 0.000647104  0.00192323 0.00524714 0.00184141  0.0118469 0.00891965 0.00111784 -0.0133792  -0.490166 -0.0498579   -9.79662 
             33.2015 -0.0442132  0.0716871  0.0231946 -0.00866902  -0.0139973    -0.01105 -0.00581786   0.0496726  0.00036782 -0.0110532 -0.0232608  0.0439683   0.00364688  -0.00373156 -0.000746231 0.00525299 0.00184518  0.0118313 0.00888725 0.00122396 -0.0132811   -0.49015 -0.0499025   -9.79662 
              33.301 -0.0602166  0.0982306 -0.0134675  -0.0106414  -0.0133151 -0.00991051 -0.00562882   0.0500593 0.000367791 -0.0110548 -0.0232622  0.0439672  -0.00208364 -0.000500644   0.00329835 0.00526411 0.00182739   0.011858 0.00903779 0.00114692 -0.0134262  -0.490218 -0.0498706   -9.79662 
             33.4013 -0.0245281  0.0838641  0.0142185 -0.00895331  -0.0131153 -0.00992819 -0.00559868   0.0497504 0.000362318 -0.0110547 -0.0232634  0.0439669  0.00340461 0.000224153  0.00199255 0.00524223 0.00183834  0.0118406 0.00891263  0.0011326  -0.013388  -0.490164 -0.0498636   -9.79662 
             33.5004    -0.02222   0.0698061 -0.00466368 -0.0101034 -0.0114831  -0.010929 -0.00530606   0.0499794 0.000368177 -0.0110563 -0.0232643  0.0439669 -0.00141006  0.00600232 -0.00150692 0.00524051 0.00184749  0.0118509 0.00901128  0.0010131 -0.0132206  -0.490202 -0.0498151   -9.79662 
             33.6013 -0.0161816   0.095381  -0.013104 -0.00991716  -0.0106978 -0.00985132 -0.00527627   0.0499409 0.000369122  -0.011057 -0.0232643  0.0439669 1.57887e-05  0.00671822  0.00183628 0.00523906 0.00183254  0.0118593 0.00899041 0.00100048 -0.0133858  -0.490198 -0.0498085   -9.79662 
             33.7014  -0.0411113    0.074877 -0.00920982 -0.00829589  -0.0116498  -0.0104469 -0.00557302   0.0496863   0.0003626 -0.0110573 -0.0232637   0.043965   0.00460632   0.00207251 -0.000572008 0.00525905 0.00184658  0.0118551 0.00888638 0.00112189 -0.0132898  -0.490151 -0.0498596   -9.79662 
             33.8005  -0.0341724   0.0792392 -0.00108925  -0.0097649  -0.0126888 -0.00943678 -0.00579046   0.0499906 0.000363034  -0.011058 -0.0232631   0.043965 -0.00023502 -0.00168022  0.00272166 0.00525545 0.00184327  0.0118491 0.00901023 0.00121324 -0.0134244  -0.490206 -0.0498981   -9.79662 
             33.9013   0.0225376    0.101411 -0.00361091 -0.0104042 -0.0132429 -0.0113416 -0.00583978   0.0500857  0.00035896 -0.0110566 -0.0232663  0.0439649 -0.00124863 -0.00383144 -0.00435664 0.00521665   0.001828  0.0118504 0.00905972 0.00123202 -0.0131345  -0.490219 -0.0499053   -9.79662 
             34.0016 -0.0541503  0.0734119  0.0226318 -0.00707388  -0.0136162  -0.0114047 -0.00587711   0.0495451 0.000355099 -0.0110564 -0.0232687  0.0439633  0.00892156 -0.00303389  -0.0032645 0.00526718 0.00184848  0.0118327 0.00882739 0.00124361 -0.0131961  -0.490125 -0.0499114   -9.79662 
             34.1016 -0.0507667  0.0613338 0.00253393 -0.00783981  -0.0137782  -0.0107455 -0.00585495   0.0497937 0.000357285 -0.0110559 -0.0232697   0.043964   0.00417978  -0.00233691 -0.000219697 0.00526469 0.00185794  0.0118496 0.00893101 0.00123489 -0.0133199  -0.490171 -0.0499083   -9.79662 
             34.2015 -0.0439227  0.0741626  0.0311007 -0.00829754  -0.0133697  -0.0106574 -0.00574899   0.0499251 0.000356159 -0.0110555 -0.0232693  0.0439635   0.00132746  0.000860649 -0.000226005  0.0052606 0.00185085  0.0118301   0.008988 0.00118936  -0.013331  -0.490195 -0.0498896   -9.79662 
             34.3008 -0.0687196  0.0900904 0.00587351 -0.00864129  -0.0132877  -0.0113397 -0.00575163   0.0499996 0.000356458  -0.011055 -0.0232694  0.0439632 0.000436768   0.0019112  -0.0027766 0.00527754 0.00184065  0.0118461 0.00902425 0.00119083 -0.0132448  -0.490207 -0.0498907   -9.79662 
             34.4012  -0.0375219   0.0705645 -0.00298324 -0.00997128  -0.0128491  -0.0102347 -0.00570116   0.0502057 0.000357094 -0.0110546 -0.0232688  0.0439634 -0.00346873  0.00267026  0.00176359 0.00525928 0.00185282  0.0118544 0.00911046 0.00116804 -0.0134157  -0.490248 -0.0498808   -9.79661 
             34.5014 -0.00724649   0.0828842   0.0114027 -0.0112496 -0.0118296  -0.010023 -0.00555995   0.0503494 0.000355309 -0.0110542 -0.0232686  0.0439623 -0.00560145  0.00466291  0.00173566 0.00523978 0.00184504  0.0118465 0.00917415 0.00110628 -0.0134154  -0.490274 -0.0498562   -9.79661 
             34.6006 -0.00809341   0.0703246   0.0100911 -0.0108321 -0.0131278 -0.0102102 -0.00586593   0.0501993  0.00035428 -0.0110543 -0.0232687  0.0439622 -0.00244684 -0.00154472 0.000730992 0.00523796 0.00185387  0.0118444 0.00910882 0.00123883 -0.0133759 -0.490245  -0.04991  -9.79661 
             34.6997 -0.0796263  0.0778215  0.0243159 -0.0082126 -0.0139895 -0.0108175 -0.00602454   0.0497759 0.000360883 -0.0110546 -0.0232683  0.0439603  0.00643357  -0.0025956 -0.00125383 0.00529063 0.00184889  0.0118346 0.00892379 0.00130592 -0.0133016  -0.490168 -0.0499358   -9.79662 
             34.8009   -0.056067   0.0664911 -0.00576746 -0.00776759  -0.0126853  -0.0105947 -0.00575655   0.0498071 0.000358087  -0.011056 -0.0232685  0.0439603    0.0059408   0.00256291 -0.000149779 0.00527509  0.0018563  0.0118571 0.00893572 0.00118974 -0.0133437  -0.490175 -0.0498888   -9.79662 
             34.9005 -0.0644166  0.0683764  0.0407828 -0.00667126  -0.0127223  -0.0104856 -0.00581718   0.0497379 0.000359192 -0.0110565 -0.0232689  0.0439604    0.0078984   0.00239266 -0.000601517 0.00527958 0.00185609  0.0118271 0.00890427 0.00121543 -0.0133564  -0.490163 -0.0498987   -9.79662 
             35.0018 -0.0549574  0.0892989   0.017112 -0.00726883  -0.0124915  -0.0108882 -0.00582042   0.0499392 0.000368088 -0.0110562 -0.0232695  0.0439597   0.00374981   0.00321715 -0.000492791 0.00527296  0.0018418  0.0118441 0.00899424 0.00121652 -0.0132942  -0.490196 -0.0499008   -9.79662 
             35.1005 -0.0534199  0.0507682  0.0204363 -0.00852968  -0.0124249  -0.0106368 -0.00584308    0.050183 0.000375184 -0.0110559 -0.0232697  0.0439607 -0.000418814  0.000937848  2.75245e-05 0.00526732 0.00186741   0.011839 0.00909749 0.00122812 -0.0133288  -0.490238 -0.0499066   -9.79661 
             35.2004 -0.0143897   0.094544  0.0147525 -0.0100059 -0.0113885 -0.0101541 -0.00567098   0.0504011 0.000380756 -0.0110567   -0.02327  0.0439585 -0.00458647  0.00391585  0.00238295 0.00524128 0.00184119   0.011843 0.00918825 0.00115607 -0.0133697  -0.490276 -0.0498792   -9.79661 
             35.3015 -0.0347895  0.0843972  0.0124927  -0.0118827   -0.012496 -0.00891411 -0.00593193   0.0506144 0.000400176 -0.0110569 -0.0232704  0.0439579  -0.00822565 -0.000151601   0.00565232 0.00525474   0.001851  0.0118439 0.00927334 0.00127008 -0.0134928  -0.49031 -0.049924  -9.79661 
             35.4003 0.0119228  0.099415 0.0175216  -0.0125622  -0.0114048 -0.00850005 -0.00573004   0.0505966 0.000404025 -0.0110566 -0.0232706  0.0439567 -0.00745118  0.00293693  0.00503423 0.00522218 0.00184264  0.0118379 0.00926629 0.00118551 -0.0134725 -0.490308 -0.049891  -9.79661 
             35.5014 0.00604434  0.0757093 0.00587088  -0.0122785  -0.0121829 -0.00836356 -0.00591278   0.0504425  0.00039126 -0.0110564 -0.0232703  0.0439558  -0.00481008 -0.000493322   0.00383711 0.00522903 0.00185781  0.0118472 0.00920107 0.00126068 -0.0134333  -0.490281 -0.0499191   -9.79661 
             35.6007 0.0202566   0.10933 0.0256621 -0.00975925   -0.012733 -0.00879941  -0.0060025   0.0500135 0.000378532 -0.0110563 -0.0232715  0.0439569  0.00498089 -0.00283839 0.000858046 0.00522093 0.00183588  0.0118324 0.00901697 0.00129611 -0.0133396  -0.490208 -0.0499293   -9.79662 
             35.7012 -0.0189001  0.0807099 0.00189052  -0.0093869  -0.0132402 -0.00904073 -0.00604541   0.0500276 0.000378282 -0.0110564 -0.0232709  0.0439566  0.00491912  -0.0037656 0.000210889 0.00524413 0.00185547  0.0118469 0.00902401 0.00131495  -0.013294  -0.490209 -0.0499359   -9.79662 
             35.7998 -0.0391081  0.0595081  0.0141723  -0.0058638  -0.0121917 -0.00955432 -0.00584201   0.0495872 0.000373971 -0.0110566 -0.0232708  0.0439561   0.0138551  0.00105267 -0.00157391  0.0052561 0.00186983  0.0118386 0.00882637 0.00122006  -0.013237  -0.490134 -0.0498951   -9.79662 
             35.9013 -0.0211176  0.0783217  0.0170851 -0.00703797   -0.012202  -0.0109103 -0.00585562   0.0499369 0.000375533  -0.011056 -0.0232713  0.0439555 0.00695086 0.00159467 -0.0059205 0.00524533 0.00185943  0.0118356 0.00899461 0.00122645 -0.0130765  -0.490195 -0.0498966   -9.79662 
             36.0003 -0.0147375   0.101783 0.00749356 -0.0088411 -0.0113292 -0.0117256  -0.0057287   0.0502955 0.000370321 -0.0110559 -0.0232719  0.0439532 8.30514e-05  0.00426787 -0.00655767 0.00524164 0.00184319  0.0118385  0.0091625 0.00116812 -0.0130413  -0.490259 -0.0498755   -9.79661 
             36.1008 -0.0488243  0.0726956 0.00530649 -0.00720825  -0.0118346  -0.0125456 -0.00588695   0.0500707  0.00038051 -0.0110558 -0.0232717   0.043952 0.00501133 0.00188365 -0.0074627 0.00526485 0.00186371  0.0118407 0.00905602 0.00124123 -0.0130288  -0.490217 -0.0499025   -9.79662 
             36.2003  -0.0212645   0.0509517 -0.00167127 -0.00963262  -0.0121214  -0.0107261 -0.00594616   0.0504805 0.000373318 -0.0110537 -0.0232697  0.0439539  -0.00350619 -0.000116652  0.000583621  0.0052476 0.00187828  0.0118488 0.00923886 0.00126816  -0.013343  -0.490293 -0.0499156   -9.79661 
             36.3004 -0.00285423   0.0789378   0.0101107 -0.0107095 -0.0122662 -0.0100315  -0.0059625   0.0505952 0.000373795 -0.0110543 -0.0232691  0.0439536  -0.00478485 -0.000837906   0.00188695 0.00523836 0.00185899   0.011842 0.00928948 0.00127566 -0.0134233  -0.490315 -0.0499188   -9.79661 
              36.401 -0.042456 0.0766261 0.0018553 -0.00845721   -0.012748  -0.0111364 -0.00604549   0.0502124 0.000378637  -0.011054 -0.0232679  0.0439536  0.00326556 -0.00156183  -0.0019423 0.0052641 0.0018597  0.011846  0.0091136 0.00131529 -0.0132672  -0.490244 -0.0499327   -9.79661 
             36.5005 -0.0739177  0.0452826 -0.0268119 -0.00697768  -0.0131848  -0.0116964 -0.00610721   0.0500459 0.000380637  -0.011054 -0.0232668  0.0439524  0.00612661  -0.0014108 -0.00283275 0.00528567 0.00188095  0.0118638 0.00903466 0.00134494  -0.013226  -0.490213 -0.0499436   -9.79662 
             36.6012 -0.0625535  0.0538039 -0.0368743 -0.00393543  -0.0119029  -0.0102918 -0.00590093   0.0497281 0.000377306 -0.0110549 -0.0232652  0.0439522  0.0124705 0.00371777 0.00265988 0.00527889 0.00187329  0.0118697 0.00887357 0.00124601  -0.013441  -0.490159 -0.0499062   -9.79662 
             36.7003  -0.025775  0.0932774 0.00392438 -0.00789197  -0.0119249  -0.0116304 -0.00593584   0.0504293 0.000387598 -0.0110527 -0.0232625  0.0439478 -0.00185322  0.00284057 -0.00232711  0.0052576 0.00184997  0.0118439 0.00921497 0.00126332 -0.0132305  -0.490278 -0.0499112   -9.79661 
             36.8003 -0.0113874  0.0850787 0.00207051 -0.00874541  -0.0111115  -0.0104477 -0.00584966   0.0505251 0.000392243 -0.0110527 -0.0232608   0.043947 -0.00332993  0.00424581  0.00147963 0.00524917 0.00185584  0.0118442 0.00925673 0.00122278 -0.0134045  -0.490299 -0.0498932   -9.79661 
             36.9035   -0.019429   0.0754537 -0.00435354 -0.00851964  -0.0106535 -0.00982048 -0.00584248   0.0504505 0.000390809 -0.0110524 -0.0232608  0.0439469 -0.00178871   0.0042973  0.00308628 0.00525345 0.00186167  0.0118476 0.00922044 0.00121923 -0.0134636 -0.490288 -0.049892  -9.79661 
             37.0012 -0.0208035  0.0777446  0.0367616  -0.0108822  -0.0121703 -0.00884522 -0.00614257   0.0507385 0.000392801  -0.011054 -0.0232598  0.0439463 -0.00735822  -0.0019168  0.00517766 0.00525401 0.00185977  0.0118236 0.00935424 0.00136066   -0.01354   -0.49034 -0.0499426   -9.79661 
             37.1003 0.00597092  0.0897093 0.00199634  -0.0125957  -0.0124643 -0.00922723 -0.00615389   0.0508705 0.000391135 -0.0110539 -0.0232606  0.0439462 -0.00947168 -0.00252776  0.00197206 0.00523785 0.00185097   0.011848 0.00941907 0.00136645 -0.0134326   -0.49036 -0.0499442   -9.79661 
              37.201 -0.0336446  0.0527974  0.0135485  -0.0115661  -0.0134582 -0.00948286 -0.00628673   0.0506044  0.00039259 -0.0110541 -0.0232599  0.0439438 -0.00472907 -0.00374753 0.000626089  0.0052634 0.00187139  0.0118404 0.00928939 0.00142911 -0.0133883  -0.490311 -0.0499664   -9.79661 
             37.3016 -0.012072 0.0654592 0.0175702  -0.0086976  -0.0135727 -0.00882053 -0.00626932   0.0501824 0.000402798 -0.0110542 -0.0232597  0.0439439  0.00417537 -0.00274975  0.00358807 0.00525101 0.00186162  0.0118388 0.00907702 0.00141741 -0.0134686  -0.490236 -0.0499611   -9.79661 
             37.4002 -0.0304324  0.0840644  -0.015939 -0.0100577 -0.0134461 -0.0105932 -0.00618964   0.0504165 0.000387547 -0.0110533 -0.0232598  0.0439434   -0.0006251 -0.000896727  -0.00548168 0.00526549 0.00184997  0.0118586 0.00919783 0.00138881 -0.0132206  -0.490273 -0.0499503   -9.79661 
             37.5013 -0.046205 0.0685813 0.0154449 -0.00770447   -0.013718  -0.0109778 -0.00624151   0.0501047  0.00040631 -0.0110534 -0.0232609  0.0439429   0.00653729 -0.000398989  -0.00564703 0.00527658 0.00185804  0.0118386 0.00904248 0.00141069 -0.0132461  -0.490218 -0.0499568   -9.79662 
             37.6006 -0.0256711  0.0848259 0.00341855 -0.00772819   -0.012915  -0.0102558 -0.00613489   0.0501848 0.000406327  -0.011054 -0.0232601  0.0439422   0.00510577   0.00154978 -0.000154939  0.0052619 0.00184714  0.0118423 0.00908361 0.00134933 -0.0133868  -0.490237 -0.0499347   -9.79661 
             37.6999 -0.0118789   0.109772  0.0160063 -0.00975743  -0.0126763  -0.0106498 -0.00611278   0.0505076  0.00037024 -0.0110536   -0.02326  0.0439406 -0.00126401  0.00185522 -0.00124429 0.00525052 0.00183028  0.0118323  0.0092523 0.00134206 -0.0133334  -0.490297 -0.0499331   -9.79661 
             37.8014 0.0240734 0.0974342 0.0412138  -0.0080945  -0.0117949 -0.00982908 -0.00601669    0.050273 0.000392276 -0.0110528 -0.0232598  0.0439395 0.00399228 0.00365259 0.00138955 0.00523042 0.00183822  0.0118172 0.00913381 0.00128817 -0.0134573  -0.490258 -0.0499127   -9.79661 
                37.9   0.0386877   0.0846443 0.000831881 -0.00831113  -0.0117196 -0.00867696 -0.00604829   0.0503587 0.000386785 -0.0110518 -0.0232596  0.0439399 0.00215313  0.0021983 0.00466451 0.00522155 0.00184672  0.0118443 0.00917303 0.00130259 -0.0135784  -0.490274 -0.0499188   -9.79661 
             38.0003 -0.0334719  0.0900841   0.011308 -0.00920832   -0.012317 -0.00880652 -0.00617299   0.0505128 0.000384143 -0.0110518 -0.0232584  0.0439382  -0.000603 0.00039801 0.00226092 0.00526826 0.00184258  0.0118341 0.00925005 0.00136357 -0.0135049  -0.490298 -0.0499403   -9.79661 
             38.1012  -0.0274636    0.105619 -0.00910442 -0.00908575  -0.0118857 -0.00963493 -0.00611199   0.0504927 0.000385335 -0.0110517 -0.0232575  0.0439386  0.000970891  0.000673388 -0.000663647 0.00526401 0.00183243   0.011846 0.00924516 0.00133274 -0.0133708  -0.490295 -0.0499262   -9.79661 
             38.2001 -0.0117298   0.081992  0.0367749 -0.0114619 -0.0133604 -0.0104085 -0.00633448   0.0508116 0.000388238 -0.0110538  -0.023256  0.0439403 -0.00527873 -0.00488133 -0.00251293 0.00525436 0.00184852  0.0118145 0.00940438 0.00144483 -0.0132798  -0.490348 -0.0499658   -9.79661 
             38.3006 -0.0417484  0.0704245  0.0127382  -0.0116665  -0.0139116 -0.00898496 -0.00635475   0.0507726 0.000384505 -0.0110529  -0.023257    0.04394 -0.00403356 -0.00496352  0.00263611 0.00527498  0.0018569  0.0118288 0.00937763 0.00145898 -0.0134893  -0.490341 -0.0499737   -9.79661 
             38.4012 -0.038715 0.0999852 0.0226722 -0.0127038 -0.0144951 -0.0105495 -0.00638631   0.0508415 0.000388365 -0.0110512 -0.0232572  0.0439396 -0.00539026 -0.00426369  -0.0026976  0.0052737 0.00183813  0.0118229 0.00942442 0.00146614 -0.0132652 -0.490354 -0.049974  -9.79661 
             38.5003 -0.0377295   0.097969  0.0422539  -0.0099112  -0.0137644 -0.00982244 -0.00622598   0.0504147 0.000345441 -0.0110511 -0.0232579    0.04394   0.00429561 -8.69406e-05 -0.000128456 0.00527213 0.00183989  0.0118093 0.00920574 0.00138754 -0.0133997  -0.490283 -0.0499446   -9.79661 
             38.6005 -0.00364112   0.0684418   0.0137982 -0.00889308  -0.0131664 -0.00989523 -0.00612791   0.0503362  0.00033929 -0.0110518 -0.0232577  0.0439389   0.00518837   0.00160889 -1.97664e-06 0.00525221 0.00185823  0.0118277 0.00916706  0.0013376 -0.0133928   -0.49027 -0.0499267   -9.79661 
             38.7013 -0.0777434  0.0570346 0.00117406 -0.00817868  -0.0134278  -0.0106157  -0.0062019   0.0503133 0.000340836 -0.0110517 -0.0232566  0.0439382  0.00590641  0.00151962 -0.00251318 0.00530049 0.00186451  0.0118376 0.00915804 0.00137504 -0.0133097  -0.490265 -0.0499396   -9.79661 
             38.8008 -0.0279202   0.101076  0.0170953 -0.00884224  -0.0123671  -0.0110387 -0.00605525   0.0504815 0.000341678 -0.0110509 -0.0232566  0.0439361  0.00337259  0.00343003 -0.00295992 0.00526859 0.00183672  0.0118297 0.00924542 0.00130174 -0.0132808  -0.490295 -0.0499161   -9.79661 
             38.9005 -0.0182332  0.0735003 0.00881761 -0.00727436  -0.0115091    -0.01003 -0.00600103   0.0503192 0.000343341 -0.0110505 -0.0232558  0.0439357 0.00713197 0.00465122 0.00110013 0.00526256 0.00185443  0.0118323  0.0091595 0.00127108 -0.0134405 -0.490271 -0.049903  -9.79661 
             39.0003 -0.0220672  0.0870008  0.0230644 -0.0056464 -0.0123839 -0.0093603  -0.0062102   0.0502089 0.000341059 -0.0110515 -0.0232562  0.0439356   0.0104485 0.000245511  0.00296107 0.00526392 0.00184534  0.0118238 0.00909988 0.00137522 -0.0135125  -0.490251 -0.0499373   -9.79661 
             39.1004 -0.0729167   0.064828  0.0446596 -0.00594518  -0.0142298  -0.0105873  -0.0064884   0.0503695 0.000346537 -0.0110537 -0.0232537  0.0439337  0.00611727 -0.00390188 -0.00166597 0.00529656 0.00185975  0.0118142 0.00918351 0.00151963 -0.0133307  -0.490273 -0.0499879   -9.79661 
                39.2  -0.054177  0.0932521 -0.0727087     -0.0106  -0.0130847 -0.00970954  -0.0062584   0.0510399 0.000366995 -0.0110593 -0.0232651  0.0439317 -0.00851932  0.00119781  0.00135099 0.00528451 0.00184449  0.0118881 0.00952382 0.00139642 -0.0134388  -0.490391 -0.0499508   -9.79661 
             39.3015 -0.0228317  0.0457777  0.0200118  -0.0110817  -0.0111255 -0.00909988 -0.00599274   0.0509934  0.00035813 -0.0110555  -0.023265  0.0439292 -0.00815997  0.00684723  0.00267869 0.00526399  0.0018747  0.0118291 0.00949805 0.00125777 -0.0134932  -0.490385 -0.0499032   -9.79661 
             39.4012  -0.0383162   0.0615439 -0.00714586  -0.0121879  -0.0114623 -0.00957056 -0.00613872   0.0510281  0.00036303 -0.0110555  -0.023265  0.0439293  -0.0090698  0.00401942 0.000489948 0.00527372 0.00186495  0.0118469 0.00951939 0.00133206 -0.0134056   -0.49039 -0.0499289   -9.79661 
             39.5006 -0.00987429   0.0898512   0.0327219  -0.0130824  -0.0127171 -0.00963903 -0.00636777   0.0510313 0.000363732 -0.0110572 -0.0232651  0.0439306  -0.00739368  -0.00211612 -5.76162e-05 0.00525767 0.00184762  0.0118233  0.0095206 0.00145113 -0.0133939  -0.490391 -0.0499688   -9.79661 
             39.6011 -0.0100743  0.0652207 0.00681697  -0.0108923  -0.0132719 -0.00979069 -0.00642555   0.0506673 0.000358808  -0.011057 -0.0232643  0.0439294  0.000852828  -0.00312507 -0.000244987 0.00526072 0.00186139  0.0118406 0.00932905 0.00147926 -0.0133829  -0.490327 -0.0499788   -9.79661 
             39.7003 -0.00650303   0.0801942    0.010474  -0.0108845  -0.0137225 -0.00990327 -0.00644846   0.0506743 0.000359071 -0.0110569 -0.0232643  0.0439294  0.00016251 -0.00298757 0.000116867 0.00525907 0.00185289  0.0118401 0.00933315 0.00149096  -0.013368  -0.490328 -0.0499826   -9.79661 
             39.8005 -0.00404485    0.107475  -0.0324122 -0.00968614  -0.0126322  -0.0104564 -0.00625226    0.050545  0.00035866 -0.0110581 -0.0232634  0.0439301  0.00412086 0.000836113 -0.00201865 0.00526049 0.00183512  0.0118699  0.0092674 0.00139097 -0.0133095 -0.490307 -0.049949  -9.79661 
             39.9008 -0.0256777  0.0713428 -0.0159313 -0.00859983  -0.0124454 -0.00952807 -0.00623857   0.0504598 0.000357222 -0.0110569 -0.0232645  0.0439297  0.00512963 0.000978645  0.00178913 0.00527573 0.00186059  0.0118632 0.00922043  0.0013824 -0.0134437  -0.490295 -0.0499476   -9.79661 
                  40   0.0155529   0.0657726 0.000118931 -0.00748264  -0.0123972 -0.00785675 -0.00622222   0.0503937  0.00035517  -0.011056 -0.0232633  0.0439296   0.00760794 -0.000634333   0.00611529 0.00524896 0.00186357  0.0118523 0.00918302 0.00137835   -0.01362  -0.490286 -0.0499492   -9.79661 
             40.1003 -0.0269009   0.092197  0.0140603  -0.0116568  -0.0123604 -0.00945493 -0.00621496   0.0509919 0.000386418 -0.0110545 -0.0232577  0.0439285  -0.00533748  0.000189075 -0.000921047 0.00527296 0.00184534   0.011842 0.00950458 0.00136934 -0.0133459  -0.490383 -0.0499391   -9.79661 
             40.2026 0.00376292   0.107869 -0.0101284  -0.0120621   -0.012525 -0.00988409 -0.00624053   0.0509772  0.00038416 -0.0110541  -0.023258  0.0439288 -0.00433195 -0.00104559 -0.00181227 0.00525612 0.00183668  0.0118581 0.00949801 0.00138117 -0.0133066   -0.49038 -0.0499423   -9.79661 
             40.3007 0.00696667  0.0731363   0.022813 -0.0107308 -0.0128053 -0.0104476 -0.00627659   0.0507618 0.000368446 -0.0110545 -0.0232591   0.043928 0.000399907 -0.00156873 -0.00297257 0.00525616 0.00185872  0.0118374 0.00938137 0.00139701 -0.0132683  -0.490342 -0.0499473   -9.79661 
             40.4012  -0.0370913   0.0820568 -0.00417105  -0.0101878  -0.0120839 -0.00997307 -0.00615709   0.0507079 0.000363975 -0.0110552 -0.0232597  0.0439288   0.00131883   0.00242413 -0.000769328 0.00528389 0.00185387  0.0118545 0.00934882 0.00133501 -0.0133602  -0.490334 -0.0499291   -9.79661 
             40.5005 -0.033987 0.0977016 0.0291446 -0.0088824 -0.0130545 -0.0103544 -0.00632485   0.0505767 0.000359203 -0.0110558   -0.02326  0.0439287  0.00485293 -0.00102434 -0.00110398 0.00528366 0.00184163   0.011835 0.00927782 0.00142335 -0.0133267   -0.49031 -0.0499567   -9.79661 
             40.6012 -0.0193063   0.118209  0.0154579 -0.00911408  -0.0135603  -0.0101941 -0.00636764   0.0506742 0.000359093 -0.0110558   -0.02326  0.0439285   0.00393461   -0.0026603 -0.000778576 0.00527572  0.0018292  0.0118443 0.00933001  0.0014469 -0.0133583  -0.490327 -0.0499648   -9.79661 
             40.7013 -0.0176717   0.054266 0.00765881 -0.00758198  -0.0127591  -0.0100781 -0.00622494   0.0505332 0.000367526 -0.0110563 -0.0232595  0.0439269  0.00703204 0.000125824 0.000437526 0.00527518 0.00186993  0.0118468 0.00925309 0.00136954 -0.0133773  -0.490304 -0.0499396   -9.79661 
              40.801 -0.0347811  0.0660646  0.0113453 -0.00641608  -0.0126324  -0.0109798 -0.00622206   0.0504769 0.000367754 -0.0110563 -0.0232596  0.0439268  0.00869198 0.000783834 -0.00272899 0.00528655 0.00186172   0.011845 0.00922464 0.00136797  -0.013272  -0.490294 -0.0499384   -9.79661 
             40.9014 -0.0345949   0.102945   0.004129 -0.00822756   -0.012258  -0.0106664 -0.00618133   0.0507976 0.000365488 -0.0110568   -0.02326  0.0439253   0.00139501   0.00210545 -0.000439015  0.0052878 0.00183797  0.0118479 0.00939691 0.00134645 -0.0133319  -0.490348 -0.0499336   -9.79661 
             41.0012 -0.0181476  0.0844636 -0.0109322 -0.00948489  -0.0114161   -0.010434 -0.00609478   0.0509617 0.000367298 -0.0110571 -0.0232603  0.0439249  -0.00250191    0.0045793 -0.000183052 0.00527736 0.00185083  0.0118585 0.00948586 0.00129979 -0.0133653  -0.490377 -0.0499199   -9.79661 
             41.1013 -0.0362113  0.0644575 -0.0200192 -0.00872953   -0.011889  -0.0103936 -0.00622461   0.0508401 0.000366391 -0.0110568 -0.0232602  0.0439239 -0.000192731   0.00231922   0.00031368 0.00528928 0.00186273  0.0118649  0.0094187 0.00137025 -0.0133755  -0.490356 -0.0499415   -9.79661 
             41.2009 -0.0455144  0.0717791 0.00898692 -0.00867689  -0.0126764 -0.00992347 -0.00636575    0.050838 0.000366234 -0.0110581 -0.0232605  0.0439235  0.000586168 -0.000124321   0.00129729 0.00529576 0.00185703  0.0118483 0.00941609 0.00144765  -0.013432  -0.490357 -0.0499656   -9.79661 
             41.3005   -0.04305   0.101463 -0.0067063   -0.010209  -0.0141734 -0.00977754 -0.00655252   0.0510225 0.000359608 -0.0110581 -0.0232604  0.0439228 -0.00260129 -0.00514738   0.0010393 0.00529397 0.00184278  0.0118547 0.00952163 0.00155193 -0.0134331   -0.49039 -0.0499976   -9.79661 
             41.4007  -0.0114517   0.0574047 -0.00548234 -0.00949099  -0.0126553 -0.00979165 -0.00630321   0.0509187 0.000359067 -0.0110585 -0.0232606    0.04392 0.000302554 0.000441052 0.000471957 0.00527647  0.0018712  0.0118557 0.00945917 0.00140692 -0.0134192  -0.490369 -0.0499527   -9.79661 
             41.5007 -0.00895472   0.0868992   0.0159966 -0.0107007 -0.0131128 -0.0102325 -0.00636361   0.0510449 0.000361917 -0.0110586 -0.0232603  0.0439198  -0.00252349  -0.00144018 -0.000988011 0.00527649 0.00185276  0.0118409 0.00953691 0.00144285  -0.013364  -0.490392 -0.0499636   -9.79661 
             41.6008 -0.00391269   0.0963912  0.00189523 -0.00917513  -0.0121092  -0.0106222 -0.00623027   0.0508599  0.00035118 -0.0110587   -0.02326  0.0439204  0.00284932  0.00226708 -0.00197049 0.00527231 0.00184702  0.0118499  0.0094283 0.00136406 -0.0133364  -0.490358 -0.0499397   -9.79661 
             41.7014 -0.0556867  0.0701265  0.0393914 -0.0105615 -0.0128784 -0.0115552 -0.00635955   0.0510306 0.000367633 -0.0110598  -0.023258  0.0439194 -0.00235081 0.000583691 -0.00456819 0.00530753 0.00186413  0.0118259 0.00953334  0.0014403 -0.0132517  -0.490388 -0.0499625   -9.79661 
             41.8005 -0.0527245  0.0561448  0.0203171 -0.011465 -0.013527 -0.010873 -0.00644032   0.0511074 0.000373651 -0.0110587 -0.0232583  0.0439195  -0.00471595 -0.000923846 -0.000874347 0.00530567 0.00187182  0.0118372 0.00957304 0.00149096 -0.0133823  -0.490402 -0.0499793   -9.79661 
             41.9013 -0.0281398  0.0828228 0.00641918 -0.0127646 -0.0141181 -0.0114616 -0.00649299   0.0512049 0.000378654  -0.011058 -0.0232591  0.0439194 -0.00638035 -0.00288472 -0.00216703 0.00529034 0.00185475  0.0118474  0.0096336 0.00152156 -0.0133231  -0.490419 -0.0499891   -9.79661 
             42.0012  -0.0367585     0.10043 -0.00951681 -0.0107844 -0.0132729 -0.0107295 -0.00635995   0.0509236  0.00037695 -0.0110595 -0.0232575  0.0439206  0.00166907 0.000771487 0.000542279 0.00529673 0.00184363  0.0118563 0.00946377 0.00144247 -0.0134347  -0.490372 -0.0499625   -9.79661 
             42.1013 -0.0182376  0.0657652  0.0150363 -0.00733866  -0.0123586  -0.0113823 -0.00626577   0.0505525 0.000368738 -0.0110594 -0.0232596  0.0439184    0.011937   0.0020814 -0.00207942 0.00528408 0.00186436  0.0118403 0.00925157 0.00138273 -0.0133622  -0.490309 -0.0499421   -9.79661 
             42.2004 -0.0460846  0.0795811 0.00433286 -0.00723008  -0.0127355  -0.0107718 -0.00634151    0.050676 0.000371447 -0.0110595 -0.0232603  0.0439179   0.00962955 -0.000958734  -0.00040714 0.00530055 0.00185665   0.011846 0.00932004 0.00142623  -0.013468  -0.490331 -0.0499552   -9.79661 
             42.3011 -0.0747348  0.0842384  0.0219928 -0.00782653  -0.0138856  -0.0113491 -0.00647121    0.050832  0.00040097 -0.0110599 -0.0232593  0.0439168  0.00483582  -0.0024651 -0.00220388 0.00532108   0.001855  0.0118363 0.00942216 0.00150754 -0.0134062  -0.490359 -0.0499807   -9.79661 
             42.4007  -0.0230053   0.0741435 -0.00364078 -0.00778401    -0.01352  -0.0114248 -0.00638716   0.0508816 0.000403074 -0.0110602 -0.0232594  0.0439156   0.00320642 -0.000723276  -0.00163982 0.00528835 0.00186216   0.011854 0.00945356 0.00145331 -0.0134194   -0.49037 -0.0499641   -9.79661 
             42.5025 -0.034539  0.076417 0.0229421 -0.00976334  -0.0127931  -0.0104725 -0.00627071   0.0511268 0.000444878 -0.0110595 -0.0232585   0.043916 -0.00289812  0.00249557  0.00120562  0.0052941 0.00185942  0.0118366 0.00960459 0.00139361 -0.0135404  -0.490417 -0.0499468   -9.79661 
             42.6021 -0.0133142  0.0883624 0.00721344 -0.00848934  -0.0122045  -0.0105247 -0.00623001   0.0509677 0.000421666 -0.0110595 -0.0232583  0.0439163  0.00226392  0.00289296 0.000614154 0.00528347 0.00185269  0.0118443 0.00950494 0.00136659 -0.0135235  -0.490388 -0.0499382   -9.79661 
             42.7013 -0.0177832  0.0542037  0.0135201 -0.00936935   -0.012237  -0.0103208 -0.00626803   0.0510731 0.000427486 -0.0110593 -0.0232584  0.0439169 -0.00123958  0.00182805  0.00105606 0.00528792 0.00187501  0.0118416 0.00957142 0.00139138 -0.0135371 -0.490407 -0.049946  -9.79661 
             42.8012 -0.0252372  0.0787055  0.0185102 -0.00906794  -0.0124506 -0.00873917 -0.00632824    0.051028 0.000425924 -0.0110603 -0.0232593  0.0439167 0.000206896 0.000707621  0.00539279 0.00529299 0.00186084  0.0118389 0.00954036 0.00142526 -0.0137047  -0.490402 -0.0499557   -9.79661 
             42.9008 -0.00636227   0.0822733  0.00157892 -0.00904122  -0.0117003 -0.00936616 -0.00624022   0.0510319 0.000428839 -0.0110601 -0.0232595  0.0439166 1.94997e-05  0.00291525  0.00204792 0.00528072 0.00185909  0.0118471 0.00954354 0.00137331 -0.0135702    -0.4904 -0.0499401   -9.79661 
             43.0013  -0.0252239    0.100334 0.000242704 -0.00981548  -0.0121652   -0.010955 -0.00632701   0.0511214   0.0004247 -0.0110591 -0.0232586  0.0439159 -0.00196306  0.00174505 -0.00402759 0.00529425 0.00184777  0.0118498 0.00960209 0.00142875 -0.0133677  -0.490411 -0.0499557   -9.79661 
             43.1012 0.0149977 0.0899396 0.0065876   -0.011583  -0.0129495 -0.00961655 -0.00642339   0.0512912 0.000419566 -0.0110589 -0.0232566   0.043917 -0.00601909 -0.00215855  0.00188723   0.005269 0.00185508  0.0118481 0.00970404 0.00148979  -0.013561  -0.490444 -0.0499757    -9.7966 
             43.2013 -0.0330133  0.0821186  0.0349428  -0.0113116   -0.013536 -0.00982911  -0.0064769   0.0511999 0.000422982 -0.0110595 -0.0232566   0.043916 -0.00311861  -0.0030806 0.000221982 0.00529885 0.00186025  0.0118305 0.00964761 0.00152181 -0.0135215  -0.490427 -0.0499844    -9.7966 
             43.3004 -0.0686873  0.0724196 0.00141956  -0.012877 -0.0132857 -0.0106107 -0.00641014   0.0513337 0.000423579 -0.0110605 -0.0232559  0.0439174  -0.00639463 -0.000768145  -0.00231296 0.00531869 0.00186589  0.0118492 0.00973112 0.00148502 -0.0134242  -0.490449 -0.0499734    -9.7966 
             43.4013 -0.0459329  0.0697027  0.0238214 -0.0116782 -0.0125645 -0.0102983 -0.00632923    0.051138 0.000426466 -0.0110602 -0.0232559  0.0439167 -0.000938299   0.00208128 -0.000317466 0.00530603 0.00186686  0.0118368 0.00960888 0.00143238 -0.0134902  -0.490416 -0.0499575   -9.79661 
             43.5016 -0.0126958  0.0803084   0.032945  -0.0109772  -0.0137954 -0.00958643 -0.00650922   0.0510565 0.000431795 -0.0110609 -0.0232549  0.0439189  0.00081447 -0.00162306  0.00225167 0.00528444 0.00186006  0.0118313 0.00955332 0.00154245 -0.0135811  -0.490401 -0.0499879   -9.79661 
             43.6025 -0.0349825  0.0776123 0.00817569  -0.0103386  -0.0126624 -0.00984696 -0.00634702   0.0509993 0.000432334 -0.0110619 -0.0232545  0.0439194   0.0027125  0.00296764 0.000846593 0.00529827 0.00186156   0.011848 0.00952116 0.00144523 -0.0135234  -0.490393 -0.0499606   -9.79661 
             43.7013 -0.0152713   0.107031  0.0233806  -0.0105558  -0.0125334 -0.00982831 -0.00635517   0.0510633 0.000429574 -0.0110619 -0.0232545   0.043919  0.00237093  0.00220918 0.000670945 0.00528476 0.00184338  0.0118354 0.00955987 0.00145105 -0.0135135  -0.490403 -0.0499629   -9.79661 
             43.8008 -0.0247841   0.073713   0.008305 -0.00906997  -0.0123808   -0.010397 -0.00636548   0.0509273 0.000435678 -0.0110624 -0.0232543  0.0439185  0.00605334  0.00204951 -0.00140885 0.00529133 0.00186296   0.011842 0.00947982 0.00145675 -0.0134443  -0.490379 -0.0499635   -9.79661 
             43.9013 3.38473e-05   0.0907468 -0.00290163 -0.00781467  -0.0118888  -0.0116146 -0.00632429   0.0508586 0.000435891 -0.0110624 -0.0232546  0.0439183  0.00882978  0.00227042 -0.00465168 0.00527602 0.00185104  0.0118478 0.00944413 0.00143241 -0.0133244  -0.490368 -0.0499562   -9.79661 
             44.0013  -0.0101363   0.0971508 9.71605e-05 -0.00958003  -0.0123723  -0.0108591  -0.0064039   0.0511478 0.000435991 -0.0110627 -0.0232548  0.0439178   0.00218588 -0.000368961  -0.00126273  0.0052821 0.00184916  0.0118473 0.00961386 0.00148282  -0.013458  -0.490416 -0.0499724   -9.79661 
             44.1011 -0.0327958  0.0850218  0.0103444 -0.00986261  -0.0127069    -0.01046 -0.00644652   0.0512021 0.000438521 -0.0110627 -0.0232552  0.0439175  0.000938918 -0.000818456  0.000524671 0.00529684 0.00185728  0.0118429 0.00964393 0.00150993 -0.0135172  -0.490425 -0.0499807    -9.7966 
             44.2013  0.0268297  0.0982315 0.00615586 -0.00945158  -0.0124842 -0.00933411 -0.00639326   0.0511824 0.000436712  -0.011063 -0.0232536  0.0439172   0.00216649 -0.000736975     0.003514 0.00525902  0.0018496  0.0118449 0.00962256 0.00148072 -0.0136405   -0.49042 -0.0499741   -9.79661 
             44.3008  0.0203943   0.110797 -0.0157816 -0.0124874 -0.0120222  -0.010573 -0.00632641    0.051516 0.000440602  -0.011063 -0.0232554  0.0439163 -0.00602681  0.00104843 -0.00256184 0.00526211 0.00184198  0.0118574 0.00984721 0.00143196 -0.0134501  -0.490479 -0.0499581    -9.7966 
              44.401 -0.0800561  0.0959497   0.031042 -0.0113115 -0.0140219 -0.0117275 -0.00660041   0.0513324 0.000446438 -0.0110662 -0.0232547  0.0439085 -0.000933457  -0.00458204  -0.00454054 0.00532371 0.00185188  0.0118289  0.0097272 0.00160301 -0.0133497  -0.490445 -0.0500035    -9.7966 
             44.5005 -0.0279763  0.0704615  0.0290182 -0.00832193  -0.0135839  -0.0111899 -0.00650069    0.051028 0.000435319 -0.0110648 -0.0232549  0.0439059   0.00749502  -0.00140313 -0.000489348 0.00529192 0.00186856  0.0118299 0.00951554 0.00153413 -0.0134701  -0.490388 -0.0499863   -9.79661 
             44.5997 -0.0208416  0.0739877 -0.0116115 -0.00655546  -0.0121951  -0.0111754 -0.00633044   0.0509271 0.000437447 -0.0110669 -0.0232541  0.0439046   0.0105255  0.00400692 -0.00105327 0.00529083 0.00186538  0.0118575 0.00944671 0.00142205 -0.0134729   -0.49037 -0.0499553   -9.79661 
             44.7001  0.0140453  0.0996239 0.00683285 -0.00989245   -0.012968  -0.0104722 -0.00646273   0.0513978 0.000406268 -0.0110673 -0.0232538  0.0439035  -0.00270437 -6.52496e-05   0.00291597 0.00526926 0.00185485  0.0118435 0.00973561 0.00150141 -0.0135377  -0.490446 -0.0499786    -9.7966 
             44.8014  -0.055573  0.0697295 0.00835718 -0.0085416 -0.0123646 -0.0109096 -0.00638959   0.0512214 0.000433241 -0.0110675 -0.0232527  0.0439039  0.00186468   0.0029071 0.000445648  0.0053103 0.00187029  0.0118412 0.00962897 0.00146535 -0.0134603  -0.490418 -0.0499689   -9.79661 
             44.9016 0.00664433  0.0772878 0.00670977 -0.00797143  -0.0117427 -0.00951548  -0.0063423   0.0511711 0.000444674 -0.0110678 -0.0232508  0.0439036 0.00324591 0.00337055 0.00438244 0.00527256 0.00186488  0.0118426  0.0096057 0.00143305 -0.0136115  -0.490415 -0.0499606   -9.79661 
             45.0002 -0.00839068   0.0853079 0.000260998 -0.00975079  -0.0122586 -0.00946861 -0.00644059   0.0514064 0.000419407 -0.0110676 -0.0232509   0.043903 -0.00229068 0.000721175  0.00341185 0.00527955 0.00186142  0.0118454 0.00974461 0.00149238 -0.0135601  -0.490449 -0.0499764    -9.7966 
             45.1013 -0.0571061  0.0758991  0.0207219  -0.0100987  -0.0121151 -0.00932844 -0.00644031   0.0514187 0.000418889 -0.0110676 -0.0232505  0.0439031 -0.00221073  0.00149717   0.0027736  0.0053082 0.00186786   0.011833 0.00975217 0.00149294 -0.0135368  -0.490451 -0.0499764    -9.7966 
             45.2006 -0.0120649  0.0695573  0.0177538  -0.0121867  -0.0129213 -0.00868808 -0.00654472   0.0516091 0.000409737 -0.0110675 -0.0232501   0.043904 -0.00739396 -0.00191049  0.00418565 0.00528178 0.00187295  0.0118371 0.00987227 0.00156058 -0.0135751  -0.490482 -0.0499948    -9.7966 
             45.3013  -0.0290883    0.081288 -0.00175557  -0.0110111  -0.0124288 -0.00934121 -0.00647274   0.0514142 0.000411809 -0.0110675 -0.0232496  0.0439044 -0.00179861  0.00035016 0.000487286 0.00529595 0.00186525  0.0118491 0.00974938 0.00151378 -0.0134607  -0.490448 -0.0499816    -9.7966 
             45.4007 0.00174568   0.103246  0.0339434 -0.00881477  -0.0129824 -0.00958017 -0.0065427  0.0511823 0.00040843 -0.0110677 -0.0232508   0.043906   0.00550743  -0.00228888 -0.000131185 0.00527817 0.00185216    0.01183 0.00959715 0.00155701 -0.0134342  -0.490408 -0.0499918   -9.79661 
             45.5011 -0.0207682  0.0722775 -0.0251145 -0.00628537  -0.0118151  -0.0103253 -0.00639219   0.0509891 0.000403267 -0.0110705 -0.0232485  0.0439057   0.0109438  0.00228249 -0.00251024 0.00529577 0.00187155   0.011867  0.0094691 0.00145495  -0.013357  -0.490374 -0.0499635   -9.79661 
             45.6005 -0.00111539   0.0659408   0.0142069 -0.00718375  -0.0115704  -0.0110252 -0.00637756   0.0511835 0.000418931 -0.0110706 -0.0232478  0.0439064  0.00536596   0.0019108 -0.00393113 0.0052864 0.0018756  0.011845 0.00960288 0.00144528 -0.0132985  -0.490408 -0.0499614   -9.79661 
             45.7009 0.00512253   0.101607 0.00823979 -0.00917701  -0.0123648  -0.0104211 -0.00647156   0.0514448 0.000445144 -0.0110718 -0.0232474  0.0439051  -0.00104856  -0.00168923 -0.000944199 0.00528203 0.00185443  0.0118482 0.00977105 0.00151478  -0.013406  -0.490453 -0.0499817    -9.7966 
             45.8007  -0.003595  0.0936747 -0.0083518 -0.0104783 -0.0124928 -0.0100541 -0.00646399   0.0515616 0.000452637 -0.0110718 -0.0232478   0.043905 -0.00395791 -0.00186355 0.000341466 0.00528779  0.0018607  0.0118582 0.00984852 0.00151225 -0.0134557 -0.490473 -0.049982   -9.7966 
              45.901 0.00991812  0.0864443  0.0144046  -0.0107655  -0.0116018 -0.00959714 -0.00634074   0.0515503 0.000454307 -0.0110709 -0.0232479   0.043905 -0.00361296   0.0011254  0.00133697 0.00528055 0.00186583  0.0118431 0.00984016 0.00143035 -0.0135046  -0.490472 -0.0499616    -9.7966 
             46.0005 -0.0395388  0.0553971  0.0086883 -0.0100588 -0.0124302 -0.0103587 -0.00645811   0.0514466 0.000450393 -0.0110717 -0.0232469  0.0439031  -0.00085423 -0.000826155  -0.00145124 0.00530984 0.00188362  0.0118446 0.00976774  0.0015082 -0.0134108 -0.490452  -0.04998   -9.7966 
              46.101 -0.00639055    0.100137  0.00469102 -0.0109804 -0.0124178 -0.0108296 -0.00644128   0.0515331 0.000451331 -0.0110714 -0.0232473  0.0439024  -0.00256392 -0.000852384  -0.00234722 0.00528798 0.00185711  0.0118468 0.00983053 0.00149492 -0.0133712  -0.490468 -0.0499758    -9.7966 
             46.2011 -0.00997725   0.0604202   0.0139918 -0.0106681 -0.0135398 -0.0108747 -0.00655141   0.0514763 0.000452829 -0.0110714 -0.0232474  0.0439023 -0.00152317 -0.00450493 -0.00203571 0.00528808 0.00188051  0.0118412 0.00978928   0.001571 -0.0133968  -0.490457 -0.0499956    -9.7966 
             46.3013 -0.0373562  0.0641661  0.0324429  -0.010778 -0.0139103 -0.0102261 -0.0065488  0.0514756 0.00045223 -0.0110715 -0.0232478  0.0439023 -0.00110972 -0.00411322 0.000199572 0.00530318  0.0018775   0.011831 0.00978539 0.00156918 -0.0134912  -0.490458 -0.0499961    -9.7966 
             46.4017  -0.0356646   0.0910905 -0.00121063 -0.0121954 -0.0132133 -0.0118937 -0.00643212   0.0516017 0.000456121 -0.0110711 -0.0232484  0.0439016  -0.00428377 -0.000556332  -0.00480291 0.00530189 0.00186078  0.0118522 0.00987824 0.00148555 -0.0132997  -0.490478 -0.0499737    -9.7966 
             46.5001 -0.0326407  0.0727631  0.0361388 -0.0103075 -0.0133345 -0.0117943 -0.00645226    0.051389 0.000447163 -0.0110712  -0.023249  0.0439017   0.00282805 -0.000616722  -0.00296998 0.00530201 0.00187311  0.0118312 0.00972416 0.00149728 -0.0133713  -0.490441 -0.0499754    -9.7966 
             46.6004 -0.0657875  0.0573728 -0.0117829 -0.0090298 -0.0141297 -0.0105912 -0.00654531   0.0512908 0.000440373 -0.0110691 -0.0232494  0.0439006  0.00509583 -0.00207126  0.00185376 0.00532133 0.00188376   0.011859 0.00965061 0.00156239 -0.0135415 -0.490425 -0.049991   -9.7966 
             46.7011  -0.031772  0.0764769 0.00716221 -0.00950281  -0.0132637 -0.00953781 -0.00642442   0.0513883 0.000441702 -0.0110692 -0.0232486  0.0438993 0.00157126 0.00190695 0.00573326 0.00530097 0.00187301  0.0118478 0.00971636 0.00147986 -0.0136306  -0.490444 -0.0499706    -9.7966 
             46.8007 -0.024036  0.105169 0.0116107 -0.00987499  -0.0120671 -0.00954424 -0.00631408   0.0514481 0.000439074 -0.0110683 -0.0232488  0.0438985 0.00133434 0.00600893 0.00348208 0.00529451 0.00185739  0.0118439 0.00976045 0.00140665  -0.013565  -0.490454 -0.0499534    -9.7966 
             46.9012  -0.046609  0.0785788 0.00875396 -0.00903531  -0.0138849  -0.0105167  -0.0065926   0.0513756 0.000430769 -0.0110693 -0.0232482  0.0438968   0.00338935  -0.00103266 -0.000347806 0.00530908 0.00187417  0.0118478 0.00971021 0.00159223 -0.0134205  -0.490438 -0.0500001    -9.7966 
              47.001  -0.0702842   0.0592459 -0.00393185 -0.00805304  -0.0133618  -0.0108369 -0.00652846    0.051308  0.00044417 -0.0110697 -0.0232478  0.0438968  0.00458218  0.00207588 -0.00154983 0.00532449 0.00188406  0.0118586  0.0096656 0.00155403 -0.0133954  -0.490427 -0.0499912    -9.7966 
             47.1006 -0.0156859  0.0940885 -0.0162758 -0.00796018  -0.0118314  -0.0109841 -0.00637102   0.0513547 0.000445906 -0.0110703 -0.0232482  0.0438945  0.00421918  0.00512058 -0.00121911 0.00529044 0.00186397  0.0118657 0.00969524  0.0014461 -0.0133914  -0.490434 -0.0499647    -9.7966 
             47.2006 -0.0520235  0.0868351 -0.0099145 -0.00808039  -0.0116007 -0.00964348 -0.00641982   0.0514018 0.000440248 -0.0110705 -0.0232488  0.0438943 0.00263588  0.0046858 0.00335035 0.00531197 0.00186936  0.0118608 0.00972797 0.00147163 -0.0135504  -0.490445 -0.0499686    -9.7966 
             47.3012 0.0185846 0.0662398 0.0083753 -0.00763116  -0.0122185 -0.00915414   -0.006521   0.0513798 0.000436713 -0.0110712 -0.0232485   0.043896  0.00282192 0.000416294  0.00396752 0.00526839 0.00188045  0.0118516 0.00971375 0.00154411 -0.0135701  -0.490443 -0.0499864    -9.7966 
             47.4008 -0.0259621  0.0726101 0.00107241 -0.00895143  -0.0136415 -0.00964748 -0.00668226   0.0515302 0.000440716 -0.0110715 -0.0232473  0.0438946 -0.00165981  -0.0037521   0.0014954 0.00529653 0.00187596  0.0118577 0.00982051 0.00165391 -0.0134689  -0.490467 -0.0500125    -9.7966 
             47.5005 -0.027891 0.0966958 0.0212565  -0.0103681   -0.012912 -0.00865122 -0.00655787   0.0516573 0.000454875  -0.011072 -0.0232476  0.0438946  -0.00414042 -0.000633553   0.00386906 0.00530028 0.00186251   0.011847 0.00990872 0.00157109 -0.0135579  -0.490489 -0.0499924    -9.7966 
             47.5997 -0.0195535  0.0676765 0.00862227 -0.00899683  -0.0127396 -0.00924987 -0.00654299   0.0514865 0.000443793 -0.0110726 -0.0232475  0.0438939 0.000626724 0.000117853 0.000885642 0.00529668 0.00187957  0.0118528 0.00978853 0.00155499 -0.0134528  -0.490459 -0.0499879    -9.7966 
             47.7007  -0.0113964   0.0950337 -0.00866022 -0.00980909  -0.0119384 -0.00993323 -0.00646272   0.0515724 0.000450651 -0.0110728 -0.0232484  0.0438932 -0.00117328  0.00222794   -0.001451 0.00529439 0.00186416  0.0118643 0.00985113 0.00149422  -0.013366  -0.490472 -0.0499725    -9.7966 
             47.8013  -0.0413653    0.110854 0.000980925 -0.0114155 -0.0119852 -0.0113478 -0.00649624   0.0517072 0.000458215 -0.0110719 -0.0232471  0.0438923 -0.00533574  0.00220378 -0.00545571 0.00531303 0.00185539  0.0118585 0.00995292 0.00151644 -0.0132236  -0.490494 -0.0499768    -9.7966 
             47.9012 0.00693437  0.0978215 0.00127372 -0.0110503 -0.0128626 -0.0110221 -0.00659874   0.0516258 0.000450148 -0.0110717  -0.023246  0.0438935 -0.00265332 -0.00152076 -0.00286291   0.005282 0.00186357  0.0118575 0.00989304 0.00159479 -0.0133244  -0.490481 -0.0499965    -9.7966 
              48.001 -0.0134637  0.0786505 0.00821391 -0.0108693 -0.0128236 -0.0102386 -0.00657571   0.0515878 0.000447119 -0.0110708 -0.0232463  0.0438933  -0.00139754 -0.000759469  2.21602e-05 0.00529455 0.00187457  0.0118569 0.00986338 0.00158024 -0.0134433  -0.490475 -0.0499939    -9.7966 
             48.1002 -0.0256355  0.0877596  0.0223377 -0.0105808  -0.013548 -0.0110656 -0.00664339   0.0515518 0.000444766 -0.0110711 -0.0232461  0.0438929 3.74076e-05 -0.00275741 -0.00220003 0.00529942 0.00186982  0.0118495 0.00983782 0.00162846 -0.0133525  -0.490468 -0.0500046    -9.7966 
             48.2016 -0.0250231  0.0981347  0.0295368  -0.0103428  -0.0134796 -0.00993542 -0.00661017    0.051535 0.000446145 -0.0110714 -0.0232462   0.043893  0.00159177 -0.00208788  0.00200958 0.00529896 0.00186547  0.0118456 0.00982343 0.00160366 -0.0134972  -0.490467 -0.0499998    -9.7966 
             48.3009 -0.0538864  0.0546106 0.00656329 -0.00829659  -0.0132619 -0.00903833 -0.00658299   0.0513644 0.000447206 -0.0110708 -0.0232458  0.0438919   0.00706232 -8.93802e-05   0.00415635 0.00531573 0.00189032  0.0118577  0.0096955 0.00158048 -0.0135749  -0.490438 -0.0499938    -9.7966 
             48.4006 -0.0495947  0.0981302  -0.019943 -0.00898828    -0.01209 -0.00845223 -0.00646596    0.051488 0.000453976 -0.0110722  -0.023247  0.0438911 0.00307781 0.00412154 0.00481619 0.00531588 0.00186599  0.0118731 0.00978711 0.00149358 -0.0135875   -0.49046 -0.0499743    -9.7966 
             48.5019  -0.0122254    0.109096 -0.00207586 -0.00889806  -0.0127725 -0.00921663 -0.00656838   0.0515086 0.000450591 -0.0110716 -0.0232489  0.0438926  0.00304066 0.000850286 0.000728816 0.00529407 0.00185957  0.0118619 0.00980741 0.00156913 -0.0134573  -0.490463 -0.0499926    -9.7966 
             48.6023 -0.029953  0.101003 0.0441697  -0.0103875  -0.0134016 -0.00868113 -0.00663188    0.051668   0.0004545 -0.0110726 -0.0232471  0.0438925 -0.00193857  -0.0009918  0.00217203 0.00530239 0.00186583  0.0118314 0.00992647 0.00161954 -0.0135033   -0.49049 -0.0500043    -9.7966 
             48.7012 -0.0416088  0.0922863  0.0104655   -0.010539   -0.013309 -0.00808878 -0.00661472   0.0516687 0.000454747 -0.0110725 -0.0232471  0.0438925 -0.00146856 8.27379e-06  0.00302465 0.00530849 0.00187085  0.0118485 0.00992618 0.00160685 -0.0135449  -0.490491 -0.0500012    -9.7966 
             48.8011 -0.0240567  0.0993766   0.024678  -0.012781 -0.0136399 -0.0105363 -0.00663273   0.0518455 0.000456039 -0.0110726 -0.0232483  0.0438926 -0.00634211 -0.00137055 -0.00586202 0.00529682 0.00186825  0.0118396  0.0100699  0.0016244 -0.0132432  -0.490521 -0.0500071    -9.7966 
             48.9001  -0.0315266   0.0814662 -0.00361667 -0.0118834 -0.0130464 -0.0108293 -0.00657096   0.0517143  0.00045915  -0.011073 -0.0232474  0.0438921 -0.00153568 0.000774831 -0.00516425 0.00530334 0.00187764   0.011856  0.0099678 0.00157525 -0.0132784  -0.490499 -0.0499948    -9.7966 
             49.0005 0.0150601  0.102297 0.0331957 -0.00954899  -0.0124187  -0.0105515 -0.00652166   0.0515181 0.000455022 -0.0110731 -0.0232473  0.0438921  0.00578801   0.0012343 -0.00224706 0.00528271 0.00186663    0.01184 0.00980756 0.00153363 -0.0133689  -0.490463 -0.0499835    -9.7966 
             49.1012 -0.0337823  0.0759757 0.00526291 -0.00856396  -0.0122619  -0.0107877 -0.00652911   0.0514785 0.000453056 -0.0110731  -0.023247  0.0438919  0.00628884  0.00235729 -0.00204719 0.00531338 0.00188322  0.0118568 0.00977517 0.00153848 -0.0133596  -0.490456 -0.0499843    -9.7966 
             49.2017 -0.0325244  0.0777711  0.0107569 -0.00770108  -0.0147866  -0.0104378 -0.00679432     0.05146 0.000437489 -0.0110746 -0.0232471  0.0438921  0.00589075 -0.00643457  0.00159751 0.00531442 0.00188226  0.0118547  0.0097595 0.00173454 -0.0134182   -0.49045 -0.0500288    -9.7966 
             49.3007 -0.0120941  0.0950172  0.0301516 -0.00706402  -0.0147242  -0.0102214 -0.00672406   0.0514641 0.000443309 -0.0110744  -0.023247   0.043892  0.00686557 -0.00439415 0.000939977  0.0053025 0.00187128   0.011844 0.00976325 0.00168412 -0.0134313  -0.490452 -0.0500178    -9.7966 
             49.4013  -0.0773613   0.0496994 -0.00944467 -0.0063439 -0.0138446 -0.0100169 -0.00658667   0.0514619 0.000462979 -0.0110758 -0.0232471  0.0438942   0.00769129 -0.000596984   0.00139162 0.00534046 0.00189862  0.0118672 0.00976237 0.00159113 -0.0134396  -0.490453 -0.0499978    -9.7966 
             49.5012  -0.103063  0.0490022 0.00355061 -0.00588019  -0.0135724  -0.0111835 -0.00656566   0.0514915 0.000466811 -0.011076 -0.023246 0.0438945  0.00670857  0.00184947 -0.00242841 0.00535381 0.00190036  0.0118632 0.00978136 0.00157446 -0.0132995  -0.490454 -0.0499941    -9.7966 
              49.601  -0.0486489   0.0745221 -0.00754898 -0.00701242  -0.0123894 -0.00970367 -0.00645131   0.0516525 0.000489183 -0.0110777 -0.0232429  0.0438915 0.00176451 0.00548682  0.0026117 0.00532186 0.00188445   0.011869 0.00989156 0.00150332 -0.0134739  -0.490482 -0.0499779    -9.7966 
             49.7007  -0.0254592   0.0747106 -2.9724e-05  -0.0066313  -0.0114916 -0.00949293 -0.00641455   0.0516359 0.000485222 -0.0110776  -0.023243   0.043891  0.0019028 0.00651247  0.0027797 0.00530829 0.00188355  0.0118639 0.00987918 0.00147527 -0.0134687  -0.490479 -0.0499718    -9.7966 
             49.8005 -0.0214525   0.067178  0.0134308 -0.0092063 -0.0115114 -0.0093428 -0.00646804   0.0518702 0.000508907 -0.0110779  -0.023242  0.0438913 -0.00605326   0.0050084  0.00176586 0.00530651 0.00188657  0.0118576  0.0100609 0.00151879 -0.0134553  -0.490518 -0.0499812    -9.7966 
              49.901 -0.0140285   0.103963  0.0396184 -0.0117423 -0.0130079 -0.0091438 -0.00664919   0.0520386 0.000530661 -0.0110797 -0.0232408  0.0438905  -0.0110899 -0.00115242  0.00229564 0.00530463 0.00186448  0.0118433  0.0101916 0.00166476 -0.0134534  -0.490547 -0.0500132    -9.7966 
              50.001 -0.00218606   0.0795372   0.0144645  -0.0109203  -0.0140119 -0.00931345  -0.0067365   0.0518794 0.000524124 -0.0110793 -0.0232401  0.0438897 -0.00534535 -0.00458023  0.00119076 0.00529776 0.00187957  0.0118592  0.0100628 0.00173245 -0.0134153  -0.490517 -0.0500283    -9.7966 
             50.1001 -0.0402513  0.0731355 -0.0337801 -0.0110593 -0.0132494 -0.0108098 -0.00661428   0.0518512  0.00053572 -0.0110822 -0.0232373  0.0438915  -0.00362318 -0.000675793   -0.0041662 0.00532036 0.00188423   0.011889  0.0100384 0.00164443 -0.0132414   -0.49051 -0.0500089    -9.7966 
             50.2017 -0.0171657  0.0984386  0.0416367 -0.0126343 -0.0125845 -0.0108768  -0.0065386   0.0519528 0.000537481 -0.0110811  -0.023236   0.043891 -0.00711295  0.00139652 -0.00316156 0.00530775 0.00186982  0.0118454  0.0101203 0.00158734 -0.0132772  -0.490529 -0.0499973    -9.7966 
             50.2999 -0.0555774  0.0924367 -0.0270514 -0.0125149 -0.0121906 -0.0105943 -0.00652411   0.0518832 0.000536914 -0.0110812 -0.0232359  0.0438911 -0.00463704  0.00315525 -0.00149549 0.00532983 0.00187324  0.0118796  0.0100625 0.00157611  -0.013345  -0.490517 -0.0499952    -9.7966 
             50.4008 -0.0307997   0.073675  0.0117152  -0.0123085  -0.0126396 -0.00976438 -0.00658955   0.0518246 0.000530177 -0.0110813 -0.0232355  0.0438914 -0.00316628 0.000992042  0.00151849 0.0053162 0.0018858 0.0118567  0.0100141 0.00163274 -0.0134515 -0.490508 -0.050008   -9.7966 
             50.5014 -0.0256899  0.0829144  0.0498334 -0.00861666  -0.0143663  -0.0100025 -0.00676418   0.0515194 0.000504685  -0.011084 -0.0232393  0.0438919  0.00841674 -0.00469043 0.000520234 0.00531464 0.00188075  0.0118372 0.00975295 0.00176975 -0.0134201  -0.490452 -0.0500379    -9.7966 
             50.6012 -0.0405246   0.107425  0.0302231 -0.00863215  -0.0152177 -0.00967969 -0.00679271   0.0515933  0.00050565  -0.011084 -0.0232395  0.0438914  0.00690987 -0.00636124  0.00164675  0.0053252 0.00186649  0.0118508 0.00981458 0.00179436 -0.0134422  -0.490465 -0.0500434    -9.7966 
             50.7009 -0.0533149  0.0791746 -0.0243817 -0.00879365  -0.0131991  -0.0109617 -0.00654435   0.0516658  0.00053019 -0.0110905 -0.0232403  0.0438927  0.00518027  0.00210616 -0.00330247 0.00533264 0.00188208  0.0118815 0.00987158 0.00159708 -0.0132832  -0.490478 -0.0500024    -9.7966 
             50.7993  -0.0441052   0.0732741 -0.00256835 -0.00602532  -0.0116467 -0.00957548 -0.00642674   0.0514735 0.000519512 -0.0110896 -0.0232403  0.0438918  0.0117584 0.00634118 0.00259353 0.00532816 0.00188684   0.011871 0.00971729 0.00150561  -0.013466  -0.490449 -0.0499806    -9.7966 
             50.8996 -0.0268289  0.0815618 -0.0173555 -0.00798021  -0.0121856 -0.00970201 -0.00653394   0.0517234 0.000542861 -0.0110892 -0.0232412  0.0438921 0.00261795 0.00319803 0.00169592 0.00531819 0.00188242  0.0118776 0.00992315 0.00159123 -0.0134187  -0.490491 -0.0500001    -9.7966 
             50.9999 0.00462388   0.102172  0.0387562  -0.0103091  -0.0118283 -0.00972436 -0.00651721   0.0519436 0.000557043 -0.0110887 -0.0232383  0.0438906 -0.00461674  0.00340061  0.00106785 0.00530396 0.00187076  0.0118462  0.0100985 0.00158155 -0.0133931  -0.490526 -0.0499983    -9.7966 
             51.1002  -0.0052635   0.0700481 -0.00281369  -0.0102039  -0.0127936 -0.00946821 -0.00663872   0.0518917 0.000553081 -0.0110876 -0.0232382  0.0438899 -0.00355124 -0.00119051  0.00186208 0.00531089 0.00189064  0.0118727   0.010058 0.00167472 -0.0134111  -0.490519 -0.0500177    -9.7966 
             51.2027  0.0168003   0.088144 0.00640455  -0.0111512  -0.0126623 -0.00911901 -0.00660525    0.051948 0.000554501 -0.0110876 -0.0232381  0.0438897 -0.00505019 -0.00105998  0.00236414 0.00529981 0.00187845  0.0118684   0.010102 0.00164901 -0.0134257  -0.490528 -0.0500124    -9.7966 
             51.3012 -0.0651701   0.078881  0.0107234  -0.0085722  -0.0132441 -0.00916975 -0.00666911   0.0516918 0.000542458 -0.0110877 -0.0232379  0.0438878  0.00401364 -0.00172144 0.000977261 0.00535011 0.00188233  0.0118661  0.0098983 0.00169539 -0.0134028  -0.490486 -0.0500216    -9.7966 
             51.4043  -0.0507101   0.0856108 -0.00353749 -0.00543728  -0.0135692 -0.00863565 -0.00668515   0.0514608 0.000527873 -0.0110876 -0.0232373  0.0438878   0.0123915 -0.00219285  0.00232946 0.00534185 0.00187716  0.0118732 0.00971189 0.00170937 -0.0134471  -0.490449 -0.0500251    -9.7966 
             51.5016 -0.0365733  0.0624502  0.0319893 -0.00592242  -0.0130833 -0.00886512 -0.00662011   0.0516032 0.000546108 -0.0110873  -0.023237  0.0438876   0.00753442  0.000566491 -0.000126448 0.00533507  0.0018939  0.0118514 0.00982548 0.00165662 -0.0133918 -0.490471 -0.050014   -9.7966 
             51.6017  0.0180568  0.0976432 0.00648867  -0.0086338  -0.0121679 -0.00925543 -0.00653186   0.0518829 0.000560698 -0.0110873 -0.0232392  0.0438833 -0.00203787  0.00270668 -0.00103532  0.0053096 0.00188211  0.0118658  0.0100613 0.00157837 -0.0133427  -0.490518 -0.0499981    -9.7966 
             51.7011 -0.0740795  0.0866377  0.0101913 -0.00921123  -0.0131112  -0.0114465 -0.00663826   0.0519093  0.00056442 -0.0110874 -0.0232353  0.0438811 -0.00316014  0.00260657   -0.010317 0.00536098 0.00188832  0.0118631  0.0100892 0.00168035 -0.0131298   -0.49052 -0.0500205    -9.7966 
             51.8009 -0.00136215    0.100286  0.00803043 -0.0120748 -0.0121513 -0.0106022 -0.00656995   0.0521031 0.000566836 -0.0110881 -0.0232325  0.0438793 -0.00938972  0.00360186 -0.00478711 0.00532013 0.00188288  0.0118634  0.0102627 0.00161738 -0.0133173 -0.490559 -0.050008   -9.7966 
             51.9011 -0.0474774  0.0829934  0.0359227 -0.0115587 -0.0125979 -0.0108757 -0.00664066   0.0520162  0.00058948 -0.0110886 -0.0232336  0.0438778 -0.00451686  0.00111391 -0.00428407 0.00534562 0.00189305   0.011846   0.010162  0.0016873 -0.0133422  -0.490537 -0.0500225    -9.7966 
             52.0012  -0.0455808   0.0449183 -0.00302158 -0.0100072 -0.0127746  -0.010983 -0.00667343    0.051892 0.000620973 -0.0110876  -0.023232  0.0438758 0.000803746 5.15651e-05 -0.00305328 0.00534497 0.00191403  0.0118708  0.0100177 0.00171634 -0.0133794  -0.490505 -0.0500274    -9.7966 
             52.1011 -0.0222803  0.0754441  0.0105545 -0.0101488 -0.0133696 -0.0106945 -0.00672416   0.0519112 0.000625254 -0.0110882 -0.0232315  0.0438762  0.000459672  -0.00169267 -0.000796523 0.00533091 0.00189638   0.011861  0.0100318 0.00176612 -0.0134426  -0.490508 -0.0500379    -9.7966 
             52.2011 -0.0128395  0.0819523  0.0109347 -0.00911346  -0.0126562 -0.00884459  -0.0066625   0.0518516 0.000626221  -0.011089 -0.0232307  0.0438762 0.00322076 0.00114632 0.00505517 0.00532395 0.00189184  0.0118619  0.0099592 0.00169837 -0.0136521  -0.490497 -0.0500219    -9.7966 
             52.3011 -0.0489764  0.0750756  0.0240537 -0.00813481  -0.0142652  -0.0089475 -0.00682074   0.0518035 0.000630945 -0.0110899 -0.0232305  0.0438746  0.00504129 -0.00387198  0.00390901  0.0053457 0.00189709  0.0118546 0.00991488 0.00183561  -0.013588  -0.490486 -0.0500495    -9.7966 
             52.4007 -0.0519123   0.106119  0.0172129  -0.0103092  -0.0140146 -0.00924793 -0.00675233   0.0520212 0.000638477 -0.0110893 -0.0232301  0.0438733  -0.00192588 -0.000901629   0.00117441 0.00534631 0.00187932  0.0118595  0.0101091 0.00178104 -0.0135099 -0.490523  -0.05004   -9.7966 
             52.5003  -0.06138 0.0650212 0.0191397  -0.0100259  -0.0135702 -0.00909503  -0.0067049   0.0519797 0.000636781 -0.0110894 -0.0232301  0.0438731 -0.000708684   0.00086731   0.00144467 0.0053507 0.0019037 0.0118558  0.0100742 0.00174151 -0.0135122 -0.490517 -0.050032   -9.7966 
             52.6018 -0.0260853  0.0873711  0.0227399 -0.00817626   -0.013435 -0.00909267 -0.00670653   0.0518315 0.000628384 -0.0110894 -0.0232302  0.0438734  0.00553683 0.000257109   0.0010466 0.00533067   0.001891  0.0118546 0.00994872 0.00173911 -0.0135024  -0.490493 -0.0500303    -9.7966 
             52.7013 0.0026488 0.0876798 0.0372252 -0.00782168  -0.0135174 -0.00999207 -0.00671544   0.0518435 0.000627539 -0.0110892 -0.0232315  0.0438735    0.0054627 -0.000636619  -0.00212908 0.00531601  0.0018911  0.0118466 0.00996156 0.00174526 -0.0133967  -0.490494 -0.0500326    -9.7966 
             52.8005 -0.0365907  0.0655636  0.0258473 -0.00844709  -0.0126768  -0.0117916 -0.00663099   0.0519291 0.000637012 -0.0110907 -0.0232297  0.0438753  0.00134699  0.00277445 -0.00674063 0.00533871 0.00190507  0.0118532  0.0100394   0.001677 -0.0132261  -0.490507 -0.0500214    -9.7966 
             52.9008 -0.00664804   0.0670914    0.029397 -0.00911235  -0.0129516  -0.0111619 -0.00666561   0.0519947 0.000641151 -0.0110902 -0.0232296  0.0438756 -0.000901571   0.00124863  -0.00302511 0.00531921 0.00190518  0.0118511  0.0100932 0.00171728  -0.013366  -0.490519 -0.0500308    -9.7966 
             53.0009 -0.0317559   0.065712  0.0198167 -0.0101697 -0.0138962  -0.010211 -0.00675008   0.0520737 0.000646471 -0.0110901 -0.0232307  0.0438748 -0.00398761 -0.00177671  0.00105323 0.00533392 0.00190532  0.0118566  0.0101575 0.00179891 -0.0134992  -0.490532 -0.0500488    -9.7966 
             53.1004  -0.0852651   0.0822783 -0.00947349  -0.010381 -0.0137264 -0.0103643 -0.00672423   0.0520645 0.000646476 -0.0110902 -0.0232301  0.0438755  -0.00312827 -4.44521e-05  0.000205236 0.00536401 0.00189484  0.0118719  0.0101499 0.00177606 -0.0134732   -0.49053 -0.0500441    -9.7966 
             53.2001   -0.027207   0.0933779 -0.00431634  -0.0104181  -0.0126848 -0.00944806 -0.00662752   0.0520465 0.000649768 -0.0110905 -0.0232288   0.043874 -0.00165869  0.00240299  0.00333632 0.00532737 0.00188949  0.0118701  0.0101324 0.00169163 -0.0135654   -0.49053 -0.0500276    -9.7966 
             53.3018 -0.0225306  0.0982111 -0.0219666 -0.00959469  -0.0118436 -0.00930613 -0.00657973   0.0519746 0.000647262 -0.0110905 -0.0232289  0.0438737 0.00197948  0.0038869 0.00273763 0.00532434 0.00188656  0.0118799  0.0100665  0.0016478 -0.0135479  -0.490517 -0.0500188    -9.7966 
             53.4007 -0.00471891    0.098171  0.00198308  -0.0101528  -0.0127952 -0.00855064 -0.00669693   0.0520272 0.000645412 -0.0110915 -0.0232282  0.0438744  0.000162967 -0.000228552   0.00391357 0.00531404 0.00188705  0.0118636  0.0101153 0.00175316 -0.0136032  -0.490528 -0.0500386    -9.7966 
             53.5006 -0.00923508   0.0876115    0.013832 -0.00988995  -0.0132428 -0.00900085 -0.00673457    0.052006 0.000644093 -0.0110922 -0.0232284  0.0438744 0.000704341 -0.00136277  0.00130167 0.00531685  0.0018944   0.011856   0.010098 0.00178426 -0.0135142  -0.490524 -0.0500448    -9.7966 
             53.6011 -0.00151483   0.0818324 -0.00137947   -0.010777   -0.013803 -0.00861079 -0.00676201   0.0520785 0.000648007  -0.011092 -0.0232284  0.0438746 -0.00192854 -0.00335211  0.00221231 0.00531076 0.00189942  0.0118646  0.0101646 0.00181005 -0.0135399  -0.490537 -0.0500493    -9.7966 
             53.7001 0.00641343  0.0964207  0.0245411  -0.0107062  -0.0135413 -0.00899893 -0.00670958   0.0520609 0.000645744 -0.0110914 -0.0232285  0.0438747 -0.00112642 -0.00204437 0.000594677 0.00530748  0.0018912  0.0118513  0.0101516 0.00175801 -0.0134728  -0.490534 -0.0500386    -9.7966 
              53.801  -0.0574203   0.0858955 -0.00857191  -0.0100686  -0.0127267 -0.00961686 -0.00663228   0.0520068 0.000646004 -0.0110925 -0.0232266  0.0438765  0.00094237  0.00219367 -0.00073353 0.00534485 0.00189845  0.0118729  0.0101033 0.00168725 -0.0133991  -0.490524 -0.0500243    -9.7966 
             53.9011 0.000821319    0.109969   0.0455252 -0.00961974  -0.0134353 -0.00824026 -0.00670256   0.0519808 0.000642441 -0.0110947 -0.0232251   0.043878  0.00272626 -0.00151123  0.00379309 0.00531238 0.00188432  0.0118405  0.0100768 0.00175882 -0.0135561   -0.49052 -0.0500403    -9.7966 
             53.9996 -0.00805149   0.0893604   0.0186539  -0.0100837  -0.0139576 -0.00981118 -0.00673227   0.0520505 0.000639571 -0.0110956 -0.0232257  0.0438783 0.000373286 -0.00302849 -0.00181735 0.00531879 0.00189735  0.0118563  0.0101251 0.00178444 -0.0133438  -0.490526 -0.0500433    -9.7966 
              54.101 -0.0356523   0.107312 0.00757024 -0.0100483  -0.014233 -0.0100255   -0.006734   0.0520556 0.000639504 -0.0110956 -0.0232257  0.0438783 0.000838184 -0.00176697  -0.0022713 0.00533483 0.00188824  0.0118631  0.0101292 0.00178581 -0.0133399  -0.490527 -0.0500435    -9.7966 
              54.201 -0.0268304  0.0624918  0.0358729 -0.0109303 -0.0135076 -0.0111414  -0.0066451   0.0521347 0.000656241 -0.0110961 -0.0232254  0.0438789 -0.00247784  0.00090515 -0.00513717 0.00533193 0.00191377  0.0118476  0.0101953 0.00171022 -0.0132406  -0.490539 -0.0500297    -9.7966 
             54.3009 -0.0377373  0.0756692  0.0341584 -0.00948993  -0.0128553 -0.00952141 -0.00659813    0.052004  0.00065436 -0.0110964 -0.0232257   0.043879 0.00281588  0.0024641 0.00107549 0.00533729 0.00190589   0.011848  0.0100808  0.0016699 -0.0134705  -0.490521 -0.0500222    -9.7966 
             54.4011 0.0117983 0.0973832 0.0108736  -0.0119651  -0.0127294 -0.00870398 -0.00658836   0.0522141 0.000664626 -0.0110969 -0.0232264  0.0438778 -0.00418629  0.00084586  0.00320961  0.0053063 0.00189337  0.0118632  0.0102737 0.00166825 -0.0135395  -0.490557 -0.0500252    -9.7966 
             54.5012 -0.00571801   0.0837008    0.020929 -0.00996916  -0.0124246 -0.00885989 -0.00658436   0.0520399 0.000656322 -0.0110968 -0.0232265  0.0438779 0.00275063 0.00103638 0.00183584  0.0053143 0.00190284  0.0118538  0.0101046 0.00165582 -0.0134952  -0.490525 -0.0500197    -9.7966 
             54.6008 0.0334532 0.0891277 0.0220735 -0.00911512  -0.0116626 -0.00892694 -0.00653267   0.0519973 0.000653335 -0.0110967 -0.0232268  0.0438774  0.00489346  0.00220346 0.000597218 0.00529037 0.00190056   0.011852  0.0100644 0.00159977 -0.0134698  -0.490518 -0.0500082    -9.7966 
             54.7012 -0.0378721  0.0935856  0.0120591 -0.00726041  -0.0128271  -0.0110792 -0.00666966   0.0519034 0.000648659 -0.0110964 -0.0232222  0.0438746  0.00858524 -0.00117963 -0.00609644 0.00533245 0.00189935  0.0118562 0.00997027 0.00172081 -0.0132367  -0.490497 -0.0500258    -9.7966 
             54.8017 -0.0555154   0.118485  0.0351013 -0.00866529  -0.0143377  -0.0115506 -0.00677664   0.0520681 0.000661971 -0.0110971 -0.0232216   0.043872  0.00258205 -0.00451283 -0.00540295 0.0053429 0.0018843 0.0118422   0.010133 0.00183354 -0.0132459  -0.490525 -0.0500491    -9.7966 
             54.9014 -0.0162326   0.065062  0.0176258 -0.0106596 -0.0138619 -0.0105312  -0.0066744   0.0522206 0.000676309 -0.0110953 -0.0232212  0.0438735  -0.00413866  -0.00216845 -0.000456369 0.00532139 0.00191062  0.0118513  0.0102875 0.00175076 -0.0134028  -0.490555 -0.0500381    -9.7966 
              55.001 -0.0216557  0.0788333  0.0255042 -0.0112007 -0.0139491 -0.0105273 -0.00666252   0.0522314 0.000677316 -0.0110952 -0.0232212  0.0438735  -0.00416189  -0.00198783 -0.000272847 0.00532412 0.00190217  0.0118472  0.0102978 0.00174044 -0.0134065  -0.490557 -0.0500364    -9.7966 
             55.1009 -0.0565099  0.0825604  0.0300516 -0.0120236 -0.0142819 -0.0104379 -0.00668047   0.0522595 0.000677219 -0.0110953 -0.0232212  0.0438733  -0.00517008  -0.00160034 -3.62193e-06 0.00534518 0.00190117  0.0118459   0.010324 0.00175731 -0.0134178  -0.490562 -0.0500398    -9.7966 
             55.2013 -0.0488862   0.083698 0.00188009 -0.0121298  -0.013846 -0.0106217 -0.00663449   0.0522304 0.000680405 -0.0110957 -0.0232211  0.0438732  -0.00368517   0.00024986 -0.000517913 0.00534181 0.00189911  0.0118628  0.0102964 0.00171467 -0.0133985  -0.490557 -0.0500319    -9.7966 
             55.3011 -0.00154086    0.100442    0.051125 -0.00756998  -0.0119741 -0.00927716 -0.00650367   0.0518734 0.000682191 -0.0110946 -0.0232229  0.0438728  0.0107004 0.00551186 0.00391691 0.00531613 0.00188881  0.0118344 0.00996181 0.00157744 -0.0135523  -0.490503 -0.0500016    -9.7966 
             55.4013 -0.0146529  0.0925558  0.0111852  -0.0078198  -0.0125472 -0.00878803 -0.00659041     0.05197 0.000678924  -0.011094 -0.0232232   0.043873 0.00710399 0.00216693 0.00453701 0.00532584  0.0018925  0.0118585  0.0100538 0.00166306 -0.0135602  -0.490518 -0.0500181    -9.7966 
             55.5015 -0.0190201  0.0904676  0.0254347  -0.0105847  -0.0135764 -0.00968139 -0.00667711   0.0522253 0.000684376 -0.0110939  -0.023223  0.0438727 -0.00301598  -0.0016754 0.000955925 0.00532786 0.00189234  0.0118503  0.0103013 0.00175247 -0.0134088  -0.490558 -0.0500378    -9.7966 
             55.6011 -0.0349519  0.0730821  0.0415723  -0.0114483  -0.0135159 -0.00974175 -0.00665531   0.0522657  0.00068671  -0.011094 -0.0232227  0.0438731 -0.00453594  -0.0011488 0.000530123 0.00533512 0.00190163  0.0118424  0.0103403 0.00173441  -0.013389  -0.490565 -0.0500353    -9.7966 
             55.7011 -0.0391271  0.0558904  0.0231307 -0.0105348  -0.013073 -0.0107042 -0.00661888   0.0521623 0.000685779 -0.0110948 -0.0232221  0.0438727 -0.000636615  0.000600089  -0.00244577  0.0053384 0.00191171  0.0118513  0.0102467 0.00169572 -0.0132852  -0.490549 -0.0500264    -9.7966 
             55.8009 -0.047071 0.0940889 0.0329016 -0.0105631 -0.0153164 -0.0108591 -0.00682506   0.0521689 0.000677066 -0.0110951 -0.0232222  0.0438715 0.000103517 -0.00608242 -0.00198567 0.00534347 0.00188861  0.0118445  0.0102456 0.00187852 -0.0132993  -0.490545 -0.0500574    -9.7966 
             55.9018 -0.0368242  0.0748357  0.0291756 -0.0114793 -0.0146716 -0.0107871 -0.00671792   0.0522303 0.000687962 -0.0110953 -0.0232222  0.0438707 -0.00242443  -0.0017667  -0.0013526 0.00533718 0.00190054  0.0118451  0.0103059 0.00178323 -0.0133244  -0.490558 -0.0500423    -9.7966 
              56.001 -0.0538956  0.0725359 0.00664825 -0.00886965   -0.013381 -0.00976284 -0.00661295   0.0520203 0.000682631 -0.0110961  -0.023221  0.0438708 0.00514712 0.00330197 0.00239754 0.00534983 0.00190185  0.0118582  0.0101091 0.00167856 -0.0134508  -0.490529 -0.0500201    -9.7966 
             56.1012 -0.000209324      0.12032   -0.0164701 -0.0104898 -0.0120429  -0.010115 -0.00652037   0.0521804 0.000687367  -0.011096 -0.0232231  0.0438669 0.000289236  0.00633968 -0.00113915 0.00531797 0.00187299  0.0118727   0.010269 0.00158556 -0.0133875  -0.490557 -0.0500067    -9.7966 
             56.2009 -0.0675324  0.0967496  0.0259635 -0.0104566 -0.0139962 -0.0106874 -0.00673116   0.0521871 0.000688692 -0.0110997 -0.0232231  0.0438625  0.000874086 -0.000270152  -0.00363798 0.00535897 0.00188701  0.0118524  0.0102678 0.00180003 -0.0133535  -0.490553 -0.0500445    -9.7966 
             56.3009 -0.00811221    0.073666   0.0395932  -0.010054 -0.0133349 -0.0101573 -0.00668739   0.0521673 0.000689221 -0.0110985 -0.0232223  0.0438616  0.00125925  0.00149029 0.000107909 0.00532484 0.00189953  0.0118443  0.0102402 0.00174132 -0.0134391  -0.490549 -0.0500328    -9.7966 
             56.4013  0.00116404    0.109018 -0.00544534  -0.0111689  -0.0123988 -0.00965846 -0.00663387   0.0522453    0.000682 -0.0110998  -0.023223  0.0438606 -0.00172064  0.00225544  0.00183161 0.00531703 0.00187983  0.0118678  0.0103347 0.00166817  -0.013494  -0.490567 -0.0500193    -9.7966 
             56.5011 -0.00101479   0.0931178   0.0598676  -0.0125737  -0.0143006 -0.00979964  -0.0067685   0.0523199 0.000673391 -0.0111032 -0.0232218  0.0438609 -0.00531541 -0.00448172 0.000499211 0.00531803 0.00189015  0.0118279  0.0104192 0.00183779 -0.0134667   -0.49058 -0.0500512    -9.7966 
             56.6017 -0.0169589  0.0924414  0.0192621  -0.0113823  -0.0146313 -0.00993472 -0.00676562   0.0522152 0.000669654 -0.0111033 -0.0232205  0.0438607 -0.000662459  -0.00396529  0.000133039 0.00532878 0.00189058  0.0118559   0.010298 0.00183136   -0.01345  -0.490559 -0.0500488    -9.7966 
             56.6997 -0.00376775   0.0593779    0.019782  -0.0116657  -0.0135178 -0.00919606 -0.00663692   0.0522229 0.000688378 -0.0111028 -0.0232205  0.0438608 -0.00147134 0.000457077  0.00203985 0.00532034 0.00190995  0.0118561   0.010313 0.00170537 -0.0135248  -0.490564 -0.0500286    -9.7966 
              56.801 -0.0106536   0.102168  0.0230625 -0.0103294  -0.013454 -0.0103294  -0.0066495   0.0521313 0.000677115 -0.0111011   -0.02322  0.0438618   0.00357587 -1.60625e-05  -0.00195616  0.0053258 0.00188506   0.011853  0.0102153 0.00170218 -0.0133842  -0.490547 -0.0500239    -9.7966 
             56.9008 -0.00459969    0.102926   0.0226055 -0.0098826 -0.0132772  -0.010265 -0.00663155   0.0521259 0.000678311 -0.0111013   -0.02322  0.0438618   0.00470416 -0.000303691  -0.00109877 0.00532279 0.00188422  0.0118516  0.0102106 0.00168644 -0.0134115  -0.490547 -0.0500217    -9.7966 
              57.001  0.0232872  0.0944593 0.00711257 -0.0085524 -0.0126492 -0.0102283 -0.00657822   0.0520655 0.000676931 -0.0111015 -0.0232196  0.0438613  0.00773016 0.000857246 -0.00082137  0.0053091 0.00188986  0.0118596  0.0101494  0.0016324 -0.0134283  -0.490538 -0.0500121    -9.7966 
              57.101 -0.0211067  0.0815093 0.00699575 -0.00711093  -0.0125681    -0.01069 -0.00658886   0.0520187 0.000672844 -0.0111018 -0.0232191  0.0438609  0.00938122  0.00107998 -0.00168432 0.00533463 0.00189838  0.0118595  0.0101017 0.00163869 -0.0133918  -0.490529 -0.0500117    -9.7966 
             57.2012 -0.029919  0.077238 0.0148725 -0.00959522  -0.0132472  -0.0104892 -0.00663493   0.0522471  0.00070062 -0.0111019 -0.0232187  0.0438612 -0.000447315  -0.00079218  -0.00108995  0.0053404 0.00189964  0.0118547  0.0103394 0.00169754 -0.0134292  -0.490568 -0.0500246    -9.7966 
              57.301 -0.0197288   0.115012  0.0382587 -0.0112094 -0.0143582 -0.0108828 -0.00670678   0.0523563 0.000716722 -0.0111024 -0.0232177  0.0438604 -0.00426813 -0.00373723 -0.00161948 0.00533573 0.00187793  0.0118423  0.0104547  0.0017742 -0.0133959  -0.490586 -0.0500376    -9.7966 
              57.401 -0.0222061  0.0728948 0.00665524  -0.0103453  -0.0135423 -0.00927283 -0.00661155   0.0522746 0.000709984 -0.0111016 -0.0232169  0.0438595 -0.000437661 -0.000546397   0.00388247 0.00533597 0.00189886  0.0118579  0.0103635 0.00168085 -0.0135816  -0.490574 -0.0500237    -9.7966 
             57.5014   -0.0576609    0.0837091 -0.000418235   -0.010225  -0.0143798 -0.00926826 -0.00667678   0.0522644 0.000708769 -0.0111012 -0.0232167  0.0438589  0.00049564 -0.00243164  0.00231781 0.00535797 0.00189198  0.0118619  0.0103532 0.00174822 -0.0135432  -0.490571 -0.0500345    -9.7966 
             57.6018 -0.0322312   0.096018  0.0252839  -0.0113239  -0.0142028 -0.00863568 -0.00664333    0.052339 0.000711937  -0.011101 -0.0232159  0.0438583 -0.00213745 -0.00130088  0.00399539 0.00534077 0.00188544   0.011845  0.0104318 0.00171546 -0.0135783  -0.490584 -0.0500297    -9.7966 
             57.7033 -0.0522018  0.0547415   0.016107  -0.0116026  -0.0151711 -0.00890321 -0.00670848   0.0523392 0.000709557 -0.0111016 -0.0232158  0.0438582 -0.00265224 -0.00327065   0.0020409 0.00535219 0.00190751  0.0118488   0.010431 0.00178565  -0.013511  -0.490583 -0.0500416    -9.7966 
             57.8011 -0.039937  0.072658  0.015324  -0.0125601  -0.0141831 -0.00943618 -0.00660832    0.052385 0.000711574 -0.0111013 -0.0232161  0.0438575 -0.00499133  0.00146894  -0.0001571 0.00534842 0.00189835   0.011849  0.0104812 0.00168306 -0.0134343  -0.490591 -0.0500258    -9.7966 
              57.901 -0.00481756    0.105479   0.0414164  -0.0127106  -0.0146728 -0.00956101 -0.00665032   0.0523685 0.000711885 -0.0111016 -0.0232163  0.0438583  -0.00359227 -0.000933213 -0.000566287 0.00532574 0.00187931  0.0118332  0.0104633 0.00172681 -0.0134267  -0.490587 -0.0500328    -9.7966 
             58.0011 -0.0316538  0.0671997  0.0102131  -0.0120917  -0.0140421 -0.00960396 -0.00659968   0.0523041 0.000712712 -0.0111022 -0.0232159  0.0438581 -0.000898375   0.00108081 -0.000683312 0.00534451 0.00190033   0.011854  0.0103961 0.00167235  -0.013428  -0.490577 -0.0500235    -9.7966 
             58.0993 -0.00625278    0.091849   0.0239176  -0.0107026  -0.0128817 -0.00995575 -0.00652316    0.052208 0.000711497 -0.0111019  -0.023216  0.0438584  0.00364832  0.00349062 -0.00156139  0.0053304 0.00188497  0.0118459  0.0102979 0.00158927 -0.0133979 -0.490563 -0.050009   -9.7966 
             58.2014 -0.0289381  0.0815117  0.0279042 -0.0110507 -0.0131014 -0.0108709 -0.00656897   0.0522564 0.000711848  -0.011102 -0.0232154   0.043858  0.00207932  0.00195986 -0.00385314 0.00534191  0.0018917  0.0118432  0.0103473 0.00163714 -0.0133152  -0.490569 -0.0500171    -9.7966 
                58.3 -0.0333091    0.10904  0.0264136 -0.0106469 -0.0128289 -0.0100605 -0.00656191   0.0522424 0.000711316 -0.0111028 -0.0232159  0.0438581  0.00321371  0.00239864 0.000220847 0.00534251 0.00187536   0.011841  0.0103319 0.00163515 -0.0134393  -0.490568 -0.0500174    -9.7966 
             58.4012 -0.0365885  0.0599624 0.00203346 -0.00866049   -0.012591 -0.00979597 -0.00656991   0.0521249 0.000700057 -0.0111023  -0.023215  0.0438566 0.00712623 0.00285716 0.00100435  0.0053426 0.00190377   0.011852  0.0102063 0.00163997 -0.0134697  -0.490549 -0.0500167    -9.7966 
             58.5001 0.000476239    0.102096 -0.00535973 -0.0129292 -0.0121925  -0.010225  -0.0065456   0.0524602 0.000723315 -0.0111018 -0.0232172  0.0438537 -0.00686722   0.0030784 9.40398e-05 0.00532319 0.00188015  0.0118562  0.0105655 0.00161627 -0.0134013  -0.490604 -0.0500165    -9.7966 
             58.6012 -0.0310437   0.112445 0.00414909  -0.0142357  -0.0135487 -0.00939167 -0.00667306   0.0525081 0.000721434 -0.0111029 -0.0232177  0.0438525 -0.00774335 -0.00151882  0.00193333 0.00534124 0.00187412  0.0118503  0.0106126 0.00174687 -0.0134898  -0.490611 -0.0500372    -9.7966 
             58.7012 -0.0409875  0.0659416 0.00782274  -0.0119685  -0.0136124 -0.00980449 -0.00667728    0.052303 0.000712064 -0.0111036 -0.0232182  0.0438503 6.27687e-05 -0.00122738  0.00145739  0.0053482 0.00189962  0.0118495  0.0104006  0.0017447 -0.0134278  -0.490578 -0.0500361    -9.7966 
             58.8014 0.0331183 0.0956869 0.0277827  -0.0104477  -0.0125649 -0.00957227 -0.00658463   0.0522078 0.000719435 -0.0111026 -0.0232188  0.0438485  0.00602222  0.00095022 -0.00116875 0.00530231 0.00188397  0.0118383  0.0103017 0.00164737 -0.0134527  -0.490564 -0.0500212    -9.7966 
             58.9014 -0.0135444   0.114859 -0.0256829  -0.0109607  -0.0129834 -0.00992563 -0.00662805   0.0522773  0.00070757 -0.0111017 -0.0232194  0.0438476   0.00341887 -0.000246451  -0.00127205  0.0053279 0.00187226  0.0118662  0.0103789 0.00169422 -0.0134177  -0.490575 -0.0500283    -9.7966 
             59.0011 -0.00802891    0.101221   0.0139338  -0.0106311  -0.0137265 -0.00957005 -0.00667598   0.0522773  0.00070469  -0.011102 -0.0232197  0.0438472  0.00320745 -0.00251703 0.000577661 0.00532572 0.00188026  0.0118438  0.0103778 0.00175228 -0.0134677  -0.490575 -0.0500382    -9.7966 
             59.1016 -0.0135254  0.0896343  0.0111882  -0.0091169   -0.013359 -0.00953416 -0.00663473   0.0522119 0.000707836 -0.0111019 -0.0232199   0.043847   0.00679874 -0.000353832 -0.000124364 0.00532932 0.00188684  0.0118441   0.010296 0.00170045 -0.0134698  -0.490562 -0.0500302    -9.7966 
             59.2018 0.00102688  0.0924813  0.0121728 -0.00916116  -0.0137917  -0.0102632 -0.00665711   0.0522524 0.000707793 -0.0111019 -0.0232202  0.0438471  0.00479205 -0.00211237 -0.00197086 0.00532166 0.00188484  0.0118421  0.0103508 0.00172437 -0.0133922  -0.490571 -0.0500326    -9.7966 
             59.3011  -0.04302  0.102079 0.0396946  -0.0092848  -0.0142644 -0.00987156 -0.00667403    0.052294  0.00070933 -0.0111022 -0.0232206  0.0438467    0.0038925  -0.00282042 -0.000641434 0.00534679 0.00187921   0.011825  0.0103982 0.00174741 -0.0134545  -0.490578 -0.0500371    -9.7966 
             59.4014 -0.0319204  0.0732441  0.0187367  -0.0087337  -0.0139941 -0.00949603 -0.00663341   0.0522828 0.000710489 -0.0111021 -0.0232205  0.0438465   0.0047854 -0.00167359  0.00118199 0.00533787 0.00189706  0.0118348  0.0103847 0.00170296 -0.0135001  -0.490577 -0.0500308    -9.7966 
             59.5011  -0.0530389   0.0700695 -0.00518353 -0.00908036  -0.0133542 -0.00948964  -0.0065813   0.0523295 0.000715928 -0.011103 -0.023221 0.0438472  0.00249466   0.0014705 0.000674473 0.00534837 0.00189883  0.0118468  0.0104412  0.0016432 -0.0134879  -0.490586 -0.0500218    -9.7966 
             59.6009 -0.0366384  0.0943781  0.0180159 -0.0105954 -0.0145275 -0.0105711 -0.00667478   0.0524357 0.000723463 -0.0111024 -0.0232216  0.0438472 -0.00206671 -0.00205475 -0.00309197 0.00533723 0.00188596  0.0118325  0.0105683 0.00174772 -0.0133662  -0.490603 -0.0500386    -9.7966 
             59.7015 -0.0531457  0.0742532  0.0316631 -0.00903817   -0.013753  -0.0109517 -0.00661244    0.052323 0.000713299 -0.0111019 -0.0232223  0.0438469  0.00207025  0.00160225 -0.00266258 0.00534991  0.0018981  0.0118279  0.0104396 0.00167167 -0.0133603  -0.490584 -0.0500262    -9.7966 
             59.8011 0.0136201 0.0672591 0.0261672 -0.00805143  -0.0130873 -0.00975446  -0.0065634   0.0522776 0.000711829 -0.0111014 -0.0232194  0.0438457 0.00423997 0.00207478 0.00165104 0.00531138 0.00190191  0.0118314   0.010385 0.00162141 -0.0135173  -0.490579 -0.0500171    -9.7966 
             59.9013 -0.0459195  0.0748888  0.0558729  -0.010411  -0.015219 -0.0106316 -0.00672727   0.0524614 0.000723631 -0.0111025 -0.0232171  0.0438426 -0.00385362 -0.00472701 -0.00136435 0.00534606 0.00189626  0.0118141  0.0105854 0.00180991 -0.0134062  -0.490604 -0.0500482    -9.7966 
              60.001 -0.0573733  0.0844337   0.023147 -0.0130262 -0.0155979 -0.0107234 -0.00671639   0.0526033 0.000735401 -0.0111026 -0.0232183  0.0438421 -0.00961113 -0.00411296 -0.00184225  0.0053528 0.00189086  0.0118324  0.0107458 0.00180354 -0.0134074  -0.490627 -0.0500495   -9.79659 
             60.1002 -0.0234081  0.0834932 0.00858846  -0.0148693  -0.0158019 -0.00911592  -0.0066939   0.0526444 0.000741894 -0.0111029 -0.0232174   0.043842  -0.0116612 -0.00384617   0.0039935 0.00533594 0.00189168  0.0118432  0.0108023  0.0017878 -0.0135868   -0.49064 -0.0500481   -9.79659 
              60.201 -0.0618755  0.0764707 -0.0231886 -0.0123827 -0.0132676 -0.0102634 -0.00650301   0.0524257 0.000764593 -0.0111059 -0.0232135  0.0438437  -0.00160613   0.00625127 -0.000810008 0.00535714 0.00189856  0.0118608  0.0105414 0.00156867 -0.0134314  -0.490603 -0.0500117    -9.7966 
             60.3014 -0.00352053    0.114596   0.0212347  -0.013459   -0.01333 -0.0110149 -0.00654128   0.0524855 0.000760995 -0.0111059 -0.0232138  0.0438439 -0.00379615  0.00380943 -0.00286096 0.00532436 0.00187713  0.0118361  0.0106082 0.00161549 -0.0133617  -0.490611 -0.0500199    -9.7966 
             60.4019 -0.00920896    0.093557   0.0136541  -0.0110343  -0.0126002 -0.00908875 -0.00652345   0.0523075 0.000760149  -0.011105 -0.0232131  0.0438431 0.00454087 0.00461249 0.00380468 0.00533005 0.00188809  0.0118419  0.0104113 0.00159061 -0.0135975  -0.490586 -0.0500139    -9.7966 
             60.5009   -0.039103   0.0371263 -0.00391738  -0.0062914  -0.0125744 -0.00960442 -0.00656234   0.0520623 0.000750072 -0.0111063 -0.0232121  0.0438377  0.0156555 0.00356659 0.00133982 0.00534448 0.00191798  0.0118504  0.0101094 0.00162862 -0.0135129  -0.490541 -0.0500189    -9.7966 
              60.601 -0.0234193  0.0746029 -0.0060417 -0.00784224  -0.0130491  -0.0100988 -0.00661367   0.0522405 0.000761738  -0.011106 -0.0232118  0.0438369    0.0077564  0.000339339 -0.000852261 0.00533583 0.00189743  0.0118501  0.0103282 0.00168775  -0.013446  -0.490572 -0.0500273    -9.7966 
             60.7015 -0.0376221  0.0921458  0.0230517 -0.00792527  -0.0145226  -0.0100097 -0.00671522   0.0522909 0.000764856 -0.0111075 -0.0232113   0.043836   0.0058655 -0.00437255 -0.00010433 0.00534056 0.00188758  0.0118319  0.0103869 0.00180813 -0.0134637  -0.490581 -0.0500449    -9.7966 
             60.8008 -0.0148175  0.0595132  0.0333641 -0.00895539  -0.0142038 -0.00944662 -0.00665869   0.0523784 0.000772067 -0.0111069 -0.0232105  0.0438363 0.000358219 -0.00266264  0.00246537 0.00532657 0.00190799  0.0118241   0.010493 0.00174701 -0.0135154  -0.490597 -0.0500357    -9.7966 
             60.9011 -0.0252395  0.0771011  0.0344593 -0.00925101  -0.0139358  -0.0106261 -0.00663086    0.052397  0.00077392 -0.0111063 -0.0232103  0.0438363 -0.000367962 -0.000874456  -0.00189637  0.0053334 0.00189978  0.0118243  0.0105173 0.00170614 -0.0133689  -0.490598 -0.0500293    -9.7966 
             61.0007 -0.0279698  0.0808334  0.0202528  -0.011399 -0.0133533 -0.0108135 -0.00657569   0.0525287 0.000796868 -0.0111068 -0.0232111  0.0438362 -0.00680955  0.00186105 -0.00193922 0.00533409 0.00189754  0.0118343  0.0106611 0.00165159 -0.0133609  -0.490618 -0.0500225   -9.79659 
             61.1009 -0.0316237  0.0739409  0.0257614 -0.0127847 -0.0134958 -0.0108483 -0.00659567   0.0525741 0.000801924 -0.0111067 -0.0232113  0.0438362 -0.00867248 0.000549479  -0.0028634 0.00533782 0.00190142  0.0118319  0.0107101 0.00167643 -0.0133873  -0.490625 -0.0500266   -9.79659 
             61.2006 -0.0267542  0.0527926 0.00708033 -0.00991326   -0.013508 -0.00993619 -0.00660909   0.0523541 0.000777047  -0.011106 -0.0232096  0.0438352  0.00174175 0.000142098  0.00056352   0.005337 0.00191308  0.0118444  0.0104517 0.00168985 -0.0135178  -0.490591 -0.0500256    -9.7966 
              61.301 -0.00944323   0.0870165  -0.0285211 -0.00840371  -0.0121754 -0.00953201 -0.00653568   0.0522887 0.000774282 -0.0111078 -0.0232083  0.0438352 0.00650546 0.00328075 0.00184966 0.00532974 0.00189347  0.0118658  0.0103608  0.0015853 -0.0135531   -0.49058 -0.0500086    -9.7966 
             61.3994 -0.0132135  0.0865529  0.0678936 -0.0121675  -0.013646 -0.0108864 -0.00661338   0.0525083  0.00079044 -0.0111119 -0.0232001  0.0438346  -0.0059648 -0.00206819 -0.00349655 0.00533297 0.00189372  0.0118104  0.0106718 0.00172663 -0.0133961 -0.490622 -0.050033  -9.79659 
              61.504 -0.000428312    0.0877608    0.0151644  -0.0130687  -0.0144138 -0.00945939 -0.00663795   0.0525201 0.000789368 -0.0111111 -0.0231999  0.0438346 -0.00695059 -0.00417264  0.00229489 0.00532584  0.0018926   0.011841  0.0106899  0.0017715 -0.0135755  -0.490627 -0.0500412   -9.79659 
             61.6003 -0.0224757  0.0902234  0.0390854  -0.0138726  -0.0154517 -0.00932746 -0.00667472   0.0525281 0.000789499 -0.0111113 -0.0231998  0.0438342 -0.00747477 -0.00562775  0.00178926 0.00533753 0.00189064  0.0118279  0.0106992 0.00182225 -0.0135694  -0.490628 -0.0500488   -9.79659 
             61.7008 -0.00631122   0.0988611   0.0326624 -0.0124069 -0.0141125 -0.0108705  -0.0065742   0.0524154 0.000784284 -0.0111112 -0.0232005  0.0438337 -0.000897114 -9.34158e-05  -0.00377119 0.00532929 0.00188486  0.0118332  0.0105528 0.00166523 -0.0133957  -0.490607 -0.0500216    -9.7966 
             61.8014 -0.0711586  0.0827918   0.045899 -0.00845444  -0.0141764  -0.0122867 -0.00660723   0.0522051 0.000769953 -0.0111117 -0.0231994  0.0438321   0.0102142 0.000124176 -0.00651069 0.00536628 0.00189351  0.0118254  0.0102677 0.00168396 -0.0132943  -0.490565 -0.0500183    -9.7966 
             61.9017 -0.0383878  0.0788579  0.0301529 -0.00640614  -0.0134174  -0.0107153 -0.00655524   0.0521416 0.000771843 -0.0111112 -0.0231978  0.0438317    0.0140532   0.00182106 -0.000445439 0.00534862 0.00189519  0.0118359  0.0101954 0.00162609  -0.013528  -0.490559 -0.0500104    -9.7966 
             62.0021 -0.0426433  0.0674274   0.033773 -0.00567213  -0.0134171  -0.0110848 -0.00656813   0.0521789 0.000773348 -0.0111113  -0.023198   0.043832    0.0123088   0.00115648 -0.000797067 0.0053519 0.0019025 0.0118321  0.0102405 0.00164342 -0.0134898  -0.490564 -0.0500138    -9.7966 
             62.1013   -0.124914   0.0829829 -0.00237212 -0.00629314  -0.0140376  -0.0108228 -0.00662362   0.0522869 0.000783405 -0.0111107 -0.0231999  0.0438297  0.00727105  0.00116465 0.000435196 0.00539592 0.00189517  0.0118515  0.0103725 0.00171713 -0.0135242  -0.490581 -0.0500267    -9.7966 
              62.202 -0.0230339  0.0573953   0.055016 -0.00553997  -0.0138856  -0.0102154 -0.00661213   0.0522828 0.000784259 -0.0111104 -0.0231985  0.0438296  0.00681808 0.000810749  0.00237893  0.0053405 0.00190959  0.0118221  0.0103652 0.00170781 -0.0135814   -0.49058 -0.0500246    -9.7966 
              62.301 -0.0462504  0.0850398  0.0375399 -0.00939158  -0.0135517  -0.0100689 -0.00657639   0.0525506 0.000812527 -0.0111103 -0.0231985  0.0438272 -0.0062001 0.00269473 0.00224238 0.00535229 0.00189299  0.0118317   0.010693  0.0016827 -0.0135637  -0.490624 -0.0500269   -9.79659 
             62.4004 -0.0271221   0.103181  0.0111889  -0.0102001  -0.0133756 -0.00988841 -0.00657875   0.0525674 0.000813568 -0.0111103 -0.0231987   0.043827 -0.00584823  0.00233134  0.00188665 0.00534018 0.00188177  0.0118464  0.0107132 0.00168635   -0.01356  -0.490627 -0.0500278   -9.79659 
             62.5018 -0.0444534  0.0711356  0.0149437  -0.0109482  -0.0130843 -0.00945895 -0.00657698   0.0525759  0.00081339 -0.0111101 -0.0231988  0.0438271 -0.00626481   0.0025434  0.00290311 0.00535012  0.0018997  0.0118444  0.0107235 0.00168326 -0.0135834  -0.490629 -0.0500271   -9.79659 
             62.5992 -0.0156023  0.0730951  0.0318817 -0.00956015  -0.0128991 -0.00924157 -0.00659094   0.0524558 0.000813906 -0.0111101 -0.0231996  0.0438268 -0.000228102    0.0015223   0.00254391 0.00533361 0.00189959  0.0118362   0.010577 0.00169123 -0.0135821 -0.490609 -0.050026   -9.7966 
              62.701 0.0051518 0.0930126  0.052505  -0.0104786  -0.0139124 -0.00842557 -0.00666465   0.0525122 0.000814044 -0.0111113 -0.0231988  0.0438272 -0.00233439  -0.0026756  0.00421109 0.00532254 0.00188889  0.0118281  0.0106405 0.00178674 -0.0136409  -0.490617 -0.0500396   -9.79659 
             62.8009 -0.0620267  0.0608473  0.0383644 -0.0124792 -0.0140472  -0.010863 -0.00664695   0.0526146  0.00082318  -0.011114 -0.0231933  0.0438289  -0.00820753 -0.000527371  -0.00467558 0.00536115 0.00190783  0.0118368   0.010768 0.00178253  -0.013345   -0.49063 -0.0500414   -9.79659 
             62.9012 -0.0417159  0.0555011  0.0165897 -0.0119679  -0.014137 -0.0100709 -0.00664973   0.0525396 0.000820531 -0.0111138  -0.023192  0.0438289  -0.00475391  5.12023e-05 -0.000888748 0.00534771 0.00191124  0.0118459  0.0106677 0.00178763 -0.0134784  -0.490618 -0.0500409   -9.79659 
             63.0011 -0.0373595  0.0826607  0.0103447  -0.011083 -0.0132424 -0.0103415   -0.006597   0.0524655 0.000820267  -0.011114 -0.0231916  0.0438296 -0.000986405   0.00321218  -0.00160995  0.0053455 0.00189741  0.0118478  0.0105728 0.00171372 -0.0134621  -0.490607 -0.0500291    -9.7966 
             63.1014 -0.0524571   0.101881  0.0227302  -0.010144 -0.0134904 -0.0108826 -0.00663473   0.0524167 0.000819004 -0.0111139 -0.0231917    0.04383  0.00271937  0.00163807 -0.00277375 0.00535436 0.00188606  0.0118398 0.0105039 0.0017622 -0.013426  -0.490596 -0.0500348    -9.7966 
             63.2001 -0.0173495   0.102035 0.00491714 -0.0104571 -0.0131252 -0.0101339 -0.00662387   0.0524451  0.00081919 -0.0111139 -0.0231905  0.0438298   0.00179682    0.0019531 -0.000192672 0.00533656 0.00188564  0.0118541  0.0105467 0.00174472 -0.0135375 -0.490604 -0.050032   -9.7966 
             63.3005 -0.0159052   0.106069  0.0164231  -0.0106649    -0.01336 -0.00938253 -0.00664829   0.0524657 0.000815966  -0.011114 -0.0231902  0.0438299   0.00216553 -0.000468079 -0.000720851 0.00533308 0.00188439   0.011845  0.0105767 0.00177465 -0.0136248  -0.490609 -0.0500356    -9.7966 
             63.4009 -0.0412167   0.100164  0.0383613 -0.0105341 -0.0141306 -0.0103267 -0.00669085   0.0524683 0.000816545 -0.0111151 -0.0231894  0.0438293  0.00187496 -0.00165295 -0.00322485 0.00534633 0.00188934  0.0118355  0.0105808 0.00184115 -0.0135305  -0.490609 -0.0500454    -9.7966 
              63.501 -0.0515605  0.0959708  0.0189451 -0.00891544  -0.0138837  -0.0112681 -0.00668024   0.0524123 0.000809987 -0.0111154 -0.0231889  0.0438291  0.00615867 0.000250166 -0.00591462 0.00535373 0.00189283  0.0118449  0.0104797 0.00181209 -0.0134845  -0.490594 -0.0500404    -9.7966 
             63.6013 -0.0195888   0.054628  0.0322026 -0.00723781  -0.0135915  -0.0111003 -0.00667257   0.0523836 0.000805717 -0.0111145 -0.0231882  0.0438279   0.0084958 0.000951466 -0.00311724 0.00533638 0.00191466  0.0118382  0.0103969 0.00178916 -0.0135582  -0.490581 -0.0500359    -9.7966 
             63.7018 -0.0336928  0.0656626  0.0204071 -0.00701958  -0.0139574  -0.0104903 -0.00669379    0.052414 0.000807909 -0.0111143 -0.0231886  0.0438279   0.00723151 -0.000691977  -0.00039044 0.00534522 0.00190874  0.0118475  0.0104451 0.00182863 -0.0136551  -0.490588 -0.0500418    -9.7966 
              63.801 -0.0859276  0.0827471  0.0289995   -0.007909  -0.0149054 -0.00936755 -0.00674777   0.0524885  0.00081103 -0.0111156 -0.0231905  0.0438254  0.00323909 -0.00254169  0.00288765 0.00537327 0.00189883   0.011842  0.0105608 0.00190996 -0.0137754  -0.490604 -0.0500538    -9.7966 
             63.9011 -0.0350918  0.0653515 0.00177554 -0.00885759  -0.0143809  -0.0108398 -0.00669824   0.0525473 0.000813259 -0.0111166 -0.0231935  0.0438244 -0.000689051 -0.000384763  -0.00224739 0.00534657 0.00190827  0.0118571  0.0106532 0.00183763 -0.0135896  -0.490614 -0.0500462    -9.7966 
             64.0009 -0.0637765  0.0844253 -0.0311969 -0.00933449  -0.0125002  -0.0115612 -0.00658498   0.0525704 0.000815767 -0.0111183 -0.0231938  0.0438246 -0.00208122  0.00677453 -0.00419158 0.00536422 0.00189649  0.0118772  0.0106849 0.00168479 -0.0135367  -0.490619 -0.0500271   -9.79659 
                64.1   0.0187065    0.127447 -0.00999285 -0.0104159 -0.0113382 -0.0115539 -0.00654541   0.0526233 0.000822647 -0.0111185 -0.0231926  0.0438222 -0.00349293  0.00735015 -0.00271546 0.00531728 0.00187295  0.0118658  0.0107546 0.00163397 -0.0135771  -0.490629 -0.0500202   -9.79659 
             64.2016 -0.0442717  0.0865914 0.00544572 -0.00886074  -0.0127095  -0.0106254 -0.00668896   0.0525112 0.000802219 -0.0111186 -0.0231958  0.0438177 0.00184763 0.00110878 0.00154334 0.00535513 0.00189725  0.0118555  0.0106104 0.00181156 -0.0137028  -0.490614 -0.0500423    -9.7966 
              64.301 -0.0131134  0.0972892  0.0121379 -0.00962277  -0.0140923  -0.0095342 -0.00677959   0.0525627 0.000804769 -0.0111194 -0.0231951  0.0438181 -0.000112405  -0.00400845   0.00416559 0.00533601 0.00188975  0.0118508   0.010679 0.00192943 -0.0137988  -0.490624 -0.0500564   -9.79659 
             64.4006 -0.0272425   0.101088 -0.0335277    -0.01059  -0.0136115 -0.00913861 -0.00672159   0.0526228 0.000814389 -0.0111203 -0.0231957  0.0438183 -0.00241273 -0.00149506  0.00490326 0.00534336 0.00188806  0.0118782   0.010751 0.00185609 -0.0137889  -0.490632 -0.0500464   -9.79659 
              64.501 -0.0182273   0.119384  0.0299378 -0.0104049 -0.0150936 -0.0105888 -0.00681813   0.0525916 0.000809132  -0.011121 -0.0231956  0.0438181 -0.000220161  -0.00591375  -0.00158965 0.00533577 0.00187871  0.0118399  0.0107215 0.00196533 -0.0135934   -0.49063 -0.0500591   -9.79659 
             64.5999 -0.0357282  0.0750576  0.0310377 -0.00979757  -0.0145306 -0.00990695 -0.00674044   0.0525532 0.000809592 -0.0111197 -0.0231963  0.0438182  0.00145892 -0.00213743 0.000929727 0.00534706 0.00190497  0.0118403  0.0106731 0.00187456 -0.0136793  -0.490623 -0.0500491   -9.79659 
             64.6994 -0.0665654  0.0746965  0.0247374 -0.00914674  -0.0144072  -0.0101111 -0.00672544   0.0525235 0.000807152 -0.0111199 -0.0231959  0.0438183   0.00250755  0.000307148 -0.000393215 0.00536621 0.00190526  0.0118468   0.010636 0.00185383  -0.013649  -0.490618 -0.0500466   -9.79659 
             64.8011 -0.0248158    0.11333  0.0337427  -0.0128974  -0.0133166 -0.00973908  -0.0066502   0.0527486 0.000828809 -0.0111204 -0.0231964  0.0438144 -0.00810358  0.00376567 0.000368985 0.00534158 0.00188457  0.0118411  0.0109375 0.00175463 -0.0136823  -0.490656 -0.0500345   -9.79659 
              64.901 -0.0690524  0.0556532  0.0608539  -0.0124769  -0.0140005 -0.00992414 -0.00672189   0.0526863 0.000823531 -0.0111212 -0.0231969   0.043813  -0.00520821   0.00152281 -0.000172567 0.00536429 0.00191727  0.0118218  0.0108416 0.00184911 -0.0136616  -0.490643 -0.0500457   -9.79659 
              65.001 -0.028844 0.0734083 0.0317851  -0.0117443  -0.0139341 -0.00987762 -0.00672774   0.0526252 0.000822561 -0.0111211 -0.0231961  0.0438134  -0.00129277  0.000817943 -0.000238103  0.0053405 0.00190569  0.0118377  0.0107506 0.00185378 -0.0136701  -0.490631 -0.0500448   -9.79659 
             65.1013   -0.035575   0.0693569 -0.00864172 -0.0103884 -0.0138777  -0.010972 -0.00672865   0.0525536  0.00082516  -0.011121 -0.0231947  0.0438135  0.00308229 0.000449342 -0.00318374 0.00534312 0.00190796  0.0118595  0.0106414 0.00185899 -0.0135584 -0.490616 -0.050045  -9.79659 
             65.2003 -0.0581744  0.0744828  0.0151982 -0.00787886  -0.0142395  -0.0113323  -0.0067684   0.0524446 0.000827057 -0.0111212 -0.0231953  0.0438136   0.00964128 -0.000303313  -0.00318205 0.00535648 0.00190503  0.0118439  0.0104772 0.00190535 -0.0135602  -0.490594 -0.0500477    -9.7966 
             65.3011  -0.0162457   0.0760124 -0.00200572 -0.00790446  -0.0123123   -0.010176 -0.00665334   0.0524909 0.000832284 -0.0111221 -0.0231946  0.0438122  0.0064704 0.00571464 0.00103414  0.0053322 0.00190501   0.011853  0.0105472 0.00174079  -0.013707  -0.490607 -0.0500263    -9.7966 
             65.4016 0.0111456 0.0995753 0.0309666 -0.00901344  -0.0129886   -0.010204 -0.00671846   0.0525863 0.000835266 -0.0111231 -0.0231936  0.0438122   0.0017288  0.00182038 0.000745071 0.00531839 0.00189298  0.0118367  0.0106794  0.0018364 -0.0136929  -0.490623 -0.0500392   -9.79659 
             65.5012 0.0192844  0.122172 0.0295472 -0.0103386 -0.0124679 -0.0100039 -0.00669111   0.0526677 0.000836019 -0.011123 -0.023193  0.043811  -0.0012805  0.00237305 0.000731058 0.00530992 0.00188078  0.0118346  0.0107958 0.00180075 -0.0137048 -0.490637 -0.050035  -9.79659 
             65.6012 -0.0490392  0.0891275  0.0318563 -0.00982022  -0.0141944 -0.00868977 -0.00681588   0.0526403 0.000829748 -0.0111216 -0.0231961   0.043806  0.00202774 -0.00478355  0.00432557 0.00535111 0.00189863  0.0118333  0.0107476 0.00196527 -0.0138342  -0.490631 -0.0500559   -9.79659 
             65.7033 0.0136584 0.0900831 0.0159796 -0.00896449  -0.0133255 -0.00796989 -0.00673881   0.0526086 0.000824274 -0.0111223 -0.0231959  0.0438047   0.00398064 -0.000761783   0.00588837 0.00531617 0.00189966  0.0118427  0.0106998 0.00185086  -0.013855  -0.490626 -0.0500415   -9.79659 
             65.8008 0.0262771  0.114326 0.0204201   -0.010003  -0.0135256 -0.00839757 -0.00675092   0.0526715 0.000832566 -0.0111216 -0.0231967  0.0438041 0.00022256 -0.0027237 0.00306094 0.00531156  0.0018868   0.011841  0.0108076  0.0018551 -0.0137531  -0.49064 -0.050041  -9.79659 
             65.9016 -0.0521476  0.0593146  0.0359573  -0.010247 -0.0145739 -0.0093926 -0.00681169   0.0526763 0.000843715 -0.0111238 -0.0231938  0.0438026  -0.00141169  -0.00333553 -0.000488075 0.00536072 0.00191874  0.0118344   0.010823 0.00193129 -0.0136205  -0.490641 -0.0500476   -9.79659 
             66.0012 -0.0375482   0.083575  0.0329281 -0.00888779  -0.0138635  -0.0103253 -0.00675707   0.0525902 0.000828897 -0.0111233 -0.0231939  0.0438028   0.0028032 0.000202371 -0.00296952 0.00535585 0.00190685  0.0118396  0.0107182 0.00184479 -0.0135289  -0.490631 -0.0500341   -9.79659 
              66.101 -0.0207172  0.0832393  0.0333618 -0.00854407  -0.0139117  -0.0100327 -0.00675521   0.0525878 0.000828639 -0.0111234 -0.0231935  0.0438029  0.00305511 -0.00010469 -0.00145251 0.00534709 0.00190645  0.0118398  0.0107143 0.00184771 -0.0135919  -0.490631 -0.0500353   -9.79659 
             66.2014  0.013019 0.0877688 0.0257647 -0.00983525  -0.0128354  -0.0103525 -0.00667223   0.0526794 0.000842464 -0.0111238 -0.0231942  0.0438012 -0.000902988    0.0020336   -0.0019685 0.00532842 0.00190378  0.0118444  0.0108327 0.00174711 -0.0135668  -0.490645 -0.0500257   -9.79659 
             66.3009 -0.0178869   0.098451  0.0387054 -0.0102081 -0.0128498 -0.0103158 -0.00668893   0.0526965 0.000839975  -0.011124 -0.0231944  0.0438009 -0.000937797   0.00116845 -0.000761491 0.00534653 0.00189796  0.0118386  0.0108549 0.00176975 -0.0135907  -0.490648 -0.0500288   -9.79659 
             66.4021 -0.0515079   0.052371  0.0359766 -0.0109002 -0.0141649 -0.0096645 -0.00678128   0.0527248 0.000827773 -0.0111228 -0.0231954  0.0437995 -0.00329719 -0.00258749  0.00128865 0.00536791 0.00192489  0.0118426  0.0108903 0.00189661 -0.0136706  -0.49065 -0.050045  -9.79659 
             66.5009 -0.0246064  0.0998836 0.00970668 -0.0143945 -0.0141151  -0.010024 -0.00675395    0.052896 0.000838638 -0.0111225 -0.0231975   0.043797   -0.0118553 -0.000829038 -0.000888348 0.00535536 0.00189939  0.0118594  0.0111301 0.00186279 -0.0136167  -0.490678 -0.0500447   -9.79659 
             66.5992 -0.020794  0.103754 0.0340242 -0.0126019 -0.0144769 -0.0108477 -0.00678407   0.0527471 0.000825067 -0.0111223 -0.0231988  0.0437982 -0.00295976 -0.00148629 -0.00325752 0.00535315 0.00189626  0.0118469  0.0109139 0.00188801 -0.0135486  -0.490651 -0.0500434   -9.79659 
             66.7015 -0.0319148  0.0725461 0.00759585 -0.0112767 -0.0146904 -0.0106845 -0.00679379   0.0526708 0.000823916 -0.0111218 -0.0231983  0.0437973  0.00150338 -0.00149953 -0.00198339  0.0053599 0.00191309   0.011863  0.0107931  0.0018957 -0.0136009  -0.490637 -0.0500425   -9.79659 
             66.8009 -0.0540845  0.0735739  0.0359267 -0.0101232 -0.0149433 -0.0103059 -0.00680718   0.0526275 0.000824558 -0.0111218 -0.0231991  0.0437971  0.00453577 -0.00156363 0.000306481 0.00537238  0.0019128  0.0118455  0.0107198 0.00190897 -0.0136597 -0.490629 -0.050043  -9.79659 
             66.9012 -0.0420029  0.0944687  0.0449791 -0.0100826 -0.0136914 -0.0106314 -0.00673058   0.0526442 0.000822828 -0.0111208 -0.0231989  0.0437969  0.00428729  0.00272587 -0.00128228 0.00536639 0.00190001   0.011843  0.0107549 0.00179153 -0.0136213  -0.490634 -0.0500293   -9.79659 
             67.0021 -0.00928055    0.091778  0.00981757 -0.00823608  -0.0129294  -0.0102366 -0.00670852    0.052577 0.000829277 -0.0111213 -0.0231974  0.0437967  0.00857156  0.00380955 0.000851844 0.00534825 0.00190145  0.0118634  0.0106501  0.0017523 -0.0136753 -0.490623 -0.050023  -9.79659 
             67.1009 -0.0191712  0.0666012 0.00641146 -0.00763432  -0.0128388  -0.0102082 -0.00672446   0.0525871  0.00082908 -0.0111212 -0.0231975  0.0437967  0.00755016  0.00322729 0.000322114 0.00535359 0.00191625  0.0118658  0.0106653 0.00177701 -0.0136734  -0.490624 -0.0500261   -9.79659 
             67.2013 -0.0103527    0.10872  0.0270208 -0.00985115  -0.0137561   -0.010673 -0.00678217   0.0527341 0.000834965 -0.0111214 -0.0231964  0.0437951 -0.000536418 -0.000109404   -0.0011593 0.00534933 0.00189232  0.0118546   0.010889  0.0018726 -0.0136194 -0.490648  -0.05004  -9.79659 
              67.301 -0.00882215    0.105637  0.00531762   -0.010254  -0.0134155 -0.00986003 -0.00675691   0.0527541 0.000835911 -0.0111216 -0.0231965   0.043795 -0.00124416 0.000706559  0.00147726 0.00534916 0.00189384  0.0118672  0.0109165 0.00183837 -0.0137167  -0.490652 -0.0500366   -9.79659 
             67.4009 -0.0471268  0.0709491 0.00734478   -0.011623  -0.0130699 -0.00952104 -0.00674007   0.0528115 0.000837465 -0.0111215 -0.0231967  0.0437961 -0.00490665  0.00193288  0.00197082 0.00537075  0.0019132  0.0118641  0.0110068 0.00181663 -0.0137323  -0.490663 -0.0500348   -9.79659 
             67.5014 -0.0471592  0.0774219  0.0206441  -0.0112199  -0.0133338 -0.00934177 -0.00677009   0.0527688 0.000834164 -0.0111218 -0.0231969   0.043796  -0.0018302 0.000528422  0.00177989 0.00536949 0.00191086   0.011856  0.0109407 0.00185933 -0.0137312  -0.490655 -0.0500395   -9.79659 
             67.6014 0.00335087   0.107739  0.0446444  -0.0122063     -0.0142 -0.00908661 -0.00681577   0.0528086  0.00083112 -0.0111226 -0.0231963  0.0437969 -0.00338505 -0.00311529  0.00204566 0.00533736  0.0018954   0.011842  0.0110003 0.00193196 -0.0137401  -0.490662 -0.0500481   -9.79659 
              67.701 -0.0374149  0.0727884  0.0215116  -0.0109886  -0.0145746 -0.00992894 -0.00682602   0.0527379 0.000830523 -0.0111232 -0.0231953  0.0437962 0.000529912 -0.00259335 -0.00108955 0.00536041 0.00191554  0.0118536  0.0108825 0.00194574 -0.0136365  -0.490648 -0.0500494   -9.79659 
             67.8018 0.000245111   0.0760491   0.0435554 -0.0109853 -0.0137217 -0.0104402 -0.00676582   0.0527389  0.00083286 -0.0111229 -0.0231956  0.0437954 9.62079e-05  0.00101099 -0.00249481 0.00534157  0.0019142  0.0118403  0.0108889 0.00184878 -0.0135956  -0.490649 -0.0500381   -9.79659 
              67.901 -0.0401268   0.110955  0.0467887 -0.0118102 -0.0144949 -0.0105917 -0.00681125    0.052783  0.00083303 -0.0111229 -0.0231958  0.0437939 -0.00243542 -0.00126982  -0.0012286 0.00536272 0.00189534   0.011839  0.0109542 0.00192228 -0.0136042  -0.490655 -0.0500473   -9.79659 
             68.0012  -0.0192837   0.0996116 -0.00309278 -0.0105536 -0.0129244 -0.0106718 -0.00671987   0.0527125 0.000846412 -0.0111254 -0.0231945  0.0437935  0.00261223  0.00385183 -0.00105592 0.00535199 0.00190225   0.011868  0.0108471 0.00177858 -0.0135999  -0.490646 -0.0500293   -9.79659 
             68.1025  -0.0253216   0.0645146 -0.00573803 -0.00956463  -0.0130619 -0.00990089 -0.00675804   0.0526628 0.000835691 -0.0111241 -0.0231944  0.0437927 0.00496413 0.00119674 0.00103482 0.00535455 0.00192085  0.0118686  0.0107901 0.00182413 -0.0136961   -0.49064 -0.0500334   -9.79659 
             68.1996 -0.0176054  0.0870315 -0.0121381 -0.00976741   -0.013076  -0.0101895 -0.00676075   0.0527043 0.000834436  -0.011124 -0.0231946  0.0437926  0.00355241 0.000118011  0.00037042  0.0053483 0.00190996  0.0118718  0.0108463 0.00182876   -0.01366  -0.490646 -0.0500343   -9.79659 
             68.3009 -0.0705575  0.0835552  0.0265207 -0.00947438   -0.015317 -0.00979743 -0.00688503   0.0527103  0.00084073 -0.0111274 -0.0231955  0.0437895  0.00336359 -0.00538882  0.00113849 0.00537517 0.00191084  0.0118461  0.0108463  0.0020301 -0.0137047  -0.490646 -0.0500575   -9.79659 
             68.4012 -0.0424981  0.0515604  0.0198641 -0.00938017  -0.0145399 -0.00971188 -0.00681601   0.0527203 0.000837922 -0.0111269 -0.0231955  0.0437892  0.00179193 -0.00081194   0.0010361 0.00535691 0.00193169  0.0118478  0.0108628  0.0019172 -0.0137007  -0.490647 -0.0500445   -9.79659 
             68.5009 -0.0419511  0.0729428  0.0085882 -0.00804597   -0.014243  -0.0109439 -0.00680207   0.0526674 0.000825664 -0.0111261 -0.0231966  0.0437892  0.00497193 0.000912501 -0.00347504 0.00535713 0.00191867   0.011854 0.0107848 0.0018825 -0.013566  -0.490637 -0.0500414   -9.79659 
             68.6009  -0.0576484   0.0782217 -0.00309115 -0.00982859  -0.0138464   -0.011891 -0.00678363   0.0527715 0.000832026 -0.0111261 -0.0231971  0.0437888 -0.00144307  0.00225159 -0.00541174 0.00536479 0.00191388  0.0118592  0.0109568 0.00185296 -0.0134993  -0.490655 -0.0500382   -9.79659 
             68.7014 -0.0461173  0.0714033  0.0379434 -0.0108652 -0.0138399   -0.01133 -0.00679854   0.0528069 0.000832126 -0.0111263 -0.0231965  0.0437888 -0.00392633   0.0013305 -0.00194302 0.00535793 0.00191717  0.0118328  0.0110209 0.00187332  -0.013612  -0.490664 -0.0500388   -9.79659 
             68.8009 -0.0415141  0.0587446 0.00516116 -0.00946952  -0.0136394  -0.0110179 -0.00680241   0.0527214  0.00083291  -0.011126 -0.0231955  0.0437885  0.000805712   0.00151167 -0.000265429 0.00535421 0.00192533  0.0118514  0.0108823 0.00187567 -0.0136685   -0.49065 -0.0500385   -9.79659 
             68.9056 -0.0200135  0.0924937 -0.0110219 -0.0116285 -0.0117937 -0.0110401 -0.00671427   0.0528289 0.000848847 -0.0111272 -0.0231969  0.0437851 -0.00526956  0.00703849 0.000174151 0.00534112 0.00190731  0.0118584  0.0110566  0.0017259 -0.0136629  -0.490669 -0.0500216   -9.79659 
             68.9999 -0.0150557   0.108079  0.0381992 -0.0133874 -0.0132899 -0.0103533 -0.00683109   0.0528829 0.000829315 -0.0111303  -0.023196  0.0437846 -0.00846264 0.000395632  0.00165116 0.00533828 0.00189814  0.0118295  0.0111488 0.00191133 -0.0137378   -0.49068 -0.0500411   -9.79659 
             69.1008 -0.00897043   0.0837621   0.0170397  -0.0117449   -0.013679 -0.00917049 -0.00685655   0.0527614 0.000823414 -0.0111293 -0.0231958  0.0437834 -0.00144639 -0.00115053  0.00500261 0.00533729 0.00191014  0.0118434  0.0109617 0.00194712 -0.0138447  -0.490662 -0.0500447   -9.79659 
             69.2013 -0.015895  0.104277 0.0137697  -0.0103652  -0.0136766 -0.00959386 -0.00685121   0.0526955 0.000822374 -0.0111292 -0.0231955  0.0437836   0.00334897 -0.000657175   0.00184363 0.00534114 0.00189706  0.0118457  0.0108553 0.00193556 -0.0137535   -0.49065 -0.0500431   -9.79659 
             69.3018 -0.0250466  0.0967462  0.0340215 -0.00913014  -0.0147157 -0.00968295 -0.00690594   0.0526582 0.000818528 -0.0111297 -0.0231957  0.0437828  0.00686987 -0.00408042 0.000693298 0.00534949 0.00190029  0.0118372  0.0107913 0.00201864 -0.0137265  -0.490643 -0.0500516   -9.79659 
             69.4014 -0.0566249   0.100667  0.0199175  -0.0115789   -0.014293 -0.00888242 -0.00685951   0.0528007  0.00081731   -0.01113 -0.0231976  0.0437844 -0.00162123  -0.0010856  0.00327362 0.00536717 0.00189969  0.0118449  0.0110253 0.00195135 -0.0137935  -0.490668 -0.0500463   -9.79659 
             69.5009 -0.0062718  0.0645521  0.0597467 -0.00756368   -0.014272   -0.008862 -0.00687229   0.0526152 0.000810754 -0.0111303 -0.0232002  0.0437808   0.0104052 -0.00152352  0.00219804 0.00534075 0.00191904  0.0118239  0.0107079  0.0019431 -0.0137687  -0.490634 -0.0500419   -9.79659 
             69.6011 0.0209938  0.100075 0.0524885 -0.00790711  -0.0130363  -0.0097794 -0.00679971   0.0526685 0.000809371  -0.011129 -0.0232019  0.0437779  0.00638937  0.00234255 -0.00106617 0.00532385 0.00189943  0.0118272  0.0108124 0.00181949 -0.0136493  -0.490647 -0.0500294   -9.79659 
             69.7009 -0.00626154   0.0948232 -0.00570963  -0.008843 -0.0125923 -0.0106193 -0.00678664   0.0527367 0.000814953 -0.0111294 -0.0232035  0.0437779   0.0018002  0.00303803 -0.00357021 0.00533911 0.00190245  0.0118611  0.0109311 0.00179701 -0.0135732   -0.49066 -0.0500284   -9.79659 
             69.8008 -0.0301377  0.0714031  0.0226406 -0.00757015  -0.0126543  -0.0097706 -0.00680473    0.052688 0.000805469 -0.0111289 -0.0232051   0.043777   0.0047641  0.00192659 0.000424124 0.00535414  0.0019153  0.0118443  0.0108493 0.00182899 -0.0136961  -0.490651 -0.0500319   -9.79659 
              69.899 -0.0303358  0.0882326   0.018156 -0.00721349   -0.012918  -0.0106444 -0.00683532   0.0526979 0.000805669 -0.0111286 -0.0232046  0.0437768   0.0045905 0.000373196 -0.00196056 0.00535482 0.00190574   0.011847  0.0108632 0.00186463 -0.0136011  -0.490652 -0.0500341   -9.79659 
             70.0019 -0.010291 0.0956422 0.0200784 -0.00921104  -0.0141488  -0.0105767 -0.00689484   0.0528173 0.000818435  -0.011129 -0.0232041   0.043777 -0.00136289 -0.00355193 -0.00140545 0.00534621 0.00190049  0.0118484  0.0110447 0.00196668 -0.0136264  -0.490669 -0.0500471   -9.79659 
              70.101 -0.00748102   0.0984433  0.00557798 -0.00873334  -0.0130621  -0.0102865 -0.00681243   0.0527868 0.000825881 -0.0111294 -0.0232039  0.0437766   0.00113456 -4.63417e-05  0.000182382 0.00534608 0.00189952  0.0118584   0.011001 0.00184702 -0.0136676  -0.490666 -0.0500351   -9.79659 
              70.201 -0.0484412  0.0650727  0.0157992 -0.00829867  -0.0146601  -0.0110201 -0.00690959   0.0527696 0.000820324 -0.0111303 -0.0232032  0.0437743   0.0015206 -0.00404819 -0.00200601  0.0053716 0.00191949  0.0118516  0.0109696 0.00199065 -0.0135951  -0.490661 -0.0500488   -9.79659 
             70.3013 -0.0385956   0.102649  0.0309636 -0.00940654  -0.0144848  -0.0103238 -0.00687147   0.0528333 0.000824526 -0.0111305 -0.0232024  0.0437735 -0.00181494 -0.00189929  0.00119579 0.00536664 0.00189735  0.0118438  0.0110659 0.00193822 -0.0136808  -0.490671 -0.0500445   -9.79659 
             70.4019 0.0112138 0.0994204 0.0366462  -0.0104256  -0.0129179 -0.00959148 -0.00676018   0.0528763 0.000833226 -0.0111301 -0.0232014  0.0437705 -0.00371508  0.00165295  0.00159174 0.00533708 0.00189976  0.0118404  0.0111332 0.00177313 -0.0137426  -0.490679 -0.0500284   -9.79659 
             70.5009 -0.00694461   0.0675708   0.0246157  -0.0105839  -0.0133258 -0.00947588 -0.00679516   0.0528649  0.00082984 -0.0111298 -0.0232013  0.0437704  -0.00378109 -0.000222327   0.00301415 0.00534938 0.00191639  0.0118469  0.0111142 0.00182482 -0.0137295  -0.490677 -0.0500334   -9.79659 
             70.6009 -0.0435343  0.0870929 0.00761575  -0.0109288  -0.0142336 -0.00944771 -0.00685056   0.0528684 0.000827906 -0.0111291 -0.0232012  0.0437691 -0.00194776 -0.00301253 0.000581837 0.00537054 0.00190309  0.0118557  0.0111166 0.00191141 -0.0137151 -0.490676 -0.050042  -9.79659 
              70.701  -0.0497869   0.0747358 -0.00483413 -0.0120153 -0.0136801 -0.0105359 -0.00681113    0.052905 0.000834406 -0.0111294  -0.023201  0.0437695 -0.00430089 0.000275712 -0.00303087 0.00537392 0.00191098  0.0118638  0.0111825 0.00183947 -0.0135942  -0.490682 -0.0500341   -9.79659 
              70.801 -0.0494719  0.0496754  0.0499545 -0.00832566  -0.0140095  -0.0111322  -0.0068485   0.0527419 0.000799159 -0.0111304 -0.0232055  0.0437667   0.00658239 -0.000203978  -0.00363639 0.00537465 0.00192688  0.0118326  0.0108638 0.00187902 -0.0135699  -0.490648 -0.0500357   -9.79659 
             70.9009 -0.0531026  0.0748183 0.00438239 -0.0068748 -0.0126304 -0.0110125 -0.00678759   0.0527168 0.000784211  -0.011132 -0.0232051  0.0437667  0.00845067  0.00503352 -0.00239127 0.00537445 0.00191266  0.0118579  0.0108082 0.00176091 -0.0136212  -0.490643 -0.0500226   -9.79659 
             71.0017 0.00886392   0.101029  0.0186295 -0.00852613  -0.0130913   -0.010309 -0.00681378   0.0528223 0.000808542 -0.0111334 -0.0232024  0.0437665  0.00180042  0.00123329 0.000301576  0.0053386 0.00189813   0.011849  0.0110008 0.00182789 -0.0137163  -0.490664 -0.0500303   -9.79659 
              71.101 -0.0242777   0.104005  0.0104976  -0.0098143  -0.0127919 -0.00991016 -0.00680408   0.0528829 0.000812941 -0.0111335 -0.0232026  0.0437663 -0.00157164  0.00150921  0.00110363 0.00535825 0.00189558  0.0118551  0.0111157 0.00181149 -0.0137498  -0.490677 -0.0500287   -9.79659 
             71.2013  -0.029024  0.0987649 0.00494482  -0.0103894  -0.0138024 -0.00829866 -0.00686327   0.0528981 0.000808637 -0.0111329 -0.0232034  0.0437656 -0.00193725 -0.00267789  0.00586052 0.00536186 0.00189835  0.0118596  0.0111456 0.00191195    -0.0139  -0.490681 -0.0500387   -9.79659 
             71.3014  -0.0342388   0.0642376 -0.00132139 -0.00886675  -0.0142124 -0.00919951 -0.00687619   0.0528278 0.000807409 -0.0111347 -0.0232026  0.0437641  0.00261184 -0.00303028  0.00159234 0.00536553 0.00191846  0.0118621  0.0110118 0.00193051 -0.0137521  -0.490666 -0.0500401   -9.79659 
              71.401 -0.0124724   0.115057 0.00684046 -0.00841814  -0.0137982 -0.00992499 -0.00684386   0.0528202 0.000806726 -0.0111335 -0.0232029  0.0437639  0.00398185 -0.00109176 -0.00124895 0.00535335 0.00189071  0.0118586  0.0110022 0.00186786 -0.0136596  -0.490665 -0.0500333   -9.79659 
             71.5009 -0.0222589  0.0844661  0.0478504 -0.00922964   -0.014911  -0.0094793 -0.00689202   0.0528706 0.000808927 -0.0111343  -0.023202  0.0437642 7.18478e-05 -0.00383399 0.000891281 0.00535818 0.00190888  0.0118335  0.0110881 0.00195504 -0.0137162  -0.490674 -0.0500421   -9.79659 
             71.6017 -0.0103179  0.0872981  0.0127658 -0.00936938  -0.0141502 -0.00898065 -0.00682686   0.0528803 0.000813966 -0.0111353 -0.0232021   0.043764 -0.000386131 -0.000142419    0.0015481 0.00535069 0.00190708  0.0118534  0.0111031 0.00185191 -0.0137572  -0.490675 -0.0500322   -9.79659 
             71.7011 0.00342119   0.112341  0.0332976    -0.01144  -0.0135077 -0.00885178 -0.00678433    0.052975 0.000828894  -0.011135 -0.0232018  0.0437627 -0.00545464  0.00163282 0.000941686 0.00534103 0.00189164  0.0118376  0.0112633 0.00178603 -0.0137493  -0.490691 -0.0500262   -9.79659 
             71.8012 -0.0158337  0.0789467   0.024936 -0.0123982 -0.0145441 -0.0082274 -0.00684162   0.0529935 0.000824401 -0.0111344 -0.0232023  0.0437621 -0.00645557 -0.00234577  0.00262912 0.00535143 0.00190998   0.011843  0.0112919 0.00188684 -0.0138031  -0.490693 -0.0500368   -9.79659 
             71.9008 -0.0064733  0.0788222  0.0327772 -0.0111732 -0.0137061  -0.010482 -0.00680486   0.0529162 0.000824824 -0.0111347 -0.0232028  0.0437616 -0.000980082  0.000505469  -0.00544465 0.00534548 0.00191101  0.0118384  0.0111529 0.00179452 -0.0135462   -0.49068 -0.0500229   -9.79659 
             72.0011 -0.000422848    0.0820596    0.0334019 -0.00991756  -0.0125761  -0.0106987 -0.00675966    0.052858 0.000827391 -0.0111348 -0.0232027  0.0437616  0.00316798  0.00331233 -0.00422911 0.00534279  0.0019103  0.0118367  0.0110483 0.00170399 -0.0135791 -0.490671 -0.050013  -9.79659 
             72.0998 -0.0202322   0.104994   0.031859 -0.0109197 -0.0143187 -0.0100751 -0.00684851   0.0529173 0.000820998 -0.0111354 -0.0232034    0.04376 -5.62796e-05  -0.00294688 -0.000999004  0.0053529 0.00189794  0.0118376   0.011148 0.00188238 -0.0136877  -0.490679 -0.0500338   -9.79659 
              72.201 -0.0253483  0.0755444  0.0122308 -0.00929313  -0.0144092  -0.0105028  -0.0068465   0.0528508 0.000818171 -0.0111357 -0.0232025  0.0437594  0.00396745 -0.00190544 -0.00167436 0.00535813 0.00191343  0.0118491  0.0110225 0.00186773 -0.0136551 -0.490666  -0.05003  -9.79659 
             72.3009 -0.0311689  0.0566391  0.0340419 -0.00778284  -0.0138919  -0.0103044 -0.00681477    0.052802 0.000813951 -0.0111351 -0.0232028  0.0437589   0.00660068  0.000563237 -0.000826043 0.00536262 0.00192456  0.0118392  0.0109373 0.00180713 -0.0136929  -0.490659 -0.0500233   -9.79659 
             72.4009 -0.0385182  0.0922826  0.0247677 -0.00859439  -0.0148706  -0.0104694 -0.00686081   0.0528722  0.00081843 -0.0111352 -0.0232027  0.0437579   0.00305846   -0.0025903 -0.000714225 0.00536641 0.00190257  0.0118424  0.0110562 0.00189103 -0.0136815  -0.490669 -0.0500327   -9.79659 
             72.5012 -0.00868652    0.104444  0.00369688  -0.0113381  -0.0139553 -0.00961763  -0.0067898   0.0530068 0.000832065 -0.0111365 -0.0232034  0.0437553 -0.00435524  0.00029776  0.00168913 0.00534546  0.0018959  0.0118521  0.0112916 0.00178059 -0.0137695  -0.490693 -0.0500249   -9.79659 
             72.6008  -0.0289224   0.0821002 -0.00593541 -0.00996448  -0.0138846 -0.00828835 -0.00679395   0.0529235 0.000827328 -0.0111358 -0.0232029  0.0437547 0.000762047 0.000613956  0.00583328 0.00535496 0.00190846  0.0118564  0.0111482 0.00178521  -0.013889  -0.490681 -0.0500242   -9.79659 
              72.701 -0.0613044   0.057792   0.017172 -0.00846656   -0.013703   -0.010564 -0.00679557   0.0528646 0.000827214 -0.0111381 -0.0232013   0.043754  0.00398853  0.00222122 -0.00347755 0.00537127 0.00192446  0.0118428   0.011041 0.00178362 -0.0136097  -0.490669 -0.0500236   -9.79659 
             72.8008 -0.0802532  0.0846644  0.0182368 -0.00917261   -0.015172  -0.0108081 -0.00687434   0.0529095 0.000831582 -0.011139 -0.023201 0.0437527 0.000812028 -0.00221356 -0.00170826 0.00538308 0.00190874  0.0118407  0.0111217 0.00192513 -0.0136147  -0.490677 -0.0500371   -9.79659 
             72.9021  -0.0580054   0.0845723 1.20668e-05 -0.00910514  -0.0139247  -0.0105658 -0.00680299   0.0529141  0.00083857 -0.0111397 -0.0232008  0.0437515 0.000839828  0.00273163 -0.00211842 0.00537014 0.00190879  0.0118503  0.0111258 0.00180158   -0.01366 -0.490678 -0.050025  -9.79659 
             73.0013 -0.0162395  0.0962454  0.0356838  -0.0108268   -0.013916 -0.00911391 -0.00681177   0.0529943 0.000847699 -0.0111408 -0.0231968  0.0437511 -0.00298182 0.000982339  0.00142428 0.00534451  0.0019017  0.0118264  0.0112681 0.00181594 -0.0138329 -0.490692 -0.050023  -9.79659 
             73.1029 0.00133582   0.092869  0.0197805  -0.0109586  -0.0130254 -0.00958347 -0.00678318   0.0529868 0.000845261 -0.0111411 -0.0231974  0.0437504  -0.00223343   0.00315846 -0.000265329 0.00533528 0.00190148  0.0118363  0.0112556  0.0017479 -0.0137679 -0.490691 -0.050017  -9.79659 
             73.2019 -0.0234097  0.0980836  0.0286525  -0.0092093  -0.0135502 -0.00976036 -0.00681495   0.0529302 0.000845473 -0.0111411 -0.0231976  0.0437493   0.00377082  0.000431227 -0.000491209 0.00535044 0.00189966   0.011833  0.0111051 0.00182891 -0.0137576  -0.490675 -0.0500256   -9.79659 
             73.3015 0.0123569 0.0948691 0.0166669 -0.00849915  -0.0129116 -0.00856942 -0.00679672   0.0529215 0.000846991  -0.011141 -0.0231969   0.043749 0.00521438 0.00181372 0.00310612 0.00533117 0.00190201  0.0118399  0.0110791 0.00177721 -0.0138799  -0.490673 -0.0500198   -9.79659 
             73.4013  0.00117027    0.094961 0.000893014 -0.00894154  -0.0120723 -0.00848984 -0.00676939   0.0529518 0.000847082 -0.0111416 -0.0231973  0.0437496 0.00220272 0.00402204 0.00256912 0.00533618 0.00190135  0.0118481  0.0111518 0.00171987 -0.0138541  -0.490681 -0.0500143   -9.79659 
             73.5008   0.0226609    0.104931 -0.00330822  -0.0111917  -0.0120803 -0.00850388 -0.00678032   0.0530402 0.000843845 -0.0111415 -0.0231979  0.0437494 -0.00446653  0.00256292  0.00149535 0.00532343 0.00189458    0.01185  0.0113441 0.00174394 -0.0138244  -0.490699 -0.0500172   -9.79659 
             73.6017 -0.0156922  0.0926336  0.0205527 -0.00912717  -0.0134961 -0.00943946 -0.00686373   0.0529447 0.000847278 -0.0111431 -0.0231984  0.0437475  0.00291818 -0.00256629 -0.00181428  0.0053449 0.00190381  0.0118328  0.0111549 0.00188912 -0.0137228  -0.490681 -0.0500286   -9.79659 
             73.7007 0.00453926  0.0826222  0.0418161 -0.00936129  -0.0138518 -0.00943726 -0.00686411   0.0529646 0.000846017 -0.0111431  -0.023198  0.0437477  0.00154366 -0.00394907 -0.00101842 0.00533456 0.00190908  0.0118239  0.0111939 0.00189219 -0.0137388  -0.490685 -0.0500292   -9.79659 
             73.8013 -0.024151 0.0762567 0.0220939 -0.00963019   -0.014354  -0.0098569 -0.00687165   0.0529804 0.000844724 -0.0111431 -0.0231979  0.0437477  0.00074329 -0.00440799 -0.00203797 0.00535018 0.00191423  0.0118324  0.0112231 0.00190552 -0.0137076  -0.490687 -0.0500298   -9.79659 
             73.9011 -0.0358718  0.0758354  0.0154532 -0.00948138  -0.0139059 -0.00964459 -0.00683085   0.0529744 0.000850018 -0.0111436 -0.0231981  0.0437481  0.000862387  -0.00123625 -0.000738327 0.00535456  0.0019158  0.0118323  0.0112149 0.00183554 -0.0137494  -0.490687 -0.0500243   -9.79659 
             74.0011 -0.0184099  0.0807453  0.0180518  -0.0106744  -0.0134734 -0.00953678  -0.0068016   0.0530237 0.000856519 -0.0111437 -0.0231982  0.0437475  -0.00310996  0.000868401 -0.000276525  0.0053474 0.00191367  0.0118318  0.0113094 0.00178596 -0.0137653  -0.490696 -0.0500205   -9.79659 
             74.1007 -0.0171848  0.0804554  0.0149875 -0.00989174  -0.0140966  -0.0098819 -0.00683659   0.0529815 0.000850899 -0.0111436 -0.0231982   0.043748 -0.000338601  -0.00115061  -0.00124782 0.00534728 0.00191367  0.0118331  0.0112277 0.00184606  -0.013738  -0.490688 -0.0500253   -9.79659 
             74.2011 -0.0723118  0.0994015  0.0207479 -0.0102465 -0.0144824 -0.0100268 -0.00685195   0.0529974 0.000850224 -0.0111436 -0.0231981  0.0437474 -0.000818545   -0.0011444  -0.00138014 0.00537825 0.00190329  0.0118288  0.0112567  0.0018752 -0.0137355   -0.49069 -0.0500281   -9.79659 
             74.3007 -0.0119275  0.0969527   0.019404  -0.0106407  -0.0139593 -0.00939296 -0.00681996   0.0530086 0.000856879 -0.0111437 -0.0231969  0.0437463 -0.000991326 -0.000191193   0.00145511 0.00534243 0.00190388  0.0118288   0.011284 0.00181543 -0.0138101  -0.490694 -0.0500226   -9.79659 
             74.3973 0.000922241   0.0950583  0.00199718  -0.010837 -0.0126864 -0.0101973 -0.00675566   0.0530163 0.000865422 -0.0111445 -0.0231979   0.043745 -0.000678453   0.00322502  -0.00193914 0.00533477 0.00190494  0.0118378  0.0112923 0.00170072 -0.0137132 -0.490694 -0.050013  -9.79659 
             74.5007 0.0349475  0.125065 0.0206448 -0.0110931 -0.0133926 -0.0103108 -0.00680091   0.0530265 0.000860551  -0.011145 -0.0231977   0.043746 -0.000284043  -0.00112508  -0.00157371 0.00531557 0.00188779  0.0118294  0.0113098 0.00178512 -0.0137233  -0.490696 -0.0500206   -9.79659 
             74.6006 -0.0259257  0.0934786  0.0257861  -0.0103202  -0.0140048 -0.00972757 -0.00682964   0.0529952 0.000855973 -0.0111444 -0.0231994  0.0437444  0.00244049 -0.00286539 0.000831492 0.00535006 0.00190682  0.0118247  0.0112449 0.00183613 -0.0138018   -0.49069 -0.0500257   -9.79659 
             74.7019  0.00502117   0.0884402 8.05629e-05 -0.00924878  -0.0129881 -0.00854871 -0.00676092   0.0529669  0.00085253 -0.0111443 -0.0231994  0.0437443  0.00467418 0.000972449  0.00366281 0.00533459 0.00190991  0.0118411   0.011182 0.00171857 -0.0139158 -0.490684 -0.050017  -9.79659 
             74.8008 -0.0258305  0.0573712 0.00876718 -0.00808517  -0.0136707 -0.00933672 -0.00680773   0.0529344 0.000852316 -0.0111456  -0.023198  0.0437427   0.00601597 -0.000963655  0.000267814 0.00535125 0.00192612  0.0118352  0.0111269 0.00178541 -0.0137994  -0.490679 -0.0500203   -9.79659 
             74.9013 -0.0481413   0.104243 -0.0159171 -0.00945656  -0.0145905  -0.0098039 -0.00684827   0.0530077 0.000870377 -0.0111444 -0.0231986  0.0437405  0.00119774 -0.00309001  -0.0015829 0.00536372 0.00189888  0.0118508  0.0112842 0.00185215 -0.0137489  -0.490693 -0.0500251   -9.79659 
             75.0017 -0.0539267  0.0829311 -0.0135837   -0.010224  -0.0156085 -0.00918597 -0.00687205   0.0530406  0.00087787 -0.0111447 -0.0231984  0.0437407 -0.000891633   -0.0063479   0.00190905 0.00536904 0.00191014  0.0118494  0.0113504 0.00190922 -0.0138284    -0.4907 -0.0500311   -9.79659 
             75.1009 -0.0517835  0.0823151  0.0378175 -0.0103098   -0.01533 -0.0083265 -0.00683356   0.0530405 0.000874656 -0.0111432 -0.0231982  0.0437402 -0.00109267 -0.00288369  0.00555704 0.00536876  0.0019083  0.0118174  0.0113468 0.00183205 -0.0138808  -0.490699 -0.0500243   -9.79659 
              75.201 -0.0267273   0.106627  0.0150334  -0.0115895  -0.0148919 -0.00913417 -0.00680568   0.0531005 0.000893504 -0.0111424 -0.0231998  0.0437387  -0.00442277 -0.000338198   0.00172614 0.00535812  0.0018941  0.0118321   0.011437 0.00176383 -0.0137321 -0.490704 -0.050018  -9.79659 
             75.3008 -0.0387276   0.100432  0.0485945 -0.00962374  -0.0146192 -0.00891031 -0.00679258   0.0529642 0.000869388 -0.0111422  -0.023201  0.0437387 0.00181433 0.00227994 0.00209909 0.00536458 0.00189997  0.0118149  0.0112548 0.00174275 -0.0137415  -0.490692 -0.0500171   -9.79659 
              75.401 0.00190631  0.0814703  0.0316813 -0.00931049  -0.0130106 -0.00824961 -0.00669362   0.0529531 0.000893152  -0.011143 -0.0232005   0.043737 0.00176952 0.00627205 0.00323278 0.00534468   0.001908  0.0118261  0.0112445 0.00161671 -0.0137843  -0.490692 -0.0500081   -9.79659 
             75.5017 -0.0373455  0.0779974  0.0245114 -0.00819041  -0.0123543 -0.00986944 -0.00667782    0.052927 0.000900275 -0.0111437 -0.0231981  0.0437369  0.00431119  0.00637577 -0.00279782 0.00536588 0.00190956  0.0118284  0.0111729 0.00161439   -0.01359  -0.490685 -0.0500095   -9.79659 
             75.6011 0.00883372   0.113529  0.0108106 -0.00950778  -0.0140025 -0.00982936 -0.0067923  0.0530132 0.00084233 -0.0111428 -0.0231985  0.0437379  0.00046185 -0.00163361 -0.00204403 0.00533896 0.00188835  0.0118362  0.0113087  0.0018028 -0.0136242  -0.490692 -0.0500261   -9.79659 
              75.701  -0.0688894    0.050034 0.000243833 -0.0072091 -0.0137133 -0.0106872 -0.00677983   0.0529217  0.00086648 -0.0111439 -0.0231963  0.0437362  0.00608837 0.000787536  -0.0038214 0.00538176 0.00192563  0.0118389    0.01113 0.00178083 -0.0135612  -0.490677 -0.0500223   -9.79659 
             75.8007 -0.0131187  0.0845415  0.0296544 -0.00831014  -0.0142847  -0.0109963 -0.00679964   0.0529891 0.000854257 -0.0111445 -0.0231952  0.0437363  0.00122024 -0.00118293 -0.00374577 0.00534867 0.00190463  0.0118211  0.0112622 0.00183155 -0.0135686 -0.490688 -0.050028  -9.79659 
             75.9013 -0.00964057   0.0883688   0.0148746 -0.0111128 -0.0148887 -0.0104219 -0.00681489   0.0530943 0.000844911 -0.0111449  -0.023195  0.0437355  -0.00691164  -0.00260575 -0.000868149 0.00534685 0.00190378  0.0118302  0.0114882 0.00186847 -0.0136627  -0.490708 -0.0500322   -9.79659 
             76.0007 -0.0317764  0.0717072   0.029078 -0.00960147  -0.0143825  -0.0100152 -0.00678943   0.0530142 0.000850214 -0.0111446 -0.0231958  0.0437356  -0.00102395 -0.000269011  0.000557193 0.00536045 0.00191364  0.0118232  0.0113189 0.00180351 -0.0137165  -0.490695 -0.0500257   -9.79659 
             76.1011 -0.0350283  0.0665733 0.00692796 -0.00988783  -0.0134746 -0.00865463 -0.00675161   0.0530167 0.000852843 -0.0111448  -0.023196  0.0437357 -0.00162358   0.0025745  0.00424825  0.0053623 0.00191505  0.0118351  0.0113337 0.00172329 -0.0138492 -0.490698 -0.050019  -9.79659 
             76.2007 0.00221313    0.11578 -0.0231814  -0.0104864  -0.0123109 -0.00923678 -0.00671545    0.053038 0.000853426 -0.0111441 -0.0231977  0.0437339 -0.00171059  0.00464882  0.00113911 0.00534089 0.00188585  0.0118529  0.0113764 0.00163751 -0.0137442  -0.490701 -0.0500112   -9.79659 
             76.3021 0.0100635  0.105673 0.0267558  -0.0118762  -0.0125364 -0.00938435 -0.00673983   0.0530802 0.000849871 -0.0111449 -0.0231968   0.043734 -0.00452036  0.00175609  0.00073727  0.0053369 0.00189072  0.0118247    0.01147 0.00169524 -0.0137152  -0.490708 -0.0500164   -9.79659 
             76.4009 -0.0172332  0.0795181  0.0101133 -0.00885643  -0.0130989 -0.00914531 -0.00677733   0.0529555 0.000846117 -0.0111444  -0.023197  0.0437312  0.00506936 -0.00054122  0.00125788 0.00534947  0.0019056   0.011833  0.0112004 0.00176853 -0.0137412  -0.490686 -0.0500237   -9.79659 
              76.501 -0.0114968    0.08791 0.00438635 -0.00952127  -0.0135247 -0.00978536  -0.0067965   0.0529968 0.000848057 -0.0111445 -0.0231967  0.0437312  0.00205005 -0.00109314 -0.00127981 0.00534617 0.00190059  0.0118381  0.0112922  0.0018011 -0.0136644  -0.490694 -0.0500251   -9.79659 
             76.6005 -0.0290374  0.0924871  0.0199322 -0.00937812  -0.0147102 -0.00970099  -0.0068418   0.0530009 0.000850196  -0.011145 -0.0231968  0.0437306   0.00207435  -0.00415416 -0.000835684 0.00535693 0.00189694  0.0118299  0.0112985 0.00189345 -0.0136887  -0.490694 -0.0500331   -9.79659 
             76.7009 0.00960191   0.102859  0.0386641 -0.0106201 -0.0143465 -0.0100184 -0.00680529   0.0530543 0.000846778 -0.0111444 -0.0231964  0.0437295 -0.00165052 -0.00228247 -0.00141909 0.00533596  0.0018926  0.0118203  0.0114153 0.00181628 -0.0136619 -0.490704 -0.050026  -9.79659 
             76.8011   0.022823   0.081321 0.00889424 -0.00893879  -0.0132365  -0.0087334 -0.00674735   0.0529962  0.00084779 -0.0111447 -0.0231947  0.0437281  0.00383645 0.000610555  0.00268989 0.00532842 0.00190371  0.0118354  0.0112755 0.00169817 -0.0138056  -0.490693 -0.0500174   -9.79659 
             76.9013 -0.0319789  0.0863488  0.0192643  -0.0106344   -0.012946 -0.00936919 -0.00673658   0.0530672 0.000845348 -0.0111447 -0.0231936  0.0437286 -0.00182501  0.00155386 0.000396782 0.00536153 0.00190098  0.0118306  0.0114313 0.00168299 -0.0137096  -0.490705 -0.0500156   -9.79659 
              77.001 0.0134984 0.0827925 0.0194244  -0.0112739  -0.0126887 -0.00972876 -0.00673164   0.0530838 0.000845348 -0.0111448  -0.023194  0.0437286 -0.00274557   0.0011981 -0.00124366 0.00533623 0.00190481  0.0118287  0.0114652 0.00167042  -0.013671 -0.490708 -0.050014  -9.79659 
             77.1008 0.0175634 0.0771931  0.035079  -0.010516 -0.0132245 -0.0102339 -0.00676368   0.0530462 0.000842919 -0.0111453 -0.0231945  0.0437287 -0.000203785  -0.00084442  -0.00209865 0.00533531 0.00190912  0.0118187  0.0113835  0.0017276 -0.0136338  -0.490701 -0.0500176   -9.79659 
             77.2007  0.069871  0.102512 0.0414548  -0.0104434  -0.0121184 -0.00920796 -0.00669757   0.0530436 0.000847958 -0.0111458 -0.0231928  0.0437269 0.000239371  0.00156292   0.0016331 0.00530546 0.00189507   0.011812  0.0113811 0.00160998 -0.0137565  -0.490702 -0.0500106   -9.79659 
             77.3007 -0.0397843   0.102196  0.0301191  -0.0111015  -0.0140901 -0.00920411 -0.00679833   0.0530768 0.000839513 -0.0111446 -0.0231929  0.0437202 -0.00132527 -0.00448433  0.00137503 0.00536397 0.00189617  0.0118187  0.0114335 0.00180039 -0.0137405  -0.490704 -0.0500257   -9.79659 
             77.4007  -0.054967  0.0802173 0.00616169 -0.0114752 -0.0151735 -0.0106607 -0.00683478    0.053091 0.000838699 -0.0111452 -0.0231912  0.0437196 -0.00154106 -0.00713613 -0.00391565 0.00537175 0.00190898  0.0118348  0.0114512 0.00185571 -0.0135798  -0.490703 -0.0500253   -9.79659 
             77.5008 -0.00390722    0.074583   0.0331402  -0.0105259  -0.0161679 -0.00967033 -0.00683659    0.053045 0.000833371 -0.0111448 -0.0231895  0.0437199  0.00211653 -0.00915972 0.000220321 0.00534587 0.00191332  0.0118224  0.0113678  0.0018788 -0.0137236  -0.490697 -0.0500295   -9.79659 
             77.6039 -0.0468143  0.0769317  0.0106637 -0.0119149 -0.0159207 -0.0104319 -0.00680163   0.0530943 0.000845991 -0.0111452 -0.0231896  0.0437203  -0.00330743  -0.00445754 -0.000245094 0.00536875 0.00191354  0.0118341  0.0114843 0.00178661 -0.0136314  -0.490707 -0.0500216   -9.79659 
             77.7013 -0.0371527  0.0895803  0.0126241  -0.010592 -0.0142185 -0.0101975 -0.00670928    0.053032  0.00083939 -0.0111453 -0.0231894  0.0437203  0.000968008   0.00268532 -0.000163868 0.00536187 0.00190901  0.0118341  0.0113617 0.00160539 -0.0136639    -0.4907 -0.0500067   -9.79659 
             77.8009 -0.0368657  0.0661507  0.0221458 -0.00930939  -0.0139681  -0.0091257 -0.00670932   0.0529773 0.000831639 -0.0111449 -0.0231893  0.0437199 0.00401871 0.00269493 0.00336462 0.00536341 0.00192289  0.0118302  0.0112697  0.0016077 -0.0137748  -0.490694 -0.0500062   -9.79659 
              77.901 0.00861224   0.102273  0.0397527 -0.00972966  -0.0140758 -0.00841862 -0.00671941   0.0530128 0.000834781 -0.0111454 -0.0231883  0.0437198  0.00235926 0.000783648  0.00397654 0.00533805 0.00190334   0.011817  0.0113379 0.00163161 -0.0138121    -0.4907 -0.0500082   -9.79659 
             78.0007 -0.0376763  0.0895575  0.0289691  -0.0109367  -0.0143351 -0.00949252 -0.00673088   0.0530803 0.000836036 -0.0111456 -0.0231869  0.0437197  -0.00138989  0.000242194 -0.000715112 0.00536331 0.00191046  0.0118255  0.0114474 0.00166136 -0.0136623  -0.490706 -0.0500119   -9.79659 
              78.101 -0.00305872    0.104743  0.00675363 -0.00985742  -0.0134699 -0.00964446 -0.00669712   0.0530366 0.000842007 -0.0111462 -0.0231864  0.0437195  0.00288844  0.00198835 -0.00115392 0.00534487 0.00190181  0.0118417  0.0113573 0.00158721 -0.0136548  -0.490699 -0.0500052   -9.79659 
             78.2008 -0.0503837  0.0720811  0.0323532 -0.00843874  -0.0133751 -0.00888903 -0.00671074   0.0529939 0.000837491 -0.0111454 -0.0231879  0.0437184 0.00557722 0.00259914 0.00167775 0.00537264 0.00192043   0.011827   0.011266 0.00160638 -0.0137443 -0.490692 -0.050006  -9.79659 
             78.3012 -0.00765625   0.0912341   0.0134305 -0.00937389  -0.0135087 -0.00981343 -0.00672348   0.0530418 0.000839078 -0.0111451 -0.0231891  0.0437185  0.00136573  0.00126045 -0.00138785 0.00534885 0.00191087  0.0118375  0.0113804 0.00163218 -0.0136325  -0.490701 -0.0500084   -9.79659 
             78.4008 -0.0399422  0.0748401 -0.0033596 -0.00935729  -0.0124788  -0.0106191 -0.0066892  0.0530462  0.0008433 -0.0111459 -0.0231888  0.0437191 0.000605854  0.00491096   -0.003505 0.00536527 0.00191988  0.0118458  0.0113901 0.00155618 -0.0135658  -0.490702 -0.0500023   -9.79659 
             78.5013  -0.014026  0.0862897 -0.0078665 -0.00920248  -0.0123005 -0.00970816 -0.00669805   0.0530426 0.000843665 -0.0111464 -0.0231877  0.0437194   0.0010395  0.00337241 0.000316342 0.00534974 0.00191243  0.0118487  0.0113862 0.00157718 -0.0136918 -0.490703 -0.050004  -9.79659 
             78.6005 -0.0387231   0.080133  0.0391791 -0.00948639   -0.014237  -0.0108586 -0.00678959   0.0530604 0.000839397   -0.01115 -0.0231868  0.0437181 0.000128013 -0.00370347 -0.00285312 0.00536471 0.00191554  0.0118235  0.0114153 0.00177432 -0.0135779  -0.490704 -0.0500195   -9.79659 
             78.7029 -0.00506107   0.0955472 -0.00172602 -0.0113928 -0.0147846 -0.0113172 -0.00679618   0.0531277 0.000836243 -0.0111499 -0.0231877  0.0437179 -0.00437033 -0.00519267 -0.00371362 0.00534433 0.00190773   0.011846  0.0115617 0.00178365 -0.0135569  -0.490715 -0.0500196   -9.79659 
             78.8008 -0.00603076    0.104785   0.0393784 -0.0111725 -0.0145093 -0.0107309  -0.0067635   0.0531015 0.000839289 -0.0111496  -0.023188  0.0437179  -0.00202879  -0.00281486 -0.000157151 0.00534489 0.00190324  0.0118238  0.0115115  0.0017203 -0.0136499 -0.490712 -0.050015  -9.79659 
             78.9005 -0.0355437   0.105662  0.0240279   -0.012316  -0.0139517 -0.00992533 -0.00672735   0.0531338 0.000845797 -0.0111497 -0.0231889  0.0437187 -0.0042188 0.00046877  0.0016722 0.00535837 0.00190441  0.0118305  0.0115826 0.00165302 -0.0137337  -0.490718 -0.0500104   -9.79659 
             79.0009 -0.0106373   0.113382  0.0172764  -0.0107343  -0.0135196 -0.00914386 -0.00670881   0.0530666  0.00084033   -0.01115 -0.0231879  0.0437189  0.0016457 0.00155057 0.00381569 0.00534206 0.00189928  0.0118319   0.011434  0.0016191 -0.0137966  -0.490707 -0.0500079   -9.79659 
             79.1011 -0.0548153  0.0795677  0.0243174  -0.0110995    -0.01455 -0.00934695 -0.00675447   0.0530846 0.000841393 -0.0111506 -0.0231874  0.0437181 -0.000172823  -0.00129281   0.00210776 0.00536707 0.00191768  0.0118283  0.0114734 0.00172288 -0.0137416 -0.490709 -0.050016  -9.79659 
             79.2012 -0.013135 0.0613681 0.0180071 -0.00939557   -0.014262 -0.00890919 -0.00673955   0.0530307 0.000840435 -0.0111506 -0.0231868  0.0437167   0.00467484 -0.000840754   0.00240175 0.00534328 0.00192737  0.0118319  0.0113437 0.00168177 -0.0137654 -0.490699 -0.050012  -9.79659 
             79.3007 -0.0455802  0.0998029 0.00593702  -0.0138846  -0.0140845 -0.00818963 -0.00672578    0.053198 0.000841212  -0.011151 -0.0231883  0.0437142 -0.00870602 0.000239167  0.00387693 0.00536043 0.00190595  0.0118369  0.0117244 0.00165537 -0.0138048  -0.490728 -0.0500119   -9.79659 
             79.4009 -0.0475818   0.104793 -0.0125846  -0.0138751   -0.013551 -0.00957978 -0.00670744   0.0531709 0.000841417 -0.0111502 -0.0231877  0.0437145 -0.00554182  0.00240863 -0.00177662 0.00536253 0.00190407  0.0118473  0.0116588 0.00161339 -0.0136255  -0.490722 -0.0500089   -9.79659 
             79.5008 -0.00598392   0.0603736   0.0430017 -0.00910579  -0.0136949 -0.00913284 -0.00673407   0.0529933 0.000819647 -0.0111502 -0.0231922  0.0437112  0.00907031  0.00057285 0.000170185 0.00533838 0.00192875  0.0118126   0.011241 0.00165019 -0.0136973  -0.490691 -0.0500108   -9.79659 
             79.6019 -0.0402426  0.0763402  0.0129007 -0.00746935   -0.014416 -0.00885154 -0.00676564   0.0529691 0.000815119   -0.01115 -0.0231924  0.0437108   0.0104335 -0.00100908 0.000912237 0.00535561 0.00192036  0.0118279  0.0111823 0.00172463 -0.0137283  -0.490687 -0.0500165   -9.79659 
             79.7044 -0.0610544  0.0950986  0.0244398 -0.00566285   -0.013698  -0.0102616 -0.00673425   0.0529466 0.000814165 -0.0111489 -0.0231915  0.0437116   0.0124018  0.00230329 -0.00425278 0.00536516   0.001911   0.011821   0.011128 0.00165038 -0.0135807  -0.490682 -0.0500114   -9.79659 
             79.8004 -0.0120923   0.108187  0.0308613 -0.00668473  -0.0134733  -0.0112309 -0.00673123   0.0530172 0.000819785 -0.0111485 -0.0231924  0.0437104  0.00673891  0.00160607 -0.00532349 0.00533759 0.00190504  0.0118188  0.0113098 0.00164097 -0.0135149  -0.490695 -0.0500111   -9.79659 
             79.9012 -0.0271704  0.0572831 0.00769865 -0.00674683  -0.0129357 -0.00978729 -0.00672205   0.0530252 0.000817822 -0.0111454 -0.0231936  0.0437111  0.00499745  0.00158756 0.000609759 0.00534385 0.00193342  0.0118293  0.0113646 0.00160727 -0.0137154  -0.490702 -0.0500069   -9.79659 
             80.0017 -0.0202561   0.110802  0.0231945  -0.0105007  -0.0129912 -0.00907511 -0.00672477   0.0531593 0.000829391  -0.011146 -0.0231932  0.0437083 -0.00631327  0.00103983  0.00282328 0.00534048  0.0019075  0.0118191  0.0116875 0.00162528 -0.0137699  -0.490726 -0.0500096   -9.79659 
             80.1009 -0.0150522  0.0913395  0.0600552   -0.010836  -0.0146687 -0.00992606 -0.00680419   0.0531552 0.000818281  -0.011148 -0.0231936  0.0437085  -0.00558254  -0.00415949 -0.000836821 0.00533964 0.00191718  0.0117994   0.011661 0.00178007 -0.0136618  -0.490722 -0.0500205   -9.79659 
              80.201 -0.00774474    0.106839   0.0270316 -0.00884877  -0.0143913 -0.00811751  -0.0067724   0.0530659 0.000810472 -0.0111486 -0.0231929   0.043709  0.00154953 -0.00199107  0.00558854 0.00533356 0.00190947  0.0118148  0.0114706 0.00172558 -0.0138515  -0.49071 -0.050016  -9.79659 
             80.3006  0.011365 0.0842038 0.0218654 -0.00957556   -0.013654  -0.0105441 -0.00674337   0.0531025 0.000823704 -0.0111514 -0.0231951  0.0437087   -0.001424 0.000799819 -0.00386134 0.00531988 0.00192307  0.0118154  0.0115387 0.00163182 -0.0135594  -0.490715 -0.0500077   -9.79659 
             80.4008 -0.0461882   0.112514 0.00188531 -0.0112699 -0.0143975 -0.0100701 -0.00677231   0.0531603 0.000819291 -0.0111515 -0.0231972  0.0437069 -0.00486104 -0.00147454 -0.00137602 0.00535204 0.00190655  0.0118259  0.0116645 0.00170221 -0.0136433  -0.490723 -0.0500151   -9.79659 
             80.5006   -0.0350667    0.0872285 -0.000250677 -0.0117901 -0.0136844 -0.0103998 -0.00673759   0.0531613  0.00082581 -0.0111519 -0.0231971  0.0437072 -0.00456367 0.000840912 -0.00198987 0.00534505 0.00191871  0.0118278  0.0116681 0.00162666 -0.0136211  -0.490724 -0.0500095   -9.79659 
             80.6008 -0.0435036  0.0815435  0.0189649 -0.00976856  -0.0139882 -0.00956784 -0.00676195   0.0530774 0.000821585 -0.0111521 -0.0231984  0.0437066   0.00285225 -0.000542021   0.00113118 0.00535012 0.00192204  0.0118168   0.011475 0.00167022 -0.0137294  -0.49071 -0.050012  -9.79659 
             80.7034  -0.0698578   0.0787403 0.000376728 -0.0102548  -0.013471 -0.0102773 -0.00674161   0.0531021   0.0008244 -0.0111522 -0.0231978  0.0437071 0.000979893  0.00243621 -0.00175542 0.00536529 0.00192519   0.011825  0.0115324 0.00162735 -0.0136464  -0.490714 -0.0500091   -9.79659 
             80.8009   0.0172404    0.126494 -0.00747942 -0.0105267 -0.0122813 -0.0105713  -0.0067087   0.0531182 0.000825261 -0.0111521 -0.0231984  0.0437038 0.000503271  0.00492805 -0.00240584 0.00531685 0.00189973  0.0118296  0.0115673 0.00153465  -0.013634  -0.490716 -0.0500019   -9.79659 
             80.9002 -0.00218217   0.0918719   0.0304833 -0.00991962  -0.0135556 -0.00903734 -0.00676955   0.0531061  0.00082855 -0.0111527 -0.0231986  0.0437039    0.0020292 -0.000829678   0.00330785 0.00532504 0.00191993  0.0118065  0.0115205 0.00168817 -0.0138122  -0.490714 -0.0500121   -9.79659 
             81.0022 0.00142593  0.0922344 0.00414436   -0.009395  -0.0131373 -0.00860575 -0.00675164   0.0530997 0.000827835 -0.0111529 -0.0231985   0.043704  0.00291777 0.000464248  0.00368852 0.00532227 0.00192014  0.0118189  0.0115003 0.00163989 -0.0138223  -0.490712 -0.0500085   -9.79659 
             81.1007 0.0106046 0.0824768 0.0123883  -0.0105412  -0.0140517 -0.00930358 -0.00678144   0.0531377 0.000827228 -0.0111534  -0.023198  0.0437041 -0.000937599  -0.00294866 -0.000330177 0.00531703 0.00192641  0.0118143  0.0116116  0.0017173 -0.0137194  -0.490721 -0.0500132   -9.79659 
             81.2006 -0.0259672   0.118106    0.02846 -0.0119737 -0.0147705 -0.0105433 -0.00679724   0.0531762 0.000823429 -0.0111523 -0.0231963  0.0437027 -0.00370278 -0.00420896 -0.00360583 0.00534091 0.00190669  0.0118091  0.0117211 0.00175789 -0.0135966  -0.490729 -0.0500143   -9.79659 
             81.3007 0.00318496  0.0736794 0.00256872 -0.00867171  -0.0148148 -0.00941673 -0.00678319   0.0530682 0.000832235 -0.0111507 -0.0231936  0.0437001  0.00704265 -0.00403409  0.00101717 0.00532725 0.00193108  0.0118243  0.0114285 0.00172749 -0.0137515 -0.490708 -0.050015  -9.79659 
             81.4009 -0.0672154  0.0833818 0.00964826 -0.00734577  -0.0151197 -0.00936145 -0.00678624   0.0530495 0.000833436 -0.0111507 -0.0231936  0.0436999  0.00872962 -0.00280826 0.000868829 0.00536872 0.00192513  0.0118211  0.0113786 0.00173416 -0.0137503  -0.490704 -0.0500155   -9.79659 
             81.5017 -0.038841  0.106403 0.0472518 -0.00864696  -0.0139592 -0.00871645 -0.00673389   0.0531158 0.000834584 -0.0111496  -0.023192   0.043698 0.00235904 0.00232311 0.00275139  0.0053521 0.00191179   0.011799  0.0115499 0.00160761 -0.0138012  -0.490717 -0.0500069   -9.79659 
             81.6013 -0.0279901   0.107573  0.0426661 -0.00971681  -0.0145658 -0.00933972 -0.00676084   0.0531572 0.000832545 -0.0111495 -0.0231924  0.0436982  -0.00110047  0.000571435 -0.000261098 0.00534655  0.0019116  0.0118018  0.0116539 0.00167702  -0.013713 -0.490723 -0.050012  -9.79659 
             81.7029 -0.0203404  0.0828748  0.0188966 -0.0111337 -0.0137609 -0.0103107 -0.00672524   0.0532023  0.00083921 -0.0111512 -0.0231938  0.0436983 -0.00441679  0.00223682 -0.00363627 0.00534216  0.0019242  0.0118151  0.0117569 0.00160277 -0.0136158  -0.490731 -0.0500082   -9.79659 
             81.8004   0.0191154   0.0822207 -0.00689325 -0.0103383 -0.0133781 -0.0113202 -0.00671819   0.0531641 0.000843442 -0.0111516 -0.0231938  0.0436978 -0.000637693   0.00171694   -0.0058514 0.00531954 0.00192475  0.0118289  0.0116643 0.00158321 -0.0135567  -0.490725 -0.0500061   -9.79659 
             81.9032 -0.0466426  0.0610468  0.0353193 -0.0104504 -0.0144113 -0.0115591 -0.00676569   0.0531678 0.000843463 -0.0111525 -0.0231946  0.0436955 -0.00102628 -0.00143704 -0.00458584 0.00535664 0.00193644  0.0118059   0.011662 0.00169834 -0.0135894  -0.490723 -0.0500143   -9.79659 
             82.0008 -0.0094341  0.0840675   0.047449  -0.0104567  -0.0127955 -0.00990035 -0.00670586    0.053162 0.000845477 -0.0111526 -0.0231941  0.0436952 -0.000480116    0.0037458   0.00193023 0.00533624 0.00192497  0.0118005   0.011655 0.00154872 -0.0137945  -0.490725 -0.0500045   -9.79659 
             82.0995 -0.0132347  0.0814449  0.0117358  -0.0111444  -0.0133534 -0.00960086 -0.00673626   0.0531794 0.000840374 -0.0111519 -0.0231943  0.0436952 -0.00233248  0.00111765  0.00165993 0.00533987 0.00192648   0.011822  0.0117005 0.00163042 -0.0138107  -0.490727 -0.0500109   -9.79659 
             82.2006 -0.0204223   0.114455 0.00425827 -0.0125849 -0.0142015    -0.0102 -0.00676206   0.0532139 0.000831679 -0.0111506 -0.0231947  0.0436941  -0.00566792 -0.000473305 -0.000992646 0.00534163 0.00190832  0.0118246  0.0117951 0.00171089 -0.0137392  -0.490733 -0.0500173   -9.79659 
              82.301 -0.0188651  0.0824428  0.0315289 -0.0109234 -0.0152934 -0.0100719 -0.00679646   0.0531613 0.000837027 -0.0111511 -0.0231959   0.043693 0.000291364 -0.00408418 1.67624e-05 0.00533948 0.00192675  0.0118071  0.0116234 0.00179651 -0.0137585  -0.490719 -0.0500224   -9.79659 
             82.4006 -0.044042 0.0922105 0.0258945 -0.0110008 -0.0153927 -0.0101905 -0.00678585   0.0531662 0.000838494 -0.0111511 -0.0231958  0.0436932  0.00160622  -0.0031645 -0.00196215 0.00535524 0.00192202  0.0118124  0.0116375 0.00177132 -0.0137505  -0.490721 -0.0500207   -9.79659 
             82.5009 -0.0196046  0.0845986  0.0230816  -0.0100094  -0.0146926 -0.00906486 -0.00676288   0.0531377 0.000851749 -0.0111506 -0.0231949  0.0436924   0.00405764 -0.000507417   0.00238451 0.00534068 0.00192518  0.0118153    0.01157 0.00168402 -0.0138816  -0.490717 -0.0500138   -9.79659 
             82.6014 -0.0507601  0.0878427 -0.0053172 -0.00886458  -0.0137839 -0.00866563 -0.00674258   0.0531212 0.000857139 -0.0111514 -0.0231946  0.0436929 0.00610384 0.00305708 0.00210694 0.00535546 0.00192564   0.011832  0.0115114 0.00160576 -0.0139023  -0.490713 -0.0500073   -9.79659 
             82.6992 -0.00574422   0.0840729   0.0322679  -0.0101673  -0.0130313 -0.00779096 -0.00672704   0.0531621 0.000852737 -0.0111508 -0.0231927  0.0436924 0.000609174  0.00422381  0.00408305 0.00533228 0.00192789  0.0118148  0.0116615 0.00155854 -0.0139645  -0.490725 -0.0500042   -9.79659 
             82.8006 -0.0075554   0.114305  0.0246921   -0.010938  -0.0128836 -0.00908194 -0.0067318  0.0531751 0.00085171 -0.0111496 -0.0231929   0.043692 -0.00128478  0.00387573 -0.00173576 0.00533252 0.00191109  0.0118177  0.0117328 0.00157691 -0.0138005   -0.49073 -0.0500065   -9.79659 
             82.9023 0.00776752    0.11028 -0.0124448  -0.0128539  -0.0133341 -0.00907369  -0.0067489    0.053212 0.000851153 -0.0111488  -0.023194  0.0436923 -0.00602382  0.00106208 -0.00142617 0.00532241 0.00191329  0.0118369   0.011873 0.00164028 -0.0138159   -0.49074 -0.0500118   -9.79659 
             83.0006   -0.012983   0.0915074 -0.00967817  -0.0118146  -0.0143497 -0.00963647 -0.00678033   0.0531754 0.000853706 -0.0111487 -0.0231934  0.0436907 -0.00107587 -0.00280321 -0.00261274 0.00533411 0.00192365  0.0118359  0.0117484 0.00173817 -0.0137775  -0.490731 -0.0500187   -9.79659 
             83.1008 -0.0266188  0.0912453  0.0193248  -0.0115416  -0.0141306 -0.00915843 -0.00676905   0.0531669   0.0008548 -0.0111481 -0.0231943   0.043691  0.000523895  -0.00173877 -1.05509e-05 0.00534097 0.00192327  0.0118178  0.0117195 0.00169818   -0.01385  -0.490729 -0.0500164   -9.79659 
             83.2008 -0.0262606   0.116371  0.0238825  -0.0131014  -0.0138796 -0.00963513 -0.00675658   0.0532095 0.000850011 -0.0111475 -0.0231937  0.0436903  -0.00331848 -0.000109948  -0.00167452 0.00534255 0.00190889   0.011816  0.0118466 0.00166349 -0.0138029  -0.490737 -0.0500128   -9.79659 
             83.3008  -0.0085217    0.107933 -0.00303647 -0.0129017 -0.0134905 -0.0102039 -0.00674302   0.0531962 0.000853234 -0.0111478 -0.0231938    0.04369 -0.00146546  0.00109203 -0.00335574 0.00533458 0.00191366  0.0118326  0.0118073 0.00162646 -0.0137651  -0.490735 -0.0500102   -9.79659 
             83.4012 -0.0164428   0.083161   0.027624  -0.0117128  -0.0141395 -0.00991473 -0.00676849   0.0531584 0.000850416 -0.0111478 -0.0231944  0.0436893   0.00184198 -0.000803926  -0.00113868 0.00533893 0.00192755  0.0118148  0.0117005  0.0016931 -0.0138264  -0.490727 -0.0500153   -9.79659 
              83.501 -0.0141727  0.0810214  0.0399138  -0.0107537  -0.0150863 -0.00968352 -0.00679616   0.0531377 0.000848242 -0.0111481 -0.0231947  0.0436892   0.00381846  -0.00356095 -0.000209213 0.00533714 0.00192898   0.011806   0.011642 0.00176442 -0.0138632  -0.490723 -0.0500203   -9.79659 
             83.6014  -0.0232248     0.10773 -0.00337972 -0.0124897 -0.0149396 -0.0102768 -0.00677942   0.0532002 0.000849397 -0.0111484 -0.0231962  0.0436883 -0.00181043 -0.00218275 -0.00214088 0.00534134  0.0019117   0.011829   0.011808 0.00171567 -0.0138022  -0.490734 -0.0500168   -9.79659 
             83.6999  0.00527461   0.0771472 -0.00419793    -0.01047  -0.0139097 -0.00914851 -0.00673929   0.0531316 0.000865571 -0.0111481 -0.0231946  0.0436867   0.0043531 0.000431744  0.00202872 0.00532571  0.0019293  0.0118281  0.0116388 0.00160627  -0.013933  -0.490724 -0.0500095   -9.79659 
             83.8019 -0.00618282   0.0960569 -0.00837337 -0.00982331  -0.0126954 -0.00948235 -0.00670079   0.0531308 0.000879719 -0.0111479 -0.0231945  0.0436868  0.00551511  0.00400576 0.000584286 0.00533197 0.00192135  0.0118296  0.0116256 0.00150676  -0.013879  -0.490723 -0.0500026   -9.79659 
             83.9009 -0.0221644    0.10758 -0.0200091 -0.00992113  -0.0125894 -0.00969448 -0.00671292   0.0531509 0.000876682 -0.0111477 -0.0231946  0.0436865   0.00441111   0.00321598 -0.000636431 0.00534186 0.00191571  0.0118389  0.0116767 0.00153345 -0.0138555  -0.490726 -0.0500038   -9.79659 
             84.0007 -0.0444019  0.0930556 0.00227322 -0.00828899  -0.0143736 -0.00975054  -0.0067833   0.0531132 0.000863903 -0.0111494 -0.0231954  0.0436842  0.00761444 -0.00237554 -0.00116838 0.00535246 0.00192429  0.0118255  0.0115828 0.00171745 -0.0138618  -0.490722 -0.0500168   -9.79659 
             84.1018 0.0201312  0.113358  0.028977 -0.00875811   -0.013462 -0.00967892 -0.00674745   0.0531522 0.000864483 -0.0111481 -0.0231943  0.0436815    0.0047469  0.000517994 -0.000884799 0.00532184 0.00191545  0.0118131  0.0116837 0.00160789 -0.0138763  -0.490727 -0.0500081   -9.79659 
             84.1989 0.0260888 0.0859933  0.060342 -0.00753991  -0.0133057 -0.00914662  -0.0067418   0.0531354 0.000864091 -0.0111472 -0.0231945  0.0436808   0.00654902 -7.41178e-05   0.00131485 0.00531918 0.00192808  0.0117971  0.0116269 0.00159403 -0.0139342  -0.490723 -0.0500081   -9.79659 
             84.3006 -0.000920177     0.106151    0.0250451 -0.00890689  -0.0132532 -0.00968862 -0.00674078   0.0531834 0.000857282  -0.011147 -0.0231949  0.0436803   0.00104655 -0.000263911 -0.000694997 0.00533526 0.00191912  0.0118168   0.011783 0.00158828  -0.013873  -0.490734 -0.0500065   -9.79659 
             84.4042 -0.0298799  0.0673485  0.0442214 -0.00800297  -0.0139062  -0.0106764  -0.0067622   0.0531663 0.000858458 -0.0111477  -0.023194  0.0436791  0.00250886 -0.00176029   -0.002708 0.00534695 0.00193465   0.011808  0.0117172 0.00164651 -0.0137832  -0.490729 -0.0500086   -9.79659 
             84.5022 -0.0443906  0.0856509  0.0257487 -0.00905684  -0.0140569   -0.010158  -0.006761  0.0531957 0.00085728 -0.0111479  -0.023195  0.0436788  -0.00153658 -0.000720525 -0.000964751 0.00535264 0.00192775  0.0118153  0.0118026 0.00165069 -0.0138456  -0.490734 -0.0500108   -9.79659 
             84.6006 -0.0361713   0.116522 -0.0493758  -0.0127337  -0.0146522 -0.00896186 -0.00678349   0.0532913 0.000834627 -0.0111481    -0.0232  0.0436766  -0.0115115 -0.00263292  0.00471777  0.0053444 0.00191235  0.0118577  0.0120347 0.00168329  -0.013942 -0.490748 -0.050016  -9.79659 
             84.7004 -0.00933402   0.0807954   0.0235439  -0.0126012  -0.0139483 -0.00898365 -0.00675329   0.0532575 0.000856104 -0.0111469 -0.0232021  0.0436747 -0.00862205  0.00067055  0.00417638 0.00532692 0.00193475  0.0118168   0.011947 0.00161531 -0.0138971  -0.490743 -0.0500113   -9.79659 
              84.801  0.010848  0.119424 0.0373051   -0.013478  -0.0132643 -0.00958193 -0.00671638   0.0532713 0.000863236 -0.0111451 -0.0232029  0.0436739 -0.00738259  0.00157837 0.000862836 0.00531743 0.00191322  0.0118109   0.011958 0.00155864 -0.0138079  -0.490742 -0.0500091   -9.79659 
             84.9007 0.0217745 0.0971885 0.0216914  -0.0127453  -0.0133048 -0.00911653 -0.00672612   0.0532121 0.000868725 -0.0111448 -0.0232029  0.0436734  -0.00279274 -0.000430811   0.00211368  0.0053108 0.00192597  0.0118207  0.0118549  0.0015719 -0.0138469  -0.490738 -0.0500098   -9.79659 
             85.0009 0.0220616 0.0926943 0.0213059   -0.012185  -0.0145298 -0.00927085 -0.00678111   0.0531794 0.000863332 -0.0111447 -0.0232028  0.0436728 -0.000456145  -0.00438775   0.00086925 0.00531112 0.00192901  0.0118202  0.0117874 0.00167582  -0.013815  -0.490734 -0.0500149   -9.79659 
             85.1022  0.0206652  0.0897788 0.00617623  -0.0108811  -0.0136108 -0.00909322 -0.00672701   0.0531306  0.00087067 -0.0111454 -0.0232024  0.0436732   0.00290142 -0.000685753   0.00146522  0.0053112 0.00192957  0.0118276  0.0116845 0.00155915 -0.0138249  -0.490729 -0.0500082   -9.79659 
             85.2006 -0.0228467   0.091802 -0.0248136  -0.0109998   -0.014393 -0.00949396   -0.006756   0.0531439 0.000865409 -0.0111447 -0.0232019   0.043672   0.00168995  -0.00245742 -0.000507424 0.00533323 0.00192955  0.0118402   0.011715 0.00162247 -0.0137759  -0.490731 -0.0500108   -9.79659 
             85.3006 -0.0867055  0.0934326    0.05798 -0.0126847 -0.0165969 -0.0104815 -0.00682314   0.0532064 0.000857237 -0.0111487 -0.0231975  0.0436681 -0.00359494 -0.00694764  -0.0033433 0.00537098 0.00192735  0.0117929  0.0118527  0.0017959 -0.0136844  -0.490738 -0.0500193   -9.79659 
             85.3983 -0.0307061  0.0726651 0.00597145  -0.0109492  -0.0150493 -0.00898321 -0.00674077   0.0531395  0.00087817 -0.0111489  -0.023194  0.0436645   0.00209206 -0.000151278   0.00231678 0.00533932 0.00193957  0.0118235  0.0116961 0.00160292  -0.013859  -0.490729 -0.0500106   -9.79659 
             85.5014 -0.0069461   0.110261  0.0542288  -0.0120985  -0.0135824 -0.00837473 -0.00669226   0.0531782 0.000888272 -0.0111473 -0.0231924  0.0436604 -0.000312253   0.00369895   0.00330897  0.0053242 0.00191897  0.0117976  0.0118077 0.00146759 -0.0138896  -0.490736 -0.0500022   -9.79659 
             85.6005  0.0309823   0.116365 0.00309066 -0.0106934 -0.0121954 -0.0082095 -0.00665729   0.0531409 0.000905197 -0.0111488 -0.0231914  0.0436593 0.00439033 0.00540876 0.00292414  0.0053038 0.00191639  0.0118268  0.0117003 0.00137506 -0.0138724   -0.49073 -0.0499964   -9.79659 
             85.7018   -0.024078    0.088084 -0.00207821 -0.00948638  -0.0129149 -0.00890795 -0.00669897    0.053122 0.000903443 -0.0111487 -0.0231897  0.0436569 0.00648895 0.00176426 0.00021154 0.00533285  0.0019312  0.0118268  0.0116375 0.00149095 -0.0137773  -0.490725 -0.0500032   -9.79659 
             85.8006 0.0217231 0.0852513 0.0208561  -0.0104436  -0.0134091 -0.00781031 -0.00670894   0.0531713 0.000905936 -0.0111487 -0.0231885  0.0436578  0.00189239 -0.00107834  0.00362006 0.00530762 0.00193268  0.0118133  0.0117595 0.00154185 -0.0138811  -0.490731 -0.0500081   -9.79659 
             85.9006 0.0278879  0.109769 0.0471648  -0.0101022  -0.0151544 -0.00944557 -0.00677976   0.0531616 0.000907983 -0.0111488 -0.0231891  0.0436582  0.00254098 -0.00669896 -0.00238285 0.00530422 0.00191997  0.0117992  0.0117505 0.00167985  -0.013687  -0.490731 -0.0500127   -9.79659 
              86.001 -0.0254082   0.110065  0.0336935  -0.0107521  -0.0156382 -0.00979334 -0.00677281   0.0531894 0.000912691 -0.0111488 -0.0231889  0.0436584 0.000275794 -0.00575376 -0.00326636 0.00533536 0.00192006  0.0118074  0.0118243 0.00166477  -0.013677  -0.490736 -0.0500119   -9.79659 
             86.1004 -0.0205039   0.061784  0.0356389 -0.00772866  -0.0152099  -0.0107753  -0.0067544   0.0531007 0.000904027 -0.0111499 -0.0231883  0.0436562  0.00810181 -0.00311502 -0.00537356 0.00533175 0.00194606  0.0118048  0.0115842 0.00157745  -0.013614 -0.490723 -0.050003  -9.79659 
             86.2005 -0.0261701  0.0807724   0.033779 -0.00978888  -0.0149075 -0.00980532 -0.00671552   0.0531737 0.000920317 -0.0111503 -0.0231891  0.0436563   0.00037892  -0.00138902 -0.000710434 0.00533514 0.00193473  0.0118078  0.0118144 0.00151939 -0.0137624  -0.490737 -0.0500052   -9.79659 
             86.2999 -0.0069707   0.123961  0.0201655 -0.0123797 -0.0143206 -0.0106603 -0.00669483   0.0532426 0.000935227 -0.0111494 -0.0231909  0.0436528  -0.0062227 0.000513639 -0.00339142 0.00532537 0.00191193  0.0118161   0.012029 0.00144785  -0.013682  -0.490751 -0.0500022   -9.79659 
              86.401 -0.0240529  0.0838627  0.0195487 -0.0120237 -0.0130839 -0.0111649  -0.0066684   0.0532152 0.000942664 -0.0111497 -0.0231908  0.0436523 -0.00453639  0.00530681 -0.00413277 0.00533811 0.00193436  0.0118175   0.011945 0.00134953 -0.0136687  -0.490747 -0.0499947   -9.79659 
             86.5006 0.0286941 0.0614827 0.0197966 -0.00886241  -0.0132454 -0.00965746 -0.00668803   0.0531242  0.00093441  -0.011148 -0.0231879  0.0436511 0.00536185 0.00238615 0.00172573 0.00531295 0.00194314  0.0118168  0.0116572 0.00140854 -0.0138669   -0.49073 -0.0499963   -9.79659 
             86.6005 -0.0138046   0.103602  0.0275754 -0.0100068 -0.0137227 -0.0102224 -0.00669991   0.0531679 0.000920755 -0.0111474  -0.023187  0.0436497   0.00103193  0.000162388 -0.000662465 0.00533448  0.0019195  0.0118095  0.0117929 0.00146667 -0.0137956 -0.490737 -0.050001  -9.79659 
             86.7006 -0.0450382  0.0903427 -0.0311178 -0.0148916 -0.0140429 -0.0100107 -0.00671005   0.0532747 0.000887802 -0.0111472 -0.0231923  0.0436493   -0.0120534 -0.000795951 -0.000584307 0.00535198 0.00192782  0.0118416  0.0121732 0.00149044 -0.0138152  -0.490761 -0.0500047   -9.79659 
             86.8005 -0.0204137  0.0631942  0.0297798 -0.0123452 -0.0143308 -0.0102856 -0.00672359   0.0531897 0.000900873 -0.0111478 -0.0231957  0.0436473 -0.00191371 -0.00301517   0.0010118 0.00533789 0.00194193  0.0118097  0.0118858 0.00150838 -0.0137977  -0.490743 -0.0500046   -9.79659 
             86.9049 -0.0288761   0.078624  0.0207072  -0.0096905  -0.0149066 -0.00975884 -0.00673198    0.053126 0.000900631 -0.0111479 -0.0231959  0.0436477  0.00612189 -0.00370539  0.00367354  0.0053415 0.00193263  0.0118151  0.0116608 0.00154351 -0.0138398  -0.490729 -0.0500078   -9.79659 
             87.0005 0.0222552  0.101713 0.0266142 -0.00798005  -0.0135977 -0.00792929 -0.00665596    0.053094 0.000898754 -0.0111486 -0.0231939  0.0436458 0.00923124 0.00209867 0.00794441 0.00531679 0.00191804  0.0118108  0.0115805 0.00140406   -0.01398 -0.490726 -0.050002  -9.79659 
             87.1007 -0.0537222  0.0949671  0.0129837  -0.0124379  -0.0131734 -0.00792019 -0.00664487   0.0533042  0.00092084 -0.0111488 -0.0231933  0.0436461 -0.00613516   0.0044129  0.00646282 0.00535959 0.00192998  0.0118194  0.0119779 0.00138759 -0.0138908  -0.490742 -0.0500008   -9.79659 
             87.2006 0.00142554  0.0872628 0.00867028  -0.0108816  -0.0127962 -0.00750324 -0.00664563   0.0532178 0.000926884 -0.0111488 -0.0231933  0.0436459 1.20564e-05  0.00348773  0.00527732 0.00532708 0.00193332  0.0118204  0.0118207 0.00138809 -0.0138749  -0.490736 -0.0500005   -9.79659 
             87.3006 -0.0155503  0.0972729  0.0276401  -0.012932 -0.0141756 -0.0077331 -0.00671735    0.053305 0.000896709 -0.0111496 -0.0231924  0.0436453 -0.00503804 -0.00200263  0.00286533 0.00533738 0.00192999  0.0118096  0.0119768 0.00153422 -0.0138005  -0.490741 -0.0500075   -9.79659 
             87.4005 0.00637441  0.0783763  0.0328545  -0.0106573  -0.0147246 -0.00993308 -0.00671982   0.0532151 0.000918778 -0.0111509 -0.0231937  0.0436444  0.00283218 -0.00363101 -0.00448591 0.00532592 0.00193962  0.0118075   0.011759 0.00156556  -0.013559   -0.49073 -0.0500085   -9.79659 
             87.5016 -0.0146971  0.0607914   0.024888 -0.00974281  -0.0142245  -0.0105856 -0.00669248    0.053193 0.000927208 -0.0111513 -0.0231935  0.0436445  0.00441788 -0.00114618 -0.00467659 0.00533658 0.00194937  0.0118085  0.0117056  0.0014942 -0.0135371  -0.490727 -0.0500042   -9.79659 
             87.6006 -0.0661891   0.077536   0.006891 -0.00967968  -0.0147203  -0.0105705 -0.00670923   0.0532045 0.000924237 -0.0111513 -0.0231945  0.0436436  0.00302812 -0.00147798 -0.00302324 0.00536871 0.00194006  0.0118214  0.0117337 0.00153668  -0.013587  -0.490729 -0.0500071   -9.79659 
              87.702 -0.0167391    0.10211  0.0410587 -0.00955591  -0.0136124  -0.0102517 -0.00666658   0.0532086 0.000927112  -0.011151 -0.0231939  0.0436421  0.00283741  0.00235971 -0.00130831 0.00534008 0.00192473  0.0118028  0.0117515 0.00142245 -0.0136473  -0.490731 -0.0500012   -9.79659 
             87.8007 -0.00105754   0.0737367   0.0248222 -0.00986046  -0.0143257 -0.00979501 -0.00669102   0.0532229 0.000923935 -0.0111502 -0.0231933  0.0436433  0.000702168 -0.000641874  0.000306535 0.00532968 0.00194045   0.011811  0.0117954 0.00150233 -0.0137056  -0.490734 -0.0500061   -9.79659 
             87.9005 -0.0440104  0.0743663  0.0406599 -0.00838685  -0.0139769 -0.00828971 -0.00668552   0.0531793 0.000920778 -0.0111498 -0.0231952  0.0436433  0.0045504 0.00085879 0.00474794 0.00535547 0.00193948  0.0118033  0.0116846 0.00147214 -0.0138532   -0.49073 -0.0500033   -9.79659 
             88.0019 -0.0137922   0.102127 -0.0156475 -0.00957739  -0.0142186 -0.00932295 -0.00669225   0.0532288 0.000916183 -0.0111482  -0.023198  0.0436424  0.000781973 -0.000910113 -0.000140427 0.00533653 0.00192282  0.0118335  0.0118222 0.00149178 -0.0136972  -0.490735 -0.0500055   -9.79659 
             88.1012  0.0367532   0.119404 -0.0132848  -0.0113582  -0.0133438 -0.00886093 -0.0066597   0.053276 0.00092416 -0.0111487  -0.023198    0.04364 -0.00357729  0.00052574  0.00128727 0.00530961 0.00191244  0.0118345  0.0119748 0.00139335 -0.0137408  -0.490745 -0.0500009   -9.79659 
             88.2088 0.0180709  0.073883 0.0206835  -0.0100423  -0.0135603 -0.00799832 -0.00666979   0.0532312 0.000918265 -0.0111479 -0.0231999  0.0436381 0.000926227 -0.00111919  0.00366923  0.0053216 0.00193954  0.0118176  0.0118341 0.00141923 -0.0138177  -0.490737 -0.0500025   -9.79659 
             88.3014 -0.0101021  0.0900367   0.010545  -0.0110155  -0.0143779 -0.00842398 -0.00669722   0.0532554 0.000923723 -0.0111481 -0.0231988  0.0436374 -0.00221906 -0.00292301  0.00172033 0.00533838 0.00192954  0.0118252  0.0119197 0.00148535 -0.0137382  -0.490742 -0.0500045   -9.79659 
             88.4007 -0.00207197    0.110769    0.033113  -0.0109053  -0.0147446 -0.00888387 -0.00670469   0.0532474 0.000921587 -0.0111477 -0.0231988  0.0436374 -0.000733134  -0.00328084 -0.000926668 0.00533709 0.00191763  0.0118166  0.011901 0.0014875 -0.013678  -0.490742 -0.0500031   -9.79659 
             88.5002 -0.00989737   0.0927617  0.00399739    -0.01105  -0.0143185 -0.00871696 -0.00667774    0.053252 0.000922569 -0.0111482 -0.0231989  0.0436375 -0.000907885 -0.000970792 -0.000369955 0.00534005 0.00192638  0.0118337  0.0119102 0.00141627 -0.0137019  -0.490742 -0.0499998   -9.79659 
             88.6005 -0.00225438    0.091609   0.0236617 -0.00905359  -0.0141854 -0.00881968 -0.00667238   0.0532027 0.000909193 -0.0111482 -0.0231994  0.0436372    0.0056812 -0.000828316 -0.000967788   0.005332 0.00192732  0.0118198  0.0117508 0.00139535 -0.0136973  -0.490733 -0.0499985   -9.79659 
             88.7006 0.0286591  0.110878 0.0381404 -0.00957693  -0.0137235 -0.00903143 -0.00665801   0.0532279 0.000910798 -0.0111478 -0.0231993  0.0436359      0.00337 -0.000161716  -0.00110181 0.00531514 0.00191505  0.0118118  0.0118379 0.00134194 -0.0136809  -0.490738 -0.0499952   -9.79659 
             88.8006 0.00800986   0.119596  0.0278021 -0.00827839  -0.0139761 -0.00890367 -0.00666573   0.0532089 0.000913109 -0.0111477 -0.0231994  0.0436358  0.00728482 -0.00177647 1.04193e-05 0.00532571  0.0019097  0.0118167  0.0117659 0.00136573 -0.0137053  -0.490734 -0.0499966   -9.79659 
             88.9034 0.0108052 0.0793839 0.0474827 -0.00784097  -0.0141625 -0.00928546 -0.00666663   0.0532128 0.000913321 -0.0111482 -0.0231993   0.043636  0.00625108 -0.00196612 -0.00139346 0.00532512 0.00193177  0.0118074  0.0117819 0.00136741 -0.0136681  -0.490735 -0.0499962   -9.79659 
             89.0006 -0.0249539   0.118412  0.0367218  -0.0106262  -0.0144506 -0.00987304 -0.00666318   0.0532947 0.000913875 -0.0111479 -0.0231993  0.0436346 -0.00316581 -0.00136955  -0.0027294  0.0053446 0.00191282  0.0118146  0.0120553 0.00137311 -0.0136225   -0.49075 -0.0499983   -9.79659 
             89.1018  0.0201029   0.126944 0.00919076  -0.0133347  -0.0143412 -0.00893196 -0.00663656   0.0533628 0.000918228 -0.0111489 -0.0232001  0.0436334 -0.00940236 -0.00232827  0.00110982 0.00531957 0.00191035  0.0118292  0.0122486 0.00133468 -0.0137378   -0.49076 -0.0500013   -9.79659 
             89.2005 -0.0672614  0.0475836 0.00128354 -0.00980301  -0.0151132  -0.0103109 -0.00667786   0.0532542 0.000911084 -0.0111512 -0.0231959   0.043626  0.00334484 -0.00376877 -0.00540774 0.00536706 0.00195198  0.0118319  0.0118974 0.00139383 -0.0136056  -0.490741 -0.0499971   -9.79659 
             89.3007 -0.0172637  0.0826127  0.0203224 -0.00787359  -0.0136551  -0.0102138  -0.0066288   0.0532211 0.000889061 -0.0111503 -0.0231958  0.0436245  0.00880849   0.0021111 -0.00539164 0.00533967 0.00193152  0.0118234  0.0117805  0.0012365 -0.0136744  -0.490736 -0.0499883   -9.79659 
             89.4006 -0.00678991   0.0989587   0.0286725 -0.00711481  -0.0137853   -0.010855 -0.00663359   0.0532221 0.000893102 -0.0111503 -0.0231959  0.0436248  0.00897221 0.000403108 -0.00494891 0.00533328 0.00192417  0.0118164   0.011791 0.00126742   -0.01366  -0.490736 -0.0499904   -9.79659 
             89.5005   -0.058533    0.105332 -0.00694567 -0.00792278  -0.0140505 -0.00986516 -0.00663569   0.0532496 0.000905634 -0.0111508 -0.0231978  0.0436237  0.00426705  0.00127256 -0.00130093  0.0053594 0.00191883   0.011833  0.0119278 0.00130785 -0.0138185  -0.490745 -0.0499936   -9.79659 
             89.6006 -0.0615186  0.0641542  0.0293337 -0.00585841  -0.0140905   -0.010394 -0.00663763   0.0532382 0.000904967 -0.0111513 -0.0231983  0.0436225  0.00806806  0.00157366 -0.00238753 0.00535998 0.00194135  0.0118136  0.0117934 0.00132543 -0.0137816  -0.490736 -0.0499949   -9.79659 
             89.7005  0.010303   0.10678 0.0321863 -0.00844424  -0.0137176    -0.01021 -0.00663517   0.0532676 0.000891767 -0.0111514 -0.0231963  0.0436196 -0.000754856   0.00146735  -0.00182443 0.00531869 0.00191528  0.0118112  0.0120741 0.00128937 -0.0138207  -0.490755 -0.0499915   -9.79659 
             89.8006 0.0158761   0.10445 0.0361976 -0.00907725  -0.0127221 -0.00975362 -0.00662454   0.0532754  0.00088841 -0.0111513 -0.0231958  0.0436189 -0.00180233  0.00308513 0.000129264 0.00531546 0.00191662  0.0118091  0.0121222 0.00120786 -0.0138807  -0.490758 -0.0499855   -9.79659 
             89.9007 0.0114578 0.0898181  0.016499 -0.00793631  -0.0115627  -0.0091879 -0.0066121  0.0532544 0.00089923 -0.0111517 -0.0231952  0.0436186 0.00221159 0.00491445 0.00151283 0.00531802 0.00192486  0.0118196  0.0120143 0.00113339 -0.0139366  -0.490752 -0.0499802   -9.79659 
             90.0006 -0.0243085  0.0753763  0.0287575 -0.00640276  -0.0134549 -0.00944327 -0.00667591   0.0532364 0.000891868 -0.0111521  -0.023195  0.0436144  0.00626184 -0.00225225 0.000706095 0.00533728 0.00193355   0.011813  0.0119032 0.00135899 -0.0138987  -0.490744 -0.0499921   -9.79659 
             90.1007 0.0112083 0.0981924 0.0122338 -0.00768919  -0.0132173 -0.00978577 -0.00666086    0.053276 0.000889359 -0.0111521 -0.0231958  0.0436137  0.000772556  -0.00145073 -0.000303961 0.00531855 0.00192325  0.0118209  0.0120535 0.00130984 -0.0138559  -0.490752 -0.0499898   -9.79659 
             90.2023 -0.00586204   0.0902474   0.0108795 -0.00854882  -0.0134754  -0.0101814 -0.00666317   0.0532977 0.000888224 -0.0111521 -0.0231958  0.0436137 -0.00212355 -0.00148051 -0.00164613 0.00533177 0.00192755  0.0118216  0.0121271 0.00131844 -0.0138209  -0.490756 -0.0499903   -9.79659 
              90.301 -0.00765874   0.0765587    0.015562  -0.0086676  -0.0137164 -0.00909562 -0.00665698   0.0532941 0.000887054 -0.0111516 -0.0231961  0.0436136 -0.00200203  -0.0018828  0.00230503 0.00533104 0.00193516  0.0118187    0.01212 0.00132183 -0.0139413  -0.490756 -0.0499926   -9.79659 
             90.4018 -0.0317114  0.0982419   0.026003 -0.00756138  -0.0147591 -0.00937006 -0.00668869   0.0532626 0.000881386 -0.0111516  -0.023196  0.0436134  0.00214214 -0.00435801 0.000623234 0.00534479 0.00192482  0.0118128  0.0120237 0.00139986 -0.0138961  -0.490751 -0.0499954   -9.79659 
             90.5006 -0.028216 0.0964203 0.0321151 -0.00889707  -0.0153859  -0.0101731 -0.00669474   0.0533028 0.000884716 -0.0111516 -0.0231956  0.0436133 -0.00187493 -0.00510156 -0.00208535 0.00534282 0.00192593  0.0118092  0.0121452 0.00141385 -0.0138074  -0.490756 -0.0499953   -9.79659 
             90.6005 -0.0472964  0.0700936 0.00817992  -0.0110146  -0.0145175 -0.00981388 -0.00665251   0.0533482 0.000895612 -0.0111522 -0.0231966  0.0436144  -0.00745071 -0.000697259 -0.000200723 0.00535539 0.00194208  0.0118238  0.0122932 0.00129347 -0.0138581 -0.490764  -0.04999  -9.79659 
             90.7005 -0.00656034   0.0870055 -0.00514029 -0.0124323  -0.013549 -0.0103717 -0.00662451   0.0533674 0.000902172 -0.0111526 -0.0231978  0.0436125 -0.00925796  0.00238709 -0.00197039 0.00533371 0.00193174  0.0118325  0.0123464 0.00119469 -0.0138032 -0.490767 -0.049985  -9.79659 
             90.8006 -0.0306067   0.108675  0.0261418 -0.0126052 -0.0140666 -0.0105883 -0.00664828   0.0533499 0.000896932 -0.0111535 -0.0231984  0.0436127 -0.00697304 0.000835568 -0.00193882 0.00534822 0.00192067  0.0118161  0.0122869 0.00126934 -0.0138034  -0.490764 -0.0499887   -9.79659 
             90.9034 -0.0741679  0.0790533  0.0170012 -0.0099377 -0.0145331 -0.0109875 -0.00666884   0.0532687 0.000886121 -0.0111534 -0.0231982  0.0436105  0.00192378 0.000212789 -0.00273709 0.00537161 0.00193879  0.0118212  0.0120193 0.00132826 -0.0137906  -0.490751 -0.0499918   -9.79659 
             91.0004 0.00135158  0.0806281  0.0097222 -0.00734614  -0.0142024 -0.00843682 -0.00665746   0.0532103 0.000889965 -0.0111528 -0.0231925  0.0436099   0.00895834 -0.000100959    0.0059682 0.00532879 0.00193776  0.0118248  0.0118296 0.00129227 -0.0140763  -0.490742 -0.0499881   -9.79659 
             91.1005 -0.00715658   0.0804628   0.0300687 -0.00666675  -0.0138971 -0.00893795 -0.00664546   0.0532168 0.000889993 -0.0111526 -0.0231929  0.0436098 0.00900291 0.00019138 0.00220984 0.00533506 0.00193592  0.0118138  0.0118489 0.00125957 -0.0139653  -0.490743 -0.0499875   -9.79659 
             91.1991 -0.0481643  0.0984669  0.0315336 -0.00813707  -0.0154989 -0.00959182 -0.00668754   0.0532739 0.000885921  -0.011152 -0.0231921   0.043607   0.00309768  -0.00394565 -0.000520672 0.00535777 0.00192472  0.0118124  0.0120395 0.00140957 -0.0138778  -0.490751 -0.0499959   -9.79659 
             91.3004 -0.0648934  0.0750641  0.0251414  -0.0109025  -0.0152065 -0.00936832 -0.00666723   0.0533362 0.000894013  -0.011152 -0.0231922  0.0436082  -0.00577409 -0.000870368  6.10212e-05 0.00536573 0.00193665  0.0118159  0.0122782 0.00135089 -0.0139006  -0.490764 -0.0499936   -9.79659 
             91.4006 -0.0245172  0.0869643  0.0414041  -0.0107295  -0.0145738 -0.00883156  -0.0066515   0.0533195 0.000891999 -0.0111518  -0.023192  0.0436078 -0.00395354  0.00111352  0.00186235 0.00534248 0.00192967   0.011805  0.0122171 0.00128564 -0.0139516  -0.490762 -0.0499895   -9.79659 
             91.5005 -0.00628987    0.100985   0.0509091  -0.0122073  -0.0143233 -0.00982705 -0.00664254   0.0533416 0.000890319 -0.0111512 -0.0231928  0.0436072 -0.00626732  0.00156962 -0.00349018 0.00533269 0.00192192  0.0117988  0.0123074 0.00126839 -0.0138397  -0.490766 -0.0499906   -9.79659 
             91.6005 -0.020039 0.0682663 0.0394571 -0.0102975 -0.0134785 -0.0101077 -0.00663498   0.0532911 0.000897438 -0.0111515 -0.0231921  0.0436059 0.000526164  0.00298233 -0.00331012 0.00533983 0.00194076   0.011805  0.0121045 0.00120195  -0.013847  -0.490756 -0.0499842   -9.79659 
             91.7007 -0.0447029   0.056415  0.0113372 -0.00863652  -0.0146365 -0.00991476 -0.00666401   0.0532742 0.000891837 -0.0111495 -0.0231914  0.0436036    0.0045418 -0.000283338  -0.00090717 0.00535233  0.0019462  0.0118216  0.0119721  0.0013457 -0.0138969  -0.490746 -0.0499907   -9.79659 
             91.8005 -0.0122677  0.0858577   0.031654 -0.00804206   -0.014113 -0.00926289 -0.00664928   0.0532723 0.000891065   -0.01115 -0.0231909  0.0436032  0.00574806 0.000191685  0.00131583 0.00533583 0.00192941  0.0118074  0.0119658 0.00128811 -0.0139729  -0.490747 -0.0499874   -9.79659 
             91.9004 -0.0174477  0.0942276 0.00514221 -0.00935446  -0.0145319 -0.00870804 -0.00665318   0.0533071 0.000895563 -0.0111501 -0.0231915  0.0436023 0.000402032 -0.00151912  0.00336383 0.00533658 0.00192606  0.0118209  0.0121128 0.00132188 -0.0140039 -0.490755 -0.049991  -9.79659 
             92.0005 -0.0450047  0.0887475  0.0322403 -0.00738748  -0.0144757 -0.00848316 -0.00665659   0.0532576 0.000882213   -0.01115 -0.0231923  0.0436024  0.00548962 3.72712e-05  0.00301812 0.00535091 0.00193082  0.0118057  0.0119575 0.00131325 -0.0139975 -0.490748 -0.049989  -9.79659 
             92.1016 -0.0407014   0.102748  0.0236203 -0.0100348 -0.0142449 -0.0089009 -0.00664208   0.0533497 0.000905939 -0.0111499 -0.0231921  0.0436017 -0.00334366   0.0014239 0.000671414  0.0053462 0.00192482  0.0118091  0.0122146 0.00128518 -0.0139206  -0.490758 -0.0499894   -9.79659 
             92.2004 0.00394229   0.112074  0.0261576 -0.0109894 -0.0132478 -0.0088675 -0.00661027   0.0533688 0.000917479 -0.0111497 -0.0231922     0.0436 -0.00517215   0.0036215 0.000658774 0.00532377 0.00191789  0.0118083  0.0122696 0.00119796  -0.013914  -0.490761 -0.0499858   -9.79659 
             92.3006 -0.0176935  0.0871336  0.0274732  -0.0111525  -0.0126988 -0.00947125 -0.00660369    0.053363 0.000919595 -0.0111504  -0.023192     0.0436 -0.00369176  0.00373492  -0.0014221 0.00533691 0.00193159  0.0118071  0.0122439 0.00118047 -0.0138485   -0.49076 -0.0499852   -9.79659 
             92.4006 0.0288684 0.0976335 0.0419519 -0.00764425  -0.0129092 -0.00973062 -0.00663003   0.0532635 0.000917899 -0.0111506 -0.0231931  0.0436003  0.00797433 0.000491337 -0.00162168 0.00531167 0.00192556  0.0118005   0.011937 0.00123261 -0.0138433  -0.490745 -0.0499854   -9.79659 
             92.5006 0.0109232 0.0686501 0.0323925   -0.008307  -0.0141035 -0.00984726 -0.00666276   0.0533012 0.000909199 -0.0111502 -0.0231934  0.0436006  0.00384048 -0.00388459  -0.0015865 0.00532493  0.0019402  0.0118054  0.0120475 0.00134691 -0.0138491  -0.490749 -0.0499919   -9.79659 
             92.6005 -0.0323298   0.105009  0.0259805  -0.0112155  -0.0153282 -0.00953991 -0.00668033   0.0533844 0.000907848 -0.0111504 -0.0231949  0.0435972 -0.00528042 -0.00569546  -0.0001508 0.00534869  0.0019198  0.0118085  0.0123111 0.00142605 -0.0138936  -0.49076 -0.049999  -9.79659 
             92.7004 0.0130113 0.0964555  0.040729  -0.0108127  -0.0153847 -0.00878126 -0.00666213   0.0533614 0.000908493 -0.0111503 -0.0231945  0.0435969 -0.00251979 -0.00474595  0.00199513 0.00532291 0.00192431  0.0117989  0.0122383 0.00137205 -0.0139754  -0.490758 -0.0499971   -9.79659 
             92.8004 -0.0212906  0.0945602   0.036811 -0.0104074 -0.0154394 -0.0084455 -0.00665383   0.0533473 0.000907242 -0.0111503 -0.0231946  0.0435972 -0.000581361  -0.00320075   0.00216057 0.00534035 0.00192493  0.0118006   0.012189 0.00133558 -0.0139898  -0.490756 -0.0499949   -9.79659 
             92.9004   0.0309387    0.143969 0.000343941  -0.0149963  -0.0140343 -0.00910839 -0.00661676   0.0534345 0.000917097 -0.0111509 -0.0232001  0.0435898   -0.0122689   0.00108106 -0.000735958 0.00530876 0.00189238    0.01182  0.0125631 0.00115867 -0.0138923  -0.490777 -0.0499882   -9.79659 
             93.0004 -0.0302265  0.0957939    0.02146  -0.0115157  -0.0152743 -0.00957463    -0.00667   0.0533509 0.000907913 -0.0111516 -0.0232008  0.0435844  0.00147932 -0.00279993 -0.00205236 0.00534761 0.00192277  0.0118089  0.0121873 0.00129652  -0.013863 -0.490756  -0.04999  -9.79659 
             93.1005 0.0264792 0.0949893 0.0419055 -0.00921269  -0.0141864 -0.00937769 -0.00664375   0.0533074 0.000907704 -0.0111502 -0.0232017  0.0435822  0.00786394 6.98371e-05 -0.00070814 0.00531564 0.00192438   0.011798  0.0120162 0.00116912  -0.013902  -0.490748 -0.0499826   -9.79659 
             93.2004 -3.93855e-05    0.0885252    0.0221436  -0.0084559  -0.0136276 -0.00926243 -0.00663092   0.0533073 0.000908271 -0.0111503 -0.0232018  0.0435825   0.00786835   0.00154054 -0.000163241 0.00533219 0.00192895  0.0118131  0.0120175  0.0011234 -0.0139204  -0.490749 -0.0499806   -9.79659 
             93.3007 -0.0283991   0.113644  0.0324227  -0.0104289  -0.0130495 -0.00955958 -0.00661574   0.0533638 0.000907441 -0.0111499 -0.0232011  0.0435817 0.000451043  0.00358215 -0.00179926 0.00535103 0.00191496  0.0118098  0.0122398 0.00108555 -0.0138916   -0.49076 -0.0499801   -9.79659 
             93.4004 0.00337442  0.0809709   0.039462 -0.00923085  -0.0135996  -0.0106569 -0.00664501   0.0533414 0.000902326 -0.0111507 -0.0232021  0.0435819   0.0033292 0.000786583  -0.0044422 0.00533526 0.00193366  0.0118071  0.0121451 0.00116372 -0.0138007  -0.490755 -0.0499815   -9.79659 
             93.5005 0.000960341   0.0997005   0.0178794 -0.0074927 -0.0146334 -0.0106732 -0.00666939    0.053318 0.000898247   -0.01115 -0.0232013  0.0435825  0.00761078 -0.00304588 -0.00309947 0.00533589 0.00192163  0.0118183  0.0120371 0.00126369 -0.0138477  -0.490748 -0.0499861   -9.79659 
             93.6006 0.00279065   0.116546  0.0190439 -0.00820889  -0.0145044  -0.0108384 -0.00665414   0.0533476 0.000898875 -0.0111502 -0.0232015   0.043582  0.00457058  -0.0027694 -0.00277005 0.00533323 0.00190991  0.0118151  0.0121637 0.00121463 -0.0138587 -0.490755 -0.049985  -9.79659 
             93.7009 -0.0397699  0.0735412  0.0395797 -0.0104095 -0.0152916 -0.0100073 -0.00665808   0.0533998 0.000896635 -0.0111493 -0.0232019  0.0435831 -0.00316516  -0.0042444 0.000846034 0.00535852 0.00193263  0.0118047  0.0123727 0.00126481  -0.013966  -0.490764 -0.0499907   -9.79659 
             93.8006 -0.0244097  0.0862628  0.0182212 -0.00972195  -0.0149313 -0.00928447 -0.00663846   0.0533791 0.000894675 -0.0111498 -0.0232013  0.0435829 -0.000492469  -0.00177696   0.00317638 0.00534813 0.00192426  0.0118177  0.0122932 0.00119751 -0.0140308  -0.490761 -0.0499877   -9.79659 
             93.9006 -0.00399487   0.0982621   0.0190608  -0.0116104  -0.0151632 -0.00882071 -0.00663438   0.0534194 0.000903124 -0.0111499 -0.0232014  0.0435823  -0.0050243 -0.00257301   0.0023918 0.00533532 0.00192009  0.0118172  0.0124415 0.00119811 -0.0140519  -0.490768 -0.0499891   -9.79659 
             94.0004 -0.0326044  0.0900025  0.0165079  -0.0115467  -0.0152677 -0.00946847 -0.00663338   0.0534104 0.000902135 -0.0111498 -0.0232012  0.0435824  -0.00319667 -0.000825727  -0.00147814 0.00534936 0.00192519  0.0118158  0.0123992 0.00118447 -0.0139704  -0.490766 -0.0499879   -9.79659 
             94.1004 0.00380947   0.095681  0.0281174  -0.0103863  -0.0138855 -0.00842472 -0.00660424   0.0533905 0.000890073 -0.0111494 -0.0232006  0.0435815 0.000853683  0.00301172  0.00129565 0.00532726 0.00192209  0.0118079  0.0122796 0.00104898 -0.0140928   -0.49076 -0.0499807   -9.79659 
             94.2004 0.000387524   0.0839283   0.0190437 -0.0105302 -0.0133214 -0.0101629 -0.00659998   0.0533912 0.000890187 -0.0111499 -0.0232008  0.0435815  0.00064934  0.00427247 -0.00612972 0.00533102 0.00192664  0.0118154   0.012301 0.00101865 -0.0139082  -0.490761 -0.0499788   -9.79659 
             94.3004 -0.0289546  0.0845788  0.0477334 -0.0113491 -0.0139813 -0.0102686  -0.0066072   0.0533987 0.000887363 -0.0111507  -0.023201  0.0435804 -0.00138999 0.000815916 -0.00405088    0.00535 0.00192303  0.0117985  0.0123717  0.0011222 -0.0139578  -0.490765 -0.0499857   -9.79659 
             94.4005 -0.00316439    0.100849   0.0250048  -0.009107  -0.014269 -0.0102926 -0.00661076   0.0533934 0.000906919 -0.0111508 -0.0232002  0.0435817  0.00588478 -0.00100883 -0.00300752 0.00533725 0.00191517  0.0118138  0.0121776 0.00116013 -0.0139991  -0.490753 -0.0499874   -9.79659 
             94.5007 -0.0477993  0.0821834  0.0271799 -0.00881454  -0.0139221  -0.0102681 -0.00660889   0.0533938 0.000904461 -0.0111507 -0.0232007  0.0435823 0.00451586  0.0012008 -0.0018984 0.00536155 0.00192583   0.011812  0.0121978  0.0011261 -0.0140306  -0.490754 -0.0499856   -9.79659 
             94.6002 -0.0284302  0.0883088  0.0173053 -0.0102849 -0.0137494 -0.0101218 -0.00660425   0.0534147  0.00089444 -0.0111508 -0.0232011  0.0435822 -0.000869861   0.00176207 -0.000926884 0.00534955 0.00192142  0.0118172  0.0123553 0.00111487 -0.0140615  -0.490763 -0.0499865   -9.79659 
             94.7006 -0.0220314  0.0849549   0.025858 -0.0100176 -0.0150062 -0.0102454 -0.00663382    0.053411 0.000893229  -0.011151 -0.0232011   0.043583 0.000150111 -0.00262394 -0.00136099 0.00534821 0.00192385  0.0118125  0.0123269  0.0012422 -0.0140598  -0.490761 -0.0499925   -9.79659 
             94.8006 -0.00206473   0.0704259   0.0442233 -0.00917453   -0.014362  -0.0104491  -0.0066134   0.0533936 0.000896424 -0.0111505 -0.0232015  0.0435821   0.00240884 -0.000372531   -0.0015674 0.00533816 0.00193205  0.0118013  0.0122603 0.00115639 -0.0140516 -0.490758 -0.049988  -9.79659 
             94.8987 -0.0323434  0.0870916  0.0419266 -0.00752915  -0.0141942 -0.00978657   -0.006616   0.0533631 0.000898248  -0.011151 -0.0232022  0.0435826  0.00653341 0.000353823 0.000885168 0.00535671 0.00192147  0.0118042  0.0121476  0.0011476 -0.0141325  -0.490754 -0.0499865   -9.79659 
             95.0006  -0.0380641   0.0951202 -0.00962941 -0.00892433  -0.0144679 -0.00997656 -0.00662115   0.0534061 0.000888955 -0.0111504 -0.0232041  0.0435818   0.00129531 -0.000584313  -0.00012211  0.0053599 0.00191616  0.0118313  0.0123079 0.00117487 -0.0141031   -0.49076 -0.0499892   -9.79659 
             95.1004 -0.0489488  0.0844719  0.0127562 -0.00959905  -0.0152233 -0.00916896 -0.00664017   0.0534169 0.000880808 -0.0111505 -0.0232042  0.0435817 -0.00138896 -0.00219782  0.00224097 0.00536661 0.00192238  0.0118196  0.0123665  0.0012426 -0.0141844  -0.490763 -0.0499927   -9.79659 
             95.2004 -0.023223 0.0904545  0.020845    -0.01133  -0.0147019 -0.00865632 -0.00662176   0.0534456 0.000884993 -0.0111501 -0.0232035  0.0435809 -0.00577789 0.000491866  0.00256674 0.00535316 0.00191823  0.0118174  0.0124946 0.00117094 -0.0142079  -0.490769 -0.0499898   -9.79659 
             95.3005 -0.0213706   0.116287  0.0340826 -0.00823389  -0.0139844 -0.00923609 -0.00661074   0.0533765 0.000882082 -0.0111491 -0.0232057  0.0435823  0.00509812  0.00246068 0.000116102 0.00535073  0.0019068  0.0118125   0.012207 0.00111021 -0.0141261  -0.490756 -0.0499868   -9.79659 
             95.4004 -0.0433537  0.0719484   0.034233 -0.00851547  -0.0143641  -0.0101823 -0.00662071   0.0533951 0.000880287 -0.0111502 -0.0232053  0.0435827  0.00236336 0.000926937 -0.00315533 0.00536416 0.00193095  0.0118116  0.0122683 0.00116723 -0.0140313  -0.490758 -0.0499904   -9.79659 
              95.502 0.0297593  0.098413 0.0282282 -0.0085558 -0.0123487 -0.0101604 -0.00657884   0.0534005 0.000889698 -0.0111508 -0.0232051  0.0435789   0.0020123  0.00604313 -0.00247268 0.00532159  0.0019165   0.011817   0.0122954 0.000980224  -0.0140582  -0.490761 -0.0499814   -9.79659 
             95.6004   0.0146739    0.101709 -0.00129173  -0.0100508  -0.0111283 -0.00928701 -0.00656537   0.0534279 0.000891511 -0.0111515 -0.0232063  0.0435789 -0.0025635 0.00741371 0.00123578  0.0053295 0.00191461  0.0118331   0.0124308 0.000922119  -0.0141661  -0.490767 -0.0499792   -9.79659 
             95.7003 -0.0410757  0.0905262 0.00328322 -0.0115506 -0.0136133 -0.0094172 -0.00663289   0.0534533 0.000856916 -0.0111515 -0.0232064  0.0435727  -0.0062094 -0.00204824 0.000456052 0.00535547 0.00192177  0.0118315  0.0125229 0.00121214 -0.0141468  -0.490769 -0.0499933   -9.79659 
             95.8007 -0.0162646  0.0744079  0.0092674  -0.0114294  -0.0143265 -0.00997373 -0.00664307   0.0534431 0.000855581 -0.0111519 -0.0232066  0.0435724 -0.00418113 -0.00361785 -0.00144552  0.0053423 0.00193036  0.0118318  0.0124626 0.00125428 -0.0140903  -0.490766 -0.0499946   -9.79659 
             95.9004 -0.0361783  0.0745164  0.0314186  -0.0105809  -0.0146596 -0.00983404 -0.00664411    0.053418 0.000857526 -0.0111519 -0.0232076  0.0435723  -0.00133323  -0.00327307 -0.000459051 0.00535274  0.0019286  0.0118185  0.0123627 0.00125348 -0.0141169  -0.490762 -0.0499947   -9.79659 
             96.0005 -0.0339406    0.10066  0.0312484 -0.0104544 -0.0151393 -0.0103118 -0.00664758    0.053416 0.000855969 -0.0111516 -0.0232077  0.0435724 8.77006e-05  -0.0037147 -0.00213377 0.00535101 0.00191405  0.0118187  0.0123498  0.0012649 -0.0140753  -0.490761 -0.0499951   -9.79659 
             96.1005 -0.0602054  0.0771342  0.0283221 -0.00985527  -0.0153873  -0.0102398 -0.00664658   0.0534016 0.000855008 -0.0111515 -0.0232078  0.0435723   0.00172722  -0.00289542 -0.000903397 0.00536625 0.00192724  0.0118202  0.0123001  0.0012594 -0.0141019  -0.490759 -0.0499948   -9.79659 
             96.2005 -0.0351685  0.0837441  0.0221134 -0.00873787  -0.0152121  -0.0100205 -0.00663668   0.0533808 0.000855729 -0.0111516 -0.0232073  0.0435721  0.00516593 -0.00196075 -0.00105121 0.00535203 0.00192295  0.0118248  0.0122257  0.0012194 -0.0141374  -0.490757 -0.0499926   -9.79659 
             96.3004 -0.0112494  0.0694785  0.0340665 -0.00861302  -0.0157151  -0.0100305 -0.00664099   0.0533874   0.0008556 -0.0111516 -0.0232072  0.0435724   0.00387936  -0.00469172 -0.000708022 0.00533805 0.00193191  0.0118193  0.0122531 0.00124057 -0.0141452  -0.490758 -0.0499936   -9.79659 
             96.4002 0.00471937  0.0816844 0.00197465  -0.0108496  -0.0143394 -0.00922285 -0.00660339   0.0534306 0.000871637 -0.0111536 -0.0232083  0.0435702 -0.00432032  0.00201289  0.00224201 0.00533144 0.00192353  0.0118369  0.0124702 0.00106529 -0.0142229  -0.490769 -0.0499858   -9.79659 
             96.5007 -0.036618 0.0780595 0.0234231   -0.009539  -0.0133266 -0.00994758 -0.00659934   0.0533977 0.000847707 -0.0111532 -0.0232075  0.0435713 0.000732575   0.0050904 -0.00079519  0.0053569 0.00192394  0.0118251   0.0123299 0.000996863  -0.0141311  -0.490763 -0.0499816   -9.79659 
                96.6 -0.0579891  0.0799742 0.00721193 -0.00939281  -0.0127789  -0.0102086 -0.00660023   0.0533969  0.00084732 -0.0111532 -0.0232074  0.0435713 0.000984155  0.00604167  -0.0019689  0.0053703 0.00192173  0.0118347  0.0123248 0.00100001 -0.0141175  -0.490762 -0.0499817   -9.79659 
             96.7004 -0.0132591   0.121963 -0.0225224 -0.0113512 -0.0137047 -0.0104196 -0.00663172   0.0534308  0.00083591 -0.0111521 -0.0232084   0.043571 -0.00376586 0.000855515 -0.00219003 0.00534642 0.00189695  0.0118524   0.012497  0.0011357 -0.0141163  -0.49077 -0.049988  -9.79659 
             96.8005 -0.0213579  0.0947926  0.0808908 -0.0105527 -0.0146271  -0.010726 -0.00665627   0.0534134 0.000837017 -0.0111551 -0.0232107  0.0435711 -0.000328221  -0.00215182  -0.00232875 0.0053546 0.0019119 0.0117956  0.0123959 0.00123464 -0.0141095  -0.490766 -0.0499926   -9.79659 
             96.9004 -0.0146146   0.086431  0.0251258 -0.00957551  -0.0145753 -0.00945568 -0.00666433   0.0533898 0.000844897 -0.0111534 -0.0232101  0.0435704  0.00240412 -0.00158713  0.00262531 0.00534981 0.00191721  0.0118268  0.0123117 0.00121402 -0.0142596  -0.490762 -0.0499904   -9.79659 
              97.001 -0.0149234  0.0990865 -0.0120292 -0.00856913  -0.0125456 -0.00824448 -0.00662593   0.0533775 0.000870449 -0.0111566 -0.0232097   0.043571 0.00456104 0.00533977 0.00545284 0.00534802  0.0019097  0.0118488  0.0122534 0.00101472 -0.0143526  -0.490761 -0.0499807   -9.79659 
             97.1008 0.0186852 0.0993869 0.0521846 -0.0109138 -0.0135565 -0.0084935 -0.00664845   0.0534356 0.000846187 -0.0111583  -0.023208  0.0435723 -0.00347808 0.000179192  0.00276896 0.00532808 0.00190971  0.0118149  0.0124824 0.00114428 -0.0142746   -0.49077 -0.0499879   -9.79659 
             97.2005 -0.0173611  0.0583984  0.0235066 -0.00984694  -0.0148016 -0.00990524 -0.00667656   0.0534161  0.00084772 -0.0111593 -0.0232059  0.0435701 3.00187e-05 -0.00340339 -0.00226662 0.00534908 0.00193079  0.0118301  0.0123646 0.00126316 -0.0141092  -0.490764 -0.0499918   -9.79659 
             97.3005 -0.0498707  0.0888879  0.0459943 -0.0109505 -0.0143822 -0.0108533 -0.00665528   0.0534372 0.000847601 -0.0111583 -0.0232046  0.0435706   -0.0023589 -0.000806041  -0.00465157 0.00536746 0.00191234  0.0118183  0.0124591 0.00119328 -0.0140329  -0.490768 -0.0499891   -9.79659 
             97.4005 0.00630025   0.107771  0.0363098 -0.0108676 -0.0154003 -0.0104902 -0.00667311   0.0534301 0.000843793 -0.0111589 -0.0232032  0.0435722 -0.000762109  -0.00465775  -0.00182757 0.00533955  0.0019018  0.0118248  0.0124339 0.00127593 -0.0141174  -0.490767 -0.0499931   -9.79659 
             97.5006  0.0259583   0.128481 0.00630526  -0.0107748  -0.0134481 -0.00960781 -0.00661408    0.053423 0.000861364 -0.0111621 -0.0232022  0.0435699 0.000759812  0.00162934 0.000969088 0.00532863 0.00189046  0.0118414  0.0124238 0.00105197 -0.0142224   -0.49077 -0.0499843   -9.79659 
             97.6005 -0.021665 0.0936362 0.0213676  -0.0103862  -0.0130035 -0.00868642 -0.00660949   0.0534143 0.000859896 -0.0111613 -0.0232033  0.0435699 0.00131432 0.00289399 0.00379886 0.00535555 0.00191221  0.0118327  0.0123944 0.00103406 -0.0143053  -0.490769 -0.0499839   -9.79659 
             97.7004 -0.0082045   0.102834 0.00462965  -0.0122394  -0.0137259 -0.00941693 -0.00663311   0.0534485 0.000866553 -0.0111612 -0.0232037  0.0435701 -0.00426001 0.000637277 6.63794e-05 0.00534825 0.00190688  0.0118411  0.0125562 0.00112141 -0.0141966  -0.490776 -0.0499873   -9.79659 
             97.8004 -0.0143862   0.088367  0.0307147  -0.0123077  -0.0136934 -0.00943037 -0.00663345   0.0534421 0.000865557 -0.0111612 -0.0232039  0.0435699 -0.00341956 0.000316636 9.87934e-05 0.00535331 0.00191405  0.0118266  0.0125288 0.00111903 -0.0141927 -0.490775 -0.049987  -9.79659 
             97.9007 -0.000308098    0.0772916    0.0294774 -0.00946432  -0.0133458 -0.00947526 -0.00663048   0.0533821 0.000864632 -0.0111612 -0.0232045  0.0435689  0.00560351 0.000337454 0.000265077 0.00534553 0.00192108   0.011827   0.012274 0.00108786 -0.0141887 -0.490764 -0.049985  -9.79659 
              98.003 0.00851994  0.0801745  0.0400112 -0.0105564 -0.0129066 -0.0101314 -0.00661909   0.0534157 0.000864596 -0.0111608 -0.0232045  0.0435684  0.00142318  0.00110403 -0.00194015 0.00534255 0.00191836  0.0118248  0.0124083 0.00104664 -0.0141162   -0.49077 -0.0499831   -9.79659 
             98.1005 -0.00249572     0.10364  -0.0101386 -0.00922025  -0.0128353  -0.0111409 -0.00662172   0.0533915 0.000866419 -0.0111601  -0.023203  0.0435691  0.00501556 0.000818767 -0.00398328 0.00535099 0.00190533  0.0118539   0.012311 0.00105501 -0.0140339  -0.490766 -0.0499822   -9.79659 
             98.2005 0.0196315  0.108035 0.0154588 -0.0117734 -0.0134921 -0.0107113 -0.00663404   0.0534586 0.000858567 -0.0111606 -0.0232022  0.0435684 -0.00356605 -0.00195114 -0.00144242 0.00533672   0.001905  0.0118372  0.0125578 0.00111621 -0.0141166  -0.490775 -0.0499868   -9.79659 
             98.3007 -0.00110931   0.0776025     0.03163 -0.00913853  -0.0142984 -0.00916055 -0.00665229   0.0533844 0.000855715 -0.0111596 -0.0232043  0.0435666  0.00400257 -0.00416859  0.00386913 0.00534724  0.0019217  0.0118252  0.0123105 0.00117582  -0.014291  -0.490766 -0.0499911   -9.79659 
             98.4006 -0.00886621    0.116314   0.0310771  -0.0103186  -0.0143158 -0.00937384 -0.00664352   0.0534223 0.000858042  -0.011159 -0.0232041  0.0435656 0.000204934 -0.00294047  0.00154137 0.00534972 0.00190062  0.0118222  0.0124444  0.0011341 -0.0142306  -0.490771 -0.0499883   -9.79659 
             98.5002 0.00214249   0.119821 0.00553215  -0.0110973  -0.0145617 -0.00844626 -0.00663623   0.0534357 0.000859905 -0.0111591 -0.0232041  0.0435655 -0.000873219  -0.00300896   0.00272437 0.00534291 0.00189799  0.0118351  0.0125137  0.0011227 -0.0143045  -0.490774 -0.0499893   -9.79659 
             98.6011 0.0158109 0.0799525 0.0302169   -0.010161  -0.0149272 -0.00793082 -0.00663802   0.0534143 0.000857234 -0.0111588 -0.0232044  0.0435645   0.0021717 -0.00429958  0.00317524 0.00533623 0.00191992  0.0118229   0.012428 0.00112788 -0.0143296  -0.490771 -0.0499897   -9.79659 
             98.7005 -0.0273959  0.0801718  0.0107965  -0.0110062  -0.0142664 -0.00786506 -0.00662179   0.0534272 0.000857748 -0.0111593 -0.0232042  0.0435663 -0.000521189 -0.000236098   0.00247871  0.0053613 0.00191909  0.0118328  0.0125151 0.00103209 -0.0142996 -0.490775 -0.049985  -9.79659 
             98.8005 0.0184285  0.126382  0.015715 -0.0114311 -0.0132425  -0.008143  -0.0066138   0.0534288 0.000853105 -0.0111586  -0.023205  0.0435649 -0.00180861  0.00466916  0.00098106 0.00533654 0.00189227  0.0118293   0.0125472 0.000941428  -0.0142454  -0.490777 -0.0499797   -9.79659 
             98.9002 -0.000129252    0.0996348    0.0237077  -0.0111119  -0.0142843 -0.00889707 -0.00662813   0.0534226 0.000856918 -0.0111591 -0.0232052  0.0435651 -0.000758529  0.000770586 -0.000698055 0.00534621 0.00190971  0.0118219  0.0125028    0.00108 -0.0141537  -0.490775 -0.0499856   -9.79659 
             99.0004 0.0015444 0.0824168 0.0411368  -0.0099166  -0.0145093 -0.00892751 -0.00663859   0.0533971 0.000880527 -0.0111593 -0.0232059  0.0435644     0.002412 -0.000209493 -0.000193545 0.00534518 0.00191955   0.011812  0.0123969 0.00110613 -0.0141573  -0.490771 -0.0499863   -9.79659 
             99.1004 -0.0280438   0.087528  0.0367887 -0.00830396  -0.0146482  -0.0086081 -0.00665205   0.0533621    0.000912 -0.0111593 -0.0232062  0.0435642   0.00647871 -0.000838539  0.000903921  0.0053593 0.00191472  0.0118131  0.0122892 0.00111811 -0.0141922 -0.490768 -0.049986  -9.79659 
             99.2006 0.00595591    0.10791  0.0452334  -0.0100127  -0.0149415 -0.00840968 -0.00665405   0.0534264 0.000855613 -0.0111593 -0.0232061  0.0435631  0.00110152 -0.00235955 0.000785311 0.00534158 0.00190211  0.0118086  0.0124842 0.00112985 -0.0141986  -0.490773 -0.0499877   -9.79659 
             99.3004 -0.0441777  0.0576207  0.0277361 -0.00828974  -0.0134179 -0.00874862 -0.00660125    0.053381 0.000907182  -0.011161 -0.0232049  0.0435635   0.00485561   0.00330609 -0.000155061 0.00537086 0.00193042  0.0118201   0.0123433 0.000981119  -0.0141549  -0.490771 -0.0499817   -9.79659 
             99.4005   0.0226997   0.0834615 -0.00913486 -0.00908674  -0.0131487 -0.00959637  -0.0065997   0.0534138 0.000894683 -0.0111606 -0.0232075   0.043563 0.00119973 0.00254549 -0.0027914 0.00533415 0.00191616  0.0118424   0.0124481 0.000977809  -0.0140716  -0.490774 -0.0499823   -9.79659 
             99.5004 -0.016171  0.109844 0.0177676  -0.0125864  -0.0141752 -0.00955038  -0.0066244   0.0534945 0.000881316 -0.0111615 -0.0232069  0.0435599 -0.00888069 -0.00103943 -0.00203167 0.00535959 0.00190144  0.0118278  0.0127443 0.00109491 -0.0141032  -0.490783 -0.0499896   -9.79659 
             99.6005 -0.00876342    0.091585   0.0223958  -0.013416 -0.0148287  -0.009967 -0.00663657   0.0534949 0.000878335 -0.0111619 -0.0232069  0.0435598 -0.00914505 -0.00259801 -0.00272122  0.0053577 0.00191044  0.0118268  0.0127394 0.00114252 -0.0140819  -0.490782 -0.0499912   -9.79659 
             99.7005 -0.0297249  0.0944215 -0.0204502 -0.0131682 -0.0136368 -0.0107177 -0.00660609   0.0534781 0.000887458 -0.0111635 -0.0232059  0.0435606 -0.00547929  0.00181744 -0.00493591 0.00537159 0.00190849   0.011852  0.0126513 0.00100727  -0.014035  -0.490779 -0.0499854   -9.79659 
             99.8004  -0.0284322   0.0944929 -0.00475208 -0.0100571 -0.0133275 -0.0114103 -0.00660344   0.0534177 0.000875556 -0.0111635 -0.0232066  0.0435604  0.00536514  0.00209711 -0.00558528 0.00537059 0.00190798  0.0118425  0.0123555 0.00099876 -0.0140161  -0.490767 -0.0499857   -9.79659 
             99.9006 0.0204488 0.0939218 0.0291802 -0.00973825  -0.0140787 -0.00987387 -0.00660634   0.0534129 0.000874127 -0.0111645 -0.0232034  0.0435618  0.00525879 -0.00223091 0.000773631 0.00534245 0.00190899  0.0118228  0.0123692 0.00108065 -0.0142225  -0.490769 -0.0499905   -9.79659 
             100.001 -0.0546879  0.0621517  0.0415497 -0.00863563  -0.0157986  -0.0092005 -0.00663751   0.0534008 0.000862527 -0.0111647 -0.0232055  0.0435579  0.00664884 -0.00578308  0.00198962 0.00538618 0.00192699  0.0118185  0.0123122  0.0012347 -0.0142912  -0.490768 -0.0499975   -9.79659 
             100.101 -0.0226666  0.0878751  0.0134171 -0.00771422  -0.0150766  -0.0101905 -0.00662457   0.0534002 0.000864048  -0.011165 -0.0232061  0.0435573   0.0073112 -0.00153343 -0.00213916 0.00536985 0.00191596  0.0118342  0.0122938 0.00111446 -0.0141738  -0.490767 -0.0499915   -9.79659 
               100.2 -0.0518148  0.0915234  0.0342191 -0.00957288  -0.0146028 -0.00998125 -0.00661788   0.0534243 0.000864083 -0.0111651  -0.023206  0.0435568 -0.000429818   0.00143536 -0.000699154 0.00538631 0.00191405  0.0118236   0.012499 0.00106041 -0.0142101  -0.490776 -0.0499889   -9.79659 
               100.3 -0.0286642  0.0813285  0.0243781 -0.00915635  -0.0125656  -0.0084809 -0.00660048    0.053415 0.000870455 -0.0111654 -0.0232049  0.0435555 0.000733809  0.00726854  0.00384673 0.00537323  0.0019198  0.0118299   0.0124658 0.000889815  -0.0143576  -0.490777 -0.0499799   -9.79659 
             100.401 -0.0224936  0.0739547  0.0180447 -0.00851043  -0.0129813 -0.00986429 -0.00661064   0.0534145 0.000866868 -0.0111652 -0.0232059  0.0435561  0.00226077  0.00342778 -0.00158249 0.00537042 0.00192441   0.011834   0.0124215 0.000985471  -0.0141865  -0.490773 -0.0499856   -9.79659 
               100.5 -0.018985 0.0958991 0.0283432 -0.00840836  -0.0138092  -0.0101531 -0.00663257   0.0534189  0.00086167 -0.0111653 -0.0232059   0.043556   0.00247669 -0.000518936  -0.00187285 0.00536929 0.00191154  0.0118288  0.0124327 0.00109128 -0.0141744 -0.490772  -0.04999  -9.79659 
               100.6 -0.00297707    0.114002   0.0455419 -0.0108342 -0.0146242 -0.0100634 -0.00664138   0.0534653 0.000857679 -0.0111658 -0.0232049  0.0435551 -0.00391584 -0.00360075  -0.0010128  0.0053616 0.00190175  0.0118193  0.0126486  0.0011565 -0.0141969   -0.49078 -0.0499938   -9.79659 
             100.701 0.00239575  0.0886332  0.0281187   -0.012665   -0.014735 -0.00782923 -0.00663004   0.0534784  0.00085941 -0.0111642  -0.023205  0.0435555  -0.0085927 -0.00330319   0.0064981 0.00535875 0.00191597  0.0118301  0.0127554 0.00113613 -0.0144254  -0.490786 -0.0499938   -9.79659 
             100.801 -0.0298652    0.09702  0.0150155  -0.0113101  -0.0150912 -0.00884409 -0.00663884   0.0534411 0.000857553 -0.0111646 -0.0232021  0.0435551 -0.00259784 -0.00254528  0.00129647 0.00537617 0.00190983  0.0118369   0.012578 0.00114766  -0.014264  -0.490779 -0.0499919   -9.79659 
               100.9 -0.0111551   0.096145  0.0169009 -0.0105768 -0.0139933 -0.0100262 -0.00661443    0.053422 0.000862707 -0.0111643 -0.0232025  0.0435547 -8.31786e-05   0.00194132  -0.00382929 0.00536513 0.00191018  0.0118348  0.0124998 0.00101722 -0.0141357  -0.490778 -0.0499854   -9.79659 
                 101 0.0209279  0.086303 0.0395384 -0.00846621  -0.0135533 -0.00870378 -0.00660483   0.0533772 0.000860215 -0.0111635  -0.023202  0.0435539 0.00653539 0.00161897 0.00222659 0.00534471 0.00191598  0.0118218   0.0123279 0.000983862  -0.0142961  -0.490772 -0.0499842   -9.79659 
               101.1 0.00291792  0.0819966  0.0228709 -0.00816745  -0.0135869 -0.00743911 -0.00660468   0.0533784 0.000858715 -0.0111633 -0.0232021  0.0435539  0.00482252 0.000783741  0.00580066 0.00535599 0.00191575  0.0118315  0.0123517 0.00100086 -0.0143859  -0.490773 -0.0499859   -9.79659 
             101.203 0.0227979 0.0860846 0.0205015 -0.00671243  -0.0133405  -0.0073573 -0.00660047    0.053357 0.000861529 -0.0111632 -0.0232022   0.043554   0.00864907 -0.000773111   0.00361874 0.00534315 0.00191548   0.011829   0.0122737 0.000979211  -0.0143423  -0.490771 -0.0499842   -9.79659 
               101.3 -0.0200273    0.10373  0.0238044 -0.00855482   -0.013333 -0.00848447 -0.00659697   0.0534237 0.000859787 -0.0111622 -0.0231999  0.0435531   0.00124018 -0.000159762  -0.00060112 0.00536419 0.00190639  0.0118248    0.012497 0.000974515  -0.0141858  -0.490777 -0.0499829   -9.79659 
             101.401 -0.0497359  0.0781687  0.0189559 -0.00958607  -0.0147948 -0.00810745 -0.00662699   0.0534471 0.000859564 -0.0111616 -0.0232007  0.0435518 -0.00278642 -0.00361618 0.000604535 0.00538288   0.001922  0.0118285  0.0125867 0.00111222 -0.0142323  -0.490779 -0.0499889   -9.79659 
             101.501 -0.0445351  0.0741264  0.0274129  -0.0122112  -0.0147357 -0.00999863 -0.00663648   0.0534888 0.000881682 -0.0111617 -0.0232014  0.0435516 -0.00975115 -0.00134592 -0.00604568 0.00538036 0.00192281  0.0118233  0.0127825 0.00106585 -0.0140347  -0.490786 -0.0499844   -9.79659 
               101.6 -0.055423  0.105845 0.0097098  -0.012645 -0.0148022 -0.0102964 -0.00663332   0.0534815 0.000878609  -0.011162 -0.0232012  0.0435519  -0.00749278 -0.000847004   -0.0050461 0.00538838 0.00190406  0.0118328   0.012746 0.00105984 -0.0140653  -0.490785 -0.0499842   -9.79659 
               101.7 -0.0422247  0.0762547  0.0290225  -0.0113508  -0.0153006 -0.00997221 -0.00664351   0.0534494 0.000865457 -0.0111617 -0.0232016  0.0435512 -0.00132785 -0.00243065  -0.0024492 0.00538059 0.00191999  0.0118197  0.0125758  0.0011021 -0.0141497  -0.490779 -0.0499847   -9.79659 
               101.8 -0.00232362   0.0874732   0.0291859  -0.0118383  -0.0146066 -0.00913827 -0.00662834   0.0534554 0.000868071 -0.0111618 -0.0231999  0.0435496  -0.00183553 -0.000514408  0.000999958  0.0053597 0.00191291  0.0118188  0.0126057 0.00101151 -0.0142514   -0.49078 -0.0499798   -9.79659 
               101.9 -0.0467018  0.0989027  0.0252274 -0.0113214 -0.0145899 -0.0100383 -0.00662452   0.0534417 0.000867665 -0.0111615 -0.0231987  0.0435498  0.00051945 0.000578171 -0.00221186 0.00538327 0.00190703    0.01182  0.0125487 0.00101383 -0.0141538  -0.490778 -0.0499813   -9.79659 
                 102 -0.0641296   0.118308  0.0032329 -0.0130113 -0.0142493 -0.0102524 -0.00661907   0.0534716 0.000871717 -0.0111616 -0.0231993  0.0435492 -0.00431636  0.00273065 -0.00228659 0.00539202 0.00189695  0.0118324 0.0126917 0.0009913 -0.014152 -0.490783 -0.049981  -9.79659 
             102.101 0.0133602 0.0682768 0.0433954  -0.0123286  -0.0144929 -0.00959818 -0.00662915   0.0534516  0.00086935 -0.0111607 -0.0231981  0.0435491 -0.00190178  0.00027295 0.000558469  0.0053493 0.00192503   0.011812  0.0125958 0.00103057 -0.0142411  -0.49078 -0.049981  -9.79659 
             102.203 -0.0069959  0.0936212  0.0162192 -0.00977279  -0.0139198  -0.0108816  -0.0066129   0.0534046 0.000875488 -0.0111606 -0.0231969  0.0435497  0.00583585  0.00200003 -0.00378817 0.00536039 0.00191208  0.0118294   0.0123776 0.000978705  -0.0141099  -0.490772 -0.0499803   -9.79659 
             102.301  -0.0473017   0.0951667 0.000152866  -0.010146 -0.0131943 -0.0104273 -0.00660513   0.0534202 0.000876169  -0.011161 -0.0231986  0.0435504  0.00359304   0.0037405 -0.00119763 0.00538459 0.00191042  0.0118377   0.0124596 0.000933209  -0.0141896  -0.490776 -0.0499786   -9.79659 
               102.4 0.00364121    0.11593 0.00533873  -0.0102471  -0.0128015 -0.00870578 -0.00660349   0.0534237 0.000878203 -0.0111622  -0.023197  0.0435504 0.00327614 0.00266605 0.00485813 0.00535575 0.00189902  0.0118333   0.0125005 0.000926729  -0.0143701  -0.490778 -0.0499784   -9.79659 
             102.501  0.030285 0.0915639 0.0236098  -0.0101356  -0.0129152 -0.00820851 -0.00660989   0.0534265 0.000875222 -0.0111624 -0.0231969  0.0435508   0.0027491 0.000419647   0.0048494 0.00534327 0.00191246   0.011825   0.0125148 0.000958874   -0.014373  -0.490778 -0.0499796   -9.79659 
               102.6 0.0299007  0.113567 0.0239771 -0.00973582  -0.0132197 -0.00769349 -0.00661737   0.0534245 0.000874133 -0.0111626  -0.023197  0.0435508  0.00359519 -0.00108604  0.00517023 0.00534564 0.00190047  0.0118254    0.012506 0.000991609  -0.0143759  -0.490778 -0.0499807   -9.79659 
               102.7 -0.0108249   0.103044  0.0296292 -0.00852606  -0.0144454 -0.00920552 -0.00664966    0.053409 0.000873419 -0.0111632  -0.023194  0.0435491  0.00587267 -0.00411261 -0.00109303 0.00536866 0.00190709  0.0118225   0.012435 0.00109721 -0.0141761 -0.490776 -0.049981  -9.79659 
             102.801 -0.0385208  0.0696308  0.0357194 -0.00970893  -0.0147465 -0.00979281 -0.00664783   0.0534426 0.000879341 -0.0111638 -0.0231931  0.0435507 -0.000236987   -0.0024552  -0.00250471 0.00538624 0.00192544  0.0118229  0.0125764 0.00108901 -0.0141257  -0.490781 -0.0499797   -9.79659 
             102.901 -0.0182049   0.101117  0.0176632 -0.0107023 -0.0141516 -0.0102231 -0.00662887   0.0534632 0.000883601 -0.0111642 -0.0231938  0.0435498  -0.00195215 -6.95508e-06  -0.00328328 0.00537255 0.00190851  0.0118326   0.012664 0.00100436 -0.0141058  -0.490785 -0.0499768   -9.79659 
             103.001 -0.0226134     0.1175 0.00344007  -0.0109165   -0.014027 -0.00941993 -0.00662669   0.0534623 0.000885495 -0.0111653 -0.0231932  0.0435498  -0.00118948 -0.000403611  0.000227319 0.00537556 0.00189972  0.0118406    0.012669 0.000992672  -0.0142168  -0.490785 -0.0499773   -9.79659 
               103.1   0.0119186   0.0882687 0.000172718  -0.0112823  -0.0133282 -0.00883085 -0.00661264   0.0534657 0.000889237 -0.0111651 -0.0231925  0.0435489 -0.00107458 0.000456259  0.00219751 0.00535795 0.00191674  0.0118442   0.0126892 0.000920348  -0.0142709  -0.490786 -0.0499749   -9.79659 
               103.2 -0.0404882  0.0942364  0.0168566 -0.00908615  -0.0145313 -0.00893516 -0.00664024    0.053428 0.000893351 -0.0111661 -0.0231934  0.0435472  0.00506709 -0.00246024  0.00154856 0.00538529 0.00191401   0.011835  0.0125003 0.00104725 -0.0142434  -0.49078 -0.049979  -9.79659 
             103.301 0.0142367  0.101102   0.03165  -0.0105997  -0.0145213 -0.00834279 -0.00663006   0.0534648 0.000899713 -0.0111658 -0.0231921  0.0435465 -0.00120935 -0.00275323    0.003962 0.00535377 0.00190924   0.011826  0.0126589 0.00101127  -0.014279  -0.490784 -0.0499777   -9.79659 
             103.401 -0.0475828  0.0810513  0.0109669  -0.0117387   -0.014496 -0.00919111 -0.00662922   0.0534869 0.000908791 -0.0111666 -0.0231908  0.0435473 -0.00490619 0.000137279 0.000587781 0.00538678 0.00192163  0.0118378   0.0127364 0.000990889  -0.0141569  -0.490787 -0.0499762   -9.79659 
             103.501 -0.00497001   0.0881248   0.0105651  -0.0107224  -0.0130107 -0.00824054 -0.00657496   0.0534478 0.000919806 -0.0111671 -0.0231898  0.0435463 0.000462609  0.00337214  0.00164571 0.00536083 0.00191662  0.0118342   0.0126292 0.000853765  -0.0142559  -0.490784 -0.0499738   -9.79659 
             103.602  0.00283567    0.089803 -0.00745008  -0.0111692  -0.0134966 -0.00877307 -0.00659401   0.0534612 0.000911704 -0.0111668 -0.0231903  0.0435466 -0.000543767  0.000876752 -0.000484553 0.00535631 0.00191318   0.011845   0.0126686 0.000923288  -0.0141853  -0.490785 -0.0499758   -9.79659 
             103.701 -0.0388008  0.0880368  0.0242939 -0.0117421 -0.0139916 -0.0101329 -0.00660535   0.0534699 0.000911387  -0.011167 -0.0231884   0.043546  -0.00210189 -0.000345514  -0.00426347 0.00538014 0.00191408   0.011826   0.0127066 0.000982341  -0.0140553  -0.490786 -0.0499775   -9.79659 
               103.8 -0.00307314   0.0700631  -0.0160375  -0.0107292  -0.0137821 -0.00957743 -0.00659987   0.0534501 0.000917357 -0.0111668 -0.0231869  0.0435455  0.000960386 -0.000272011  -0.00129075 0.00535878 0.00192451  0.0118477   0.0126023 0.000957766  -0.0141532  -0.490783 -0.0499774   -9.79659 
             103.901 -0.0325682  0.0742599  0.0518145  -0.011372 -0.0145714 -0.0103147 -0.00660989   0.0534615 0.000916153 -0.0111681 -0.0231854  0.0435448 -0.00176843 -0.00176986  -0.0027331 0.00537519 0.00192139  0.0118074   0.012661 0.00103158 -0.0140919  -0.490785 -0.0499798   -9.79659 
             104.001  0.0283093   0.131499 0.00943237  -0.0122187  -0.0139613 -0.00981423 -0.00659573   0.0534749 0.000919195 -0.0111699 -0.0231845  0.0435422  -0.00247423 -0.000196473 -0.000757318 0.00534041 0.00189037    0.01183   0.0127292 0.000944302  -0.0141683  -0.490787 -0.0499763   -9.79659 
             104.101 -0.00313524   0.0776224   0.0179233 -0.0114104 -0.0149317 -0.0100135 -0.00661489   0.0534574 0.000914143 -0.0111697 -0.0231843  0.0435409   7.4348e-05  -0.00383621 -0.000798417 0.00535515 0.00192037  0.0118234  0.0126384 0.00102998 -0.0141558  -0.490784 -0.0499793   -9.79659 
             104.202 -0.0197418  0.0950059  0.0273121 -0.0109132 -0.0139735 -0.0102449 -0.00658748   0.0534492 0.000916954 -0.0111694 -0.0231842  0.0435419   0.00211959 -3.29689e-05  -0.00124673 0.00536705 0.00191098   0.011817   0.0126054 0.000908344  -0.0141405  -0.490783 -0.0499753   -9.79659 
             104.302 0.0165762  0.110576 0.0283214  -0.0104431  -0.0147949 -0.00967018 -0.00659858   0.0534451 0.000914841 -0.0111698 -0.0231837  0.0435426  0.00358472 -0.00372036  0.00114477 0.00534723 0.00190314  0.0118162   0.0125842 0.000978843  -0.0142094  -0.490783 -0.0499786   -9.79659 
               104.4 -0.0354951   0.104568  0.0306019 -0.00876209  -0.0154185 -0.00967954 -0.00660956   0.0534213 0.000906046 -0.0111698 -0.0231836  0.0435421  0.00732901 -0.00395061 0.000754876 0.00537685 0.00190664  0.0118126  0.0124745 0.00101224    -0.0142  -0.490779 -0.0499791   -9.79659 
             104.501 -0.00537496    0.103413  0.00477506 -0.00872214  -0.0138635 -0.00838754 -0.00655651   0.0534337 0.000919639  -0.011171 -0.0231837  0.0435416 0.00553305  0.0019391 0.00458864 0.00536259 0.00190715  0.0118293   0.0125342 0.000830032  -0.0143167  -0.490782 -0.0499756   -9.79659 
               104.6 -0.0309186  0.0783148  0.0133119 -0.00693951  -0.0132697 -0.00864939 -0.00655479   0.0534122 0.000915323 -0.0111716 -0.0231835  0.0435409 0.00838781 0.00390321  0.0021712 0.00537705 0.00192056  0.0118246   0.0124327 0.000797377  -0.0142467  -0.490779 -0.0499733   -9.79659 
             104.701 -0.0326185  0.0894953  0.0253703 -0.00760311  -0.0140137 -0.00851786 -0.00657569   0.0534408 0.000917412  -0.011172 -0.0231831  0.0435409  0.00419475 0.000440663  0.00217946 0.00537847 0.00191493  0.0118178   0.0125581 0.000898898   -0.014236  -0.490782 -0.0499768   -9.79659 
             104.802 -0.024976 0.0586967 0.0338115 -0.0096865 -0.0139875 -0.0095816 -0.00656777   0.0534869 0.000918676 -0.0111731 -0.0231827  0.0435424  -0.00306873 -2.09814e-05   -0.0018952 0.0053736 0.0019304 0.0118132   0.0127599 0.000894603  -0.0141047  -0.490788 -0.0499774   -9.79659 
               104.9 -0.0249095  0.0757952  0.0414514 -0.00963568  -0.0132627  -0.0092985 -0.00655462   0.0534781 0.000922419 -0.0111731 -0.0231827  0.0435424  -0.00171728   0.00189536 -7.31269e-05 0.00537402 0.00192008  0.0118065   0.0127318 0.000830557   -0.014149  -0.490788 -0.0499752   -9.79659 
             105.002  0.0236105  0.0969936 0.00682064  -0.0102615   -0.012947 -0.00951312 -0.00655184   0.0534872 0.000923738 -0.0111731 -0.0231834  0.0435418  -0.00286907   0.00188072 -0.000802847 0.00534915 0.00191045  0.0118238   0.0127701 0.000813785  -0.0141293  -0.490789 -0.0499748   -9.79659 
             105.101 -0.0401144  0.0981702  0.0143254  -0.0115538  -0.0137612 -0.00968419 -0.00657296   0.0535068 0.000922848 -0.0111728 -0.0231835  0.0435401  -0.00564547 -0.000657777  -0.00075831 0.00537898 0.00191187  0.0118208   0.0128492 0.000908804  -0.0141212   -0.49079 -0.0499781   -9.79659 
             105.201 0.00703898  0.0867735  0.0251849  -0.0107732  -0.0139424 -0.00970996 -0.00657606   0.0534838 0.000920397 -0.0111728 -0.0231837  0.0435399  -0.00210849  -0.00127399 -0.000709896 0.00534968 0.00191723  0.0118149   0.0127425 0.000914396  -0.0141296  -0.490787 -0.0499778   -9.79659 
             105.301 -0.00401135   0.0971426  0.00661087 -0.00980682   -0.014221  -0.0104755  -0.0065799   0.0534667 0.000920304 -0.0111728 -0.0231833  0.0435399  0.00141235 -0.00204708 -0.00296601 0.00535439 0.00191138  0.0118241   0.0126541 0.000925471   -0.014065  -0.490784 -0.0499776   -9.79659 
             105.401 -0.0320216  0.0981775 0.00455494  -0.0100018  -0.0141659 -0.00976164 -0.00657518   0.0534702 0.000920191 -0.0111729 -0.0231842  0.0435401  0.000851812  -0.00130963 -0.000104231 0.00537071 0.00191012  0.0118249   0.0126834 0.000903101  -0.0141632  -0.490786 -0.0499775   -9.79659 
             105.501 -0.0263257     0.1011  0.0180255  -0.0110928  -0.0145689 -0.00998925 -0.00658043   0.0534886  0.00091996 -0.0111729 -0.0231838    0.04354   -0.0020188  -0.00248705 -0.000419481 0.00536739 0.00190757  0.0118171   0.0127792 0.000927884  -0.0141379 -0.490789 -0.049978  -9.79659 
             105.601 0.00461757    0.11036  0.0161267  -0.0107036  -0.0138175 -0.00894479 -0.00656052   0.0534798 0.000926051 -0.0111729 -0.0231829  0.0435392  0.000265238 -0.000261258   0.00326564 0.00534955 0.00190291  0.0118169   0.0127337 0.000834241  -0.0142449  -0.490787 -0.0499755   -9.79659 
               105.7 -0.00439471   0.0949615 -0.00685572  -0.0115098  -0.0142077 -0.00995948 -0.00657061    0.053494 0.000925075 -0.0111735 -0.0231835  0.0435395 -0.00212549 -0.00145429 -0.00141343  0.0053559 0.00191226  0.0118293   0.0127989 0.000866965  -0.0141129  -0.490789 -0.0499758   -9.79659 
             105.801 -0.0237261  0.0973286  0.0227161  -0.0133777  -0.0142249 -0.00918075 -0.00656694   0.0535227 0.000928771 -0.0111733 -0.0231835  0.0435398  -0.00682641 -0.000391052   0.00155403 0.00536729 0.00191104  0.0118132   0.0129352 0.000859298  -0.0142014  -0.490793 -0.0499755   -9.79659 
             105.902  0.0220407  0.0988897 -0.0196059  -0.0133579  -0.0123381 -0.00897265 -0.00653172   0.0535179 0.000933598  -0.011175 -0.0231834  0.0435374 -0.0044565 0.00475027 0.00124584 0.00534134 0.00191059  0.0118361   0.0128819 0.000673959  -0.0141983   -0.49079 -0.0499698   -9.79659 
             106.001 -0.0116282   0.103796  0.0115086  -0.0118374  -0.0130815 -0.00878466 -0.00655796   0.0534814  0.00093176 -0.0111759 -0.0231845  0.0435366  0.00140792 -0.00055273  0.00125423 0.00535698 0.00190804  0.0118173  0.0127239 0.00078789 -0.0142093  -0.490786 -0.0499741   -9.79659 
             106.101 -0.0166348   0.103129  0.0382622  -0.0135272  -0.0140324 -0.00902168 -0.00657473   0.0535076 0.000925462 -0.0111767 -0.0231831  0.0435361 -0.00287428 -0.00348517 4.58317e-05 0.00536222  0.0019083  0.0118044   0.0128716 0.000871644  -0.0141733  -0.490791 -0.0499752   -9.79659 
             106.202 0.00881932   0.112106  0.0248157 -0.0116823 -0.0145777 -0.0107859 -0.00659007    0.053479  0.00091628 -0.0111764 -0.0231836  0.0435365  0.00320559 -0.00452213  -0.0052711 0.00534995 0.00190536  0.0118104   0.0126939 0.000889641  -0.0140019  -0.490786 -0.0499744   -9.79659 
             106.299 -0.0488662  0.0865325 0.00398414 -0.00851502  -0.0136061   -0.010113 -0.00656126   0.0534469 0.000902094 -0.0111766 -0.0231838  0.0435369   0.0109261 0.000573065 -0.00144531 0.00538301 0.00192003  0.0118223   0.0124654 0.000770504  -0.0141208  -0.490778 -0.0499728   -9.79659 
               106.4 -0.00234628    0.110014 -0.00791994 -0.00817178  -0.0118139  -0.0101825  -0.0065392   0.0534596 0.000915462 -0.0111778 -0.0231845  0.0435344  0.00932683  0.00548895 -0.00141623 0.00535803 0.00190743  0.0118286   0.0125306 0.000605013  -0.0141229   -0.49078 -0.0499669   -9.79659 
             106.501 0.00782652   0.109454  0.0259259 -0.00870283  -0.0134802 -0.00964564 -0.00657044   0.0534784 0.000914149 -0.0111795 -0.0231835  0.0435354  0.00501782 -0.00176565 0.000978301 0.00535125 0.00190919  0.0118133   0.0126474 0.000797334  -0.0141876  -0.490784 -0.0499731   -9.79659 
             106.601 0.00688329  0.0717942  0.0260988 -0.00940738  -0.0137448 -0.00866909 -0.00656544   0.0534947 0.000920166 -0.0111786  -0.023183  0.0435362  0.00143507 -0.00257353  0.00361744 0.00535306 0.00193217   0.011814   0.0127423 0.000799848  -0.0142706  -0.490786 -0.0499736   -9.79659 
             106.701 -0.000385661     0.092858   0.00482174 -0.00963545   -0.013562 -0.00874439 -0.00655907   0.0535028 0.000924422 -0.0111787 -0.0231829  0.0435363 0.00100582 -0.0018259 0.00277363 0.00535819 0.00192076  0.0118246  0.0127736 0.00075894 -0.0142242  -0.490787 -0.0499718   -9.79659 
               106.8 0.0180678  0.136021 0.0105014  -0.0115074   -0.014208 -0.00866173 -0.00657169    0.053538 0.000922338 -0.0111783  -0.023183  0.0435343 -0.00355442 -0.00410759  0.00253069 0.00534749  0.0018991  0.0118221   0.0129351 0.000796574  -0.0142047  -0.490792 -0.0499721   -9.79659 
               106.9  0.0245303   0.115324 0.00615076  -0.0128208  -0.0136681 -0.00809931 -0.00655045    0.053556 0.000929705 -0.0111784  -0.023183  0.0435342 -0.00598395 -0.00171681  0.00321252 0.00534558 0.00191196  0.0118273   0.0130126 0.000707315  -0.0142353  -0.490794 -0.0499699   -9.79659 
                 107 -0.0571537  0.0575587   0.046912 -0.00895701    -0.01524 -0.00880427 -0.00659665   0.0534805 0.000922584 -0.0111819 -0.0231848  0.0435242  0.00549767 -0.00473899 8.74887e-05 0.00538941 0.00194375  0.0118039   0.0126412 0.000852503  -0.0141418  -0.490784 -0.0499724   -9.79659 
             107.101 -0.00889175    0.110866   0.0185283  -0.0107947   -0.015309 -0.00960363  -0.0065957   0.0535223 0.000926168 -0.0111813 -0.0231865   0.043522 -0.00091941 -0.00390518 -0.00220586  0.0053624 0.00191354  0.0118198   0.0128449 0.000801664  -0.0140571   -0.49079 -0.0499687   -9.79659 
             107.201 0.00206597  0.0831843  0.0105492 -0.0109949 -0.0154209 -0.0104573 -0.00659226   0.0535256 0.000927814 -0.0111818 -0.0231871  0.0435217 -0.00091108 -0.00357867 -0.00458748 0.00535243  0.0019276  0.0118209   0.0128564 0.000768973  -0.0139941  -0.490791 -0.0499671   -9.79659 
             107.301 -0.0102236   0.070378  0.0229795 -0.00872605  -0.0142902  -0.0108481 -0.00656598   0.0534852 0.000928136 -0.0111817 -0.0231871  0.0435211  0.00597368 0.000298267 -0.00393679 0.00535816 0.00193667  0.0118124   0.0126607 0.000631409   -0.013999  -0.490786 -0.0499627   -9.79659 
             107.401 0.00623283   0.104416  0.0466031 -0.00901405  -0.0141352  -0.0115286 -0.00656318   0.0534996  0.00092996 -0.0111813 -0.0231867  0.0435205  0.00412187 0.000200868 -0.00470364  0.0053513 0.00191606  0.0117995  0.0127377 0.00061777 -0.0139708  -0.490788 -0.0499623   -9.79659 
               107.5 0.0109802  0.130846 0.0713389 -0.00940015  -0.0138636  -0.0107321 -0.00655106   0.0535156  0.00093412 -0.0111826 -0.0231859  0.0435197   0.00283542  0.000451715 -0.000762055 0.00534742 0.00190235  0.0117852   0.0128068 0.000593042   -0.014097   -0.49079 -0.0499631   -9.79659 
             107.601 -0.0346761  0.0684127 0.00893171 -0.00864147   -0.014874  -0.0108514 -0.00657607    0.053509 0.000930567 -0.0111806 -0.0231853  0.0435177   0.00318019  -0.00214374 -0.000699851 0.00537335 0.00193799  0.0118206   0.0127575 0.000698043  -0.0140963  -0.490788 -0.0499654   -9.79659 
             107.701 -0.0629191   0.083842   0.050508 -0.00805476  -0.0144597 -0.00937207 -0.00656075   0.0535063  0.00092665 -0.0111803  -0.023187  0.0435182  0.00379113 0.000727654  0.00360784  0.0053887 0.00193081  0.0117964   0.0127388 0.000645187  -0.0142522  -0.490787 -0.0499654   -9.79659 
               107.8 0.00325558    0.11103 0.00377344  -0.0096921  -0.0144544 -0.00857155 -0.00655342   0.0535396 0.000935596 -0.0111806 -0.0231881   0.043517  -0.00143792 -6.27349e-05    0.0051565 0.00535049  0.0019153  0.0118212   0.0129122 0.000636903  -0.0142914  -0.490792 -0.0499677   -9.79659 
             107.901 -0.0360093  0.0921958  0.0546215 -0.0103229 -0.0161995 -0.0110374 -0.00657143   0.0535566 0.000935457 -0.0111832  -0.023186  0.0435163 -0.00255688 -0.00528933 -0.00395384 0.00537297 0.00192539  0.0117906   0.0129537 0.000798111  -0.0139966  -0.490791 -0.0499747   -9.79659 
                 108 -0.0326679  0.0699381  0.0370639  -0.0106214  -0.0149047 -0.00957643  -0.0065421   0.0535443 0.000944582 -0.0111819 -0.0231855  0.0435159  -0.00269938 -0.000299061   0.00155688 0.00537236 0.00193811   0.011802   0.0129541 0.000629694  -0.0141785 -0.490793 -0.049969  -9.79659 
             108.101 -0.0190948  0.0630853   0.008668  -0.0137657  -0.0148993 -0.00943007 -0.00653384   0.0535855   0.0009509 -0.0111822 -0.0231875  0.0435166  -0.0113864 -0.00103599  0.00252144 0.00536671 0.00194251  0.0118173   0.0131824 0.000617614  -0.0141683    -0.4908 -0.0499714   -9.79659 
             108.201 -0.00223879    0.111214 -0.00325177  -0.0144934  -0.0141864 -0.00862269 -0.00651526   0.0535785 0.000954089 -0.0111835 -0.0231869  0.0435164 -0.0097773 0.00114532 0.00347932 0.00535767 0.00191454   0.011823   0.0131572 0.000544139  -0.0142322    -0.4908 -0.0499691   -9.79659 
             108.301  0.0159879   0.101327 0.00586707  -0.0126667  -0.0140627 -0.00834432 -0.00651617   0.0535367 0.000929464 -0.0111835 -0.0231878  0.0435167  -0.00124344 -0.000438969   0.00272899  0.0053471 0.00192179  0.0118151   0.0129357 0.000534951  -0.0142367  -0.490794 -0.0499678   -9.79659 
             108.401  0.0592503   0.132043 0.00533647  -0.0117777   -0.014082 -0.00874401 -0.00652568   0.0535245 0.000915375  -0.011183 -0.0231884  0.0435172  0.00192562 -0.00148377 0.000841092 0.00532503 0.00190366  0.0118199    0.012857 0.000523048  -0.0141705  -0.490792 -0.0499665   -9.79659 
             108.501 -0.0218756   0.117222 0.00294892  -0.0108218  -0.0143003 -0.00905981 -0.00653259    0.053517  0.00090612 -0.0111832 -0.0231876  0.0435166   0.00484816  -0.00141135 -0.000813142 0.00537218 0.00191506  0.0118225   0.0127937 0.000537928  -0.0141317   -0.49079 -0.0499664   -9.79659 
             108.601  0.016446  0.105243 0.0204479 -0.0112878 -0.0133978 -0.0096464 -0.00652675   0.0535293 0.000923667 -0.0111831 -0.0231873   0.043517  0.00233614 0.000847987 -0.00182081 0.00535056 0.00192128  0.0118122   0.0128717 0.000434022  -0.0140753  -0.490792 -0.0499607   -9.79659 
               108.7 -0.0322683  0.0635899  0.0258939 -0.00783527  -0.0138382 -0.00984812 -0.00653894   0.0534917 0.000898514  -0.011183 -0.0231882  0.0435121    0.0110164 -0.000184817  -0.00196353 0.00537604 0.00194423  0.0118086   0.0125949 0.000495554  -0.0140806  -0.490783 -0.0499644   -9.79659 
             108.801 0.00145012    0.10458 0.00552015 -0.0112032 -0.0140846 -0.0105145 -0.00655115   0.0535512 0.000909947 -0.0111825 -0.0231905  0.0435099 -0.00150852 -0.00115018 -0.00315956 0.00535796  0.0019215  0.0118198   0.0129656 0.000507569  -0.0140291  -0.490795 -0.0499613   -9.79659 
             108.901 -0.0337949    0.11491  0.0295853  -0.0106225  -0.0137657 -0.00977614 -0.00654298   0.0535407 0.000912121 -0.0111832 -0.0231912  0.0435104  0.00100371 0.000549266 0.000123057 0.00537818   0.001915  0.0118067   0.0129103 0.000471454  -0.0141356  -0.490793 -0.0499616   -9.79659 
             109.003 -0.024696 0.0658126 0.0291806 -0.00837923  -0.0146763 -0.00983148 -0.00656454    0.053507 0.000905502 -0.0111833 -0.0231913   0.043509   0.00659019  -0.00205728 -0.000331273 0.00537369 0.00194179  0.0118079   0.0127272 0.000563317  -0.0141321  -0.490788 -0.0499641   -9.79659 
             109.101 -0.0187281   0.100198  0.0340435 -0.00960359  -0.0148896 -0.00901868 -0.00656323   0.0535384 0.000904282 -0.0111839 -0.0231907  0.0435081  0.00185075 -0.00215484  0.00256143 0.00537168  0.0019213  0.0118087   0.0128866 0.000561064  -0.0142107  -0.490792 -0.0499643   -9.79659 
               109.2 -0.0578388   0.106423  0.0229514  -0.0121899  -0.0151515 -0.00908815 -0.00656094   0.0535822 0.000890815 -0.0111837 -0.0231914  0.0435071 -0.00501043 -0.00172792  0.00144862 0.00539225 0.00191879  0.0118135   0.0131154 0.000568588  -0.0141742  -0.490798 -0.0499657   -9.79659 
             109.301 -0.0202611   0.102558  0.0284783   -0.012738  -0.0147196 -0.00951528 -0.00654638   0.0535827 0.000893252 -0.0111837  -0.023192  0.0435065  -0.00535831  0.000200169 -0.000109491 0.00537036   0.001921  0.0118086   0.0131162 0.000512219   -0.014114  -0.490798 -0.0499648   -9.79659 
               109.4 -0.0196977   0.092436    0.02015  -0.0117727  -0.0142097 -0.00684628 -0.00655967   0.0535533 0.000904535 -0.0111828 -0.0231904   0.043506 -0.00106799  0.00166406  0.00872872 0.00536869 0.00192606  0.0118128   0.0129914 0.000473825  -0.0143782  -0.490795 -0.0499591   -9.79659 
               109.5 0.0343438  0.127978 0.0506095  -0.0127945  -0.0135588 -0.00830528 -0.00653676   0.0535681 0.000897548 -0.0111805  -0.023193  0.0435046 -0.0033852 0.00289184  0.0011343 0.00533778 0.00190698  0.0117967   0.0130698 0.000416243  -0.0141513  -0.490798 -0.0499608   -9.79659 
             109.601 -0.00969507    0.108501   0.0570617  -0.0117751  -0.0135844 -0.00863275 -0.00654516   0.0535488 0.000903429 -0.0111808 -0.0231931  0.0435041  0.000539897   0.00221121 -0.000558491 0.00536261 0.00191779  0.0117942   0.0129625 0.000445734  -0.0141109  -0.490795 -0.0499607   -9.79659 
               109.7 0.0092375 0.0909576 0.0352995 -0.00941674  -0.0140949 -0.00788865 -0.00656479   0.0535145 0.000908274 -0.0111792 -0.0231916  0.0435029   0.00742862 -0.000882506   0.00198596 0.0053534 0.0019263 0.0118102   0.0127799 0.000511441  -0.0141927  -0.490789 -0.0499606   -9.79659 
               109.8 -0.018458 0.0941279 0.0104596 -0.00900746   -0.013534 -0.00919255 -0.00655045   0.0535164 0.000910407 -0.0111799 -0.0231903  0.0435037  0.00706089  0.00119531 -0.00292777 0.00536755 0.00192532  0.0118227   0.0128099 0.000452401  -0.0140432  -0.490792 -0.0499581   -9.79659 
             109.902 0.0374712  0.124474 0.0255671  -0.0103628  -0.0136602 -0.00872829 -0.00654504   0.0535464 0.000902634 -0.0111807 -0.0231891  0.0435026   0.00220957  -0.00111675 -0.000348758 0.00533775 0.00190836  0.0118162   0.0129841 0.000464533  -0.0141151 -0.490796 -0.049962  -9.79659 
             110.004 0.0225628  0.090994 0.0290391 -0.00805559  -0.0139912 -0.00937048 -0.00655573   0.0535222 0.000913511 -0.0111811 -0.0231897  0.0435016  0.00836118 -0.00234624 -0.00229723 0.00534818 0.00192693  0.0118139   0.0128077 0.000491498    -0.01406 -0.490791  -0.04996  -9.79659 
             110.101 -0.0423746  0.0784677  0.0481942 -0.00587756  -0.0153666 -0.00969181 -0.00658007   0.0535115 0.000921804 -0.0111821 -0.0231906  0.0434983   0.0115529  -0.0046749 -0.00252813 0.00538536 0.00193427  0.0118041   0.0126902 0.000611132  -0.0140547  -0.490787 -0.0499621   -9.79659 
             110.201 -0.0152307   0.100322  0.0587896 -0.00745973  -0.0152059   -0.011077 -0.00656903   0.0535374 0.000922732 -0.0111811 -0.0231899  0.0434972  0.00375393 -0.00216533 -0.00623754 0.00536833 0.00192206  0.0117959   0.0129232 0.000541373  -0.0139379  -0.490795 -0.0499598   -9.79659 
             110.301 -0.0623579  0.0784083 0.00467731 -0.0102605 -0.0145868 -0.0106098 -0.00654601    0.053576 0.000926416 -0.0111824 -0.0231943  0.0434988 -0.00512291 0.000579812 -0.00233137  0.0053931 0.00193448  0.0118254  0.0131841 0.00045816 -0.0140402  -0.490803 -0.0499616   -9.79659 
             110.401 -0.0128358  0.0767402  0.0387338  -0.0114325  -0.0145449 -0.00927571 -0.00653926   0.0535837 0.000929922 -0.0111826 -0.0231915   0.043499 -0.00716557  0.00103169   0.0025531 0.00536395 0.00193475  0.0118043   0.0132387 0.000456416  -0.0141893  -0.490805 -0.0499626   -9.79659 
             110.501 -0.0169098  0.0931722  0.0473737  -0.0113663  -0.0139525 -0.00875838 -0.00653335   0.0535684 0.000930603 -0.0111826 -0.0231915   0.043499 -0.00493772  0.00144248  0.00438697 0.00536578 0.00192501  0.0117978   0.0131744 0.000416322  -0.0142148  -0.490804 -0.0499608   -9.79659 
             110.601 0.0272952  0.132642 0.0501273  -0.0102448  -0.0139816 -0.00847195 -0.00653823    0.053542 0.000943287 -0.0111824 -0.0231919  0.0435006  0.000453046 -0.000284756    0.0048514 0.00534162 0.00190332  0.0117984   0.0130483 0.000424185  -0.0142031  -0.490801 -0.0499596   -9.79659 
             110.701 -0.00841883   0.0577881   0.0267381  -0.0115849  -0.0142956 -0.00848523 -0.00653983   0.0535737  0.00093887 -0.0111834 -0.0231919  0.0435021  -0.00544408 -0.000634467   0.00455178 0.00536188 0.00194598  0.0118131   0.0131493 0.000452774  -0.0141469  -0.490802 -0.0499619   -9.79659 
               110.8 -0.0391503  0.0914245  0.0120285 -0.00972016  -0.0143748    -0.00818 -0.00654871   0.0535116 0.000935032 -0.0111834 -0.0231911  0.0435023  0.00192044 7.16572e-05  0.00367375 0.00537685 0.00192803  0.0118176  0.0129633   0.000461 -0.0141443  -0.490799 -0.0499593   -9.79659 
               110.9 0.00289521   0.114201  -0.011149 -0.00932402  -0.0136517 -0.00942408 -0.00653205   0.0535203 0.000944522 -0.0111827 -0.0231923  0.0435017  0.00278523  0.00174849 -0.00139736 0.00535204 0.00191542  0.0118291   0.0129525 0.000384948  -0.0139839  -0.490799 -0.0499566   -9.79659 
             111.001  -0.0301925    0.123208 -0.00223581 -0.00878962  -0.0138739 -0.00936632 -0.00654442    0.053515 0.000939333  -0.011183 -0.0231924  0.0435015   0.00432224  0.000652757 -0.000696318 0.00536971 0.00190891  0.0118234   0.0129371 0.000425155  -0.0140028  -0.490798 -0.0499573   -9.79659 
             111.101 -0.0068654  0.0973206  0.0261357  -0.0078187  -0.0136936 -0.00977787 -0.00654293   0.0535048 0.000940271 -0.0111832 -0.0231931  0.0435011  0.00639453 0.000651902 -0.00150152 0.00535672 0.00192437  0.0118078    0.012891 0.000415911  -0.0139676 -0.490797 -0.049957  -9.79659 
             111.201   0.021102   0.112238 0.00815398  -0.0103633  -0.0128128 -0.00942469 -0.00653099   0.0535662   0.0009342 -0.0111834 -0.0231928     0.0435 -0.00226565  0.00254186 0.000267659  0.0053408 0.00191695  0.0118182   0.0131529 0.000336218  -0.0140136  -0.490802 -0.0499533   -9.79659 
             111.301 0.00637025   0.109094  0.0296065   -0.012936  -0.0135614 -0.00953933 -0.00654999   0.0536027 0.000917122 -0.0111838  -0.023192  0.0434999   -0.0087082 -0.000227144 -0.000339265 0.00534929 0.00191969  0.0118087   0.0133407 0.000429267  -0.0139994  -0.490807 -0.0499544   -9.79659 
             111.401 -0.0271145   0.084291  0.0258999 -0.0117751  -0.015588 -0.0103143 -0.00658458     0.05357 0.000921438 -0.0111841 -0.0231917  0.0434971  -0.0037398 -0.00536143 -0.00255683 0.00536766 0.00193469  0.0118115    0.013169 0.000617923  -0.0139325  -0.490804 -0.0499594   -9.79659 
               111.5 0.000602232   0.0879391   0.0447287   -0.010946  -0.0148871 -0.00873112 -0.00656319   0.0535527 0.000928113 -0.0111831 -0.0231919  0.0434968 -0.000551093  -0.00213184   0.00337873 0.00535111 0.00193246  0.0117997   0.0130783 0.000493578  -0.0141116 -0.490801 -0.049958  -9.79659 
             111.601 0.0194697   0.11516  0.022768  -0.0101362  -0.0147565 -0.00847636 -0.00655695    0.053542 0.000933779 -0.0111833 -0.0231916   0.043497  0.00288083 -0.00206861   0.0026824 0.00534372 0.00191751  0.0118134   0.0130156 0.000455347  -0.0141041  -0.490799 -0.0499568   -9.79659 
               111.7 -0.0129931   0.125198  0.0161626  -0.0118681  -0.0138394 -0.00912324 -0.00653348   0.0535708 0.000931597 -0.0111835 -0.0231917  0.0434971  -0.00211584   0.00121206 -0.000164465 0.00536032  0.0019129  0.0118171 0.0131848 0.0003504  -0.01401  -0.490805 -0.0499546   -9.79659 
             111.801 -0.0434553  0.0548171  0.0150221 -0.00786116   -0.014319 -0.00988394 -0.00655389   0.0535273 0.000946661 -0.0111845 -0.0231902  0.0434905   0.00937526 -0.000401217  -0.00240957 0.00537562 0.00195008  0.0118164   0.0128248 0.000421426  -0.0139422 -0.490794 -0.049953  -9.79659 
             111.901 -0.047243 0.0732206  0.033386 -0.00842333  -0.0142819 -0.00994233  -0.0065508   0.0535435 0.000944136 -0.0111844 -0.0231897  0.0434906  0.00474715 0.000564406 -0.00180209   0.005378 0.00194008  0.0118066    0.012945 0.000419188  -0.0139584  -0.490797 -0.0499538   -9.79659 
             112.003 -0.0350285    0.10498  0.0551722 -0.00983768  -0.0155637 -0.00945553 -0.00656457   0.0535683  0.00094229 -0.0111863 -0.0231883  0.0434898 -0.000611853  -0.00305085  0.000533843 0.00537155 0.00192264  0.0117974   0.0131023 0.000540769  -0.0140223  -0.490801 -0.0499578   -9.79659 
             112.101 -0.0596907  0.0770172  0.0550359 -0.0110362 -0.0174943 -0.0102575 -0.00658387    0.053589  0.00093708 -0.0111866 -0.0231882    0.04349 -0.00437614 -0.00710114 -0.00226079 0.00538606 0.00193902  0.0118002   0.0131925 0.000690597  -0.0139413  -0.490801 -0.0499631   -9.79659 
             112.201 -0.0622522  0.0696187  0.0462298  -0.0106034  -0.0158981 -0.00943491 -0.0065532   0.053566 0.00094755 -0.0111873  -0.023188    0.04349 -0.00214109  0.00038751  0.00125576 0.00538535 0.00194248  0.0118068  0.0131232 0.00047894 -0.0140377  -0.490804 -0.0499555   -9.79659 
               112.3 -0.0446236  0.0927929  0.0330539  -0.0111187   -0.015736 -0.00995276 -0.00654688   0.0535734 0.000947661 -0.0111869 -0.0231888  0.0434896  -0.00264426  0.000794363 -0.000962208 0.00537636 0.00192977  0.0118137   0.0131518 0.000463037  -0.0139749  -0.490804 -0.0499569   -9.79659 
               112.4 -0.102906 0.0848743 0.0432349 -0.0110526 -0.0162848 -0.0100423 -0.00656248   0.0535717 0.000941714 -0.0111869 -0.0231889  0.0434887   -0.0014927 -0.000107184 -0.000748879 0.00540625 0.00193437  0.0118058   0.0131217 0.000534614  -0.0139746 -0.490802 -0.049958  -9.79659 
             112.501 -0.0296618  0.0632625  0.0159495  -0.0126728  -0.0146655 -0.00983734 -0.00653283   0.0535869 0.000960061  -0.011188 -0.0231894  0.0434861  -0.00611579   0.00440546 -9.31936e-06 0.00536549 0.00194724  0.0118219    0.013237 0.000378797  -0.0139982  -0.490807 -0.0499555   -9.79659 
             112.601 -0.0280266  0.0944764  0.0239559 -0.0119621 -0.0132395 -0.0101109 -0.00652066    0.053567 0.000963095 -0.0111874 -0.0231897  0.0434863  -0.00267619   0.00800537 -0.000826344 0.00536455 0.00192947  0.0118189   0.0131284 0.000292456  -0.0139725  -0.490806 -0.0499525   -9.79659 
             112.701  -0.01147  0.108861 0.0501456 -0.0107551 -0.0144819 -0.0102245 -0.00655424   0.0535542 0.000950587 -0.0111892 -0.0231906  0.0434877 0.00262392 0.00152825 -0.0015375 0.00535623 0.00192126  0.0118054     0.01301 0.000484257  -0.0139754  -0.490801 -0.0499561   -9.79659 
               112.8 -0.0504226  0.0834082   0.027534 -0.0121755 -0.0157552 -0.0100916 -0.00657451   0.0535765 0.000939812 -0.0111885 -0.0231915  0.0434866 -0.000953266  -0.00316196  -0.00334012 0.00537875 0.00193508  0.0118173  0.0131525 0.00061887 -0.0140171  -0.490804 -0.0499602   -9.79659 
             112.899 -0.0529376  0.0771836  0.0396377 -0.0114154 -0.0160067 -0.0101222 -0.0065776  0.0535751 0.00093813 -0.0111884 -0.0231918  0.0434863   0.0011444 -0.00167287  -0.0022558 0.00538226 0.00193746  0.0118097   0.0130779 0.000623048  -0.0140417  -0.490801 -0.0499593   -9.79659 
             113.001 -0.00908196    0.103418    0.033589  -0.0102818  -0.0157715 -0.00946277 -0.00658123   0.0535879 0.000933005  -0.011189 -0.0231908  0.0434865  0.00506076 -0.00120638 0.000597711 0.00535882 0.00192253  0.0118147   0.0129935 0.000590374  -0.0141316  -0.490797 -0.0499563   -9.79659 
               113.1 -0.0961355  0.0703176  0.0498895 -0.00965667  -0.0165018 -0.00953716 -0.00657629   0.0535921 0.000943854 -0.0111893 -0.0231907  0.0434847  0.00482498 -0.00123288 -0.00010869 0.00540869 0.00194233  0.0118056   0.0129751 0.000668385  -0.0141197  -0.490796 -0.0499595   -9.79659 
             113.201 -0.00834438   0.0488699   0.0136359 -0.00888722  -0.0139602  -0.0100676 -0.00658047   0.0535894 0.000926697 -0.0111928  -0.023192   0.043479  0.00450284  0.00704134 -0.00181686 0.00536107  0.0019536  0.0118246   0.0129472 0.000406993   -0.014065  -0.490797 -0.0499499   -9.79659 
             113.301 -0.0415747  0.0772486  0.0105751 -0.00889418  -0.0125924 -0.00940149 -0.00658502   0.0535914 0.000920588 -0.0111936 -0.0231923  0.0434789   0.0032289   0.0097037 0.000918724 0.00537907  0.0019391  0.0118289  0.0129892 0.00034622 -0.0141466    -0.4908 -0.0499466   -9.79659 
             113.401 -0.0222344   0.117089 0.00581929  -0.0094928  -0.0123567 -0.00909238 -0.00659192   0.0535972 0.000915061 -0.0111939 -0.0231923  0.0434782 0.00137018 0.00722795 0.00176061  0.0053675 0.00191707  0.0118316   0.0130716 0.000407171  -0.0141666  -0.490802 -0.0499486   -9.79659 
               113.5 0.00459733   0.070262 0.00406769  -0.0124105  -0.0140856 -0.00947698 -0.00661758    0.053626 0.000889676 -0.0111949 -0.0231923  0.0434813  -0.00743935 -0.000833538 -0.000279984 0.00535322 0.00194317  0.0118357   0.0133146 0.000623805   -0.014113  -0.490808 -0.0499559   -9.79659 
             113.601  -0.0511652   0.0932896 0.000199706 -0.0114829 -0.0150635  -0.011303 -0.00661942   0.0536105 0.000896805 -0.0111947 -0.0231894    0.04348 -0.00248937 -0.00310175 -0.00523272 0.00538355  0.0019299  0.0118352   0.0131803 0.000716191  -0.0139384  -0.490803 -0.0499603   -9.79659 
               113.7 -0.0200777   0.085642  0.0443909 -0.0118462 -0.0139304 -0.0102665 -0.00660029   0.0536075 0.000900021 -0.0111922 -0.0231891  0.0434799  -0.00256622  0.000953428 -0.000637299 0.00536601 0.00193535  0.0118112   0.0131888 0.000581676  -0.0140917  -0.490804 -0.0499564   -9.79659 
             113.801 -0.0468063  0.0838011  0.0146987 -0.0118581 -0.0144778 -0.0104083 -0.00661186    0.053602 0.000896021 -0.0111918  -0.023189  0.0434795  -0.00266231 -0.000241076 -0.000520956   0.005383 0.00193771  0.0118298  0.0131634 0.00064902 -0.0140854  -0.490803 -0.0499581   -9.79659 
             113.901 -0.0117352   0.098973  0.0390751 -0.00953249   -0.014092 -0.00916465 -0.00660274   0.0535638 0.000892581 -0.0111922 -0.0231884  0.0434799 0.00490144 0.00109891 0.00305007 0.00536284   0.001931  0.0118145   0.0129531 0.000610568  -0.0142167  -0.490799 -0.0499574   -9.79659 
             114.001 -0.0291526  0.0877854  0.0394946 -0.00993756  -0.0145216  -0.0105211  -0.0066086   0.0535856 0.000891755 -0.0111927 -0.0231882    0.04348   0.00230344 -0.000357412  -0.00202316 0.00537088 0.00193711  0.0118138   0.0130272 0.000655394   -0.014049    -0.4908 -0.0499595   -9.79659 
             114.101 -0.0574562  0.0928127  0.0364128 -0.0101532 -0.0160519 -0.0103269 -0.00663465   0.0535935 0.000881272 -0.0111924 -0.0231886  0.0434788   0.00123078  -0.00458075 -0.000431486 0.00538566 0.00193404  0.0118164   0.0130653 0.000799336  -0.0140884    -0.4908 -0.0499626   -9.79659 
             114.201 0.0182536  0.103159 0.0275838  -0.0105558  -0.0152584 -0.00942255  -0.0066159   0.0535972 0.000891015 -0.0111934 -0.0231872  0.0434765 0.000614276 -0.00243599   0.0019249 0.00534239 0.00192934  0.0118212   0.0131112 0.000672399  -0.0141798  -0.490802 -0.0499591   -9.79659 
             114.301 -0.0451399   0.101827   0.041454  -0.0107909  -0.0153046 -0.00995978 -0.00661062   0.0536018 0.000892328 -0.0111934 -0.0231862  0.0434768 -0.000305295  -0.00110007  4.66289e-06 0.00537985 0.00192935  0.0118141   0.0131322 0.000663909  -0.0141073  -0.490803 -0.0499599   -9.79659 
             114.401 -0.0174574   0.103626  0.0342895  -0.0122721  -0.0143972 -0.00984453 -0.00659356   0.0536146 0.000902834 -0.0111936 -0.0231865  0.0434767 -0.00464322  0.00249431 0.000190396 0.00536343 0.00192947  0.0118184   0.0132521 0.000566586  -0.0141174  -0.490807 -0.0499587   -9.79659 
               114.5  -0.0821222   0.0661011 -0.00591023  -0.0121881  -0.0146503 -0.00970058 -0.00660378   0.0536086 0.000896042 -0.0111927 -0.0231862  0.0434753 -0.00390705   0.0023072 0.000540248 0.00539945 0.00195007    0.01184   0.0132003 0.000623938  -0.0141314  -0.490805 -0.0499594   -9.79659 
             114.601 -0.0219581   0.101531  0.0173531  -0.0113023   -0.013947 -0.00880609 -0.00659895   0.0535919 0.000898382 -0.0111932 -0.0231853  0.0434752 -0.000230166   0.00362281   0.00311018 0.00536293    0.00193  0.0118263   0.0131018 0.000574409  -0.0142146  -0.490803 -0.0499568   -9.79659 
               114.7 -0.028987 0.0646385 0.0114867  -0.0114849  -0.0151349 -0.00885502 -0.00661682   0.0535948 0.000885707 -0.0111938 -0.0231855  0.0434761 -0.00120465 -0.00134986  0.00183109 0.00536778 0.00195114  0.0118294   0.0131106 0.000717286  -0.0141826  -0.490803 -0.0499609   -9.79659 
             114.801 -0.038663  0.107953 0.0338296  -0.0113288  -0.0155696 -0.00955811 -0.00661596   0.0535966 0.000882459  -0.011193 -0.0231855  0.0434762  0.000107682   -0.0020019 -0.000826583 0.00537423 0.00192679  0.0118168   0.0130913 0.000746932  -0.0140946 -0.490802 -0.049963  -9.79659 
               114.9 -0.036725 0.0510612 0.0170313 -0.0101066 -0.0144888 -0.0106399 -0.00659633   0.0535962 0.000900338 -0.0111946 -0.0231853  0.0434754  0.00270503  0.00212342 -0.00401675 0.00537267  0.0019586  0.0118258   0.012984 0.00062821 -0.0139953  -0.490798 -0.0499615   -9.79659 
             115.001 -0.0199279     0.1055  0.0116524 -0.00983002  -0.0139634 -0.00993776 -0.00659678     0.05359 0.000904696 -0.0111961 -0.0231848  0.0434753   0.00358947     0.002784 -0.000159346 0.00536501 0.00192714  0.0118302   0.0129898 0.000600584  -0.0141039  -0.490799 -0.0499594   -9.79659 
               115.1 -0.0225704   0.106371  0.0306171 -0.0110717 -0.0148663 -0.0102354 -0.00661067   0.0536084 0.000893254 -0.0111964 -0.0231844  0.0434748 -0.000699355  0.000405358  -0.00237235 0.00536657  0.0019264  0.0118194    0.013121 0.000715288  -0.0140813  -0.490802 -0.0499624   -9.79659 
             115.201 -0.0459467  0.0780912  0.0237043  -0.0117471  -0.0151683 -0.00958447  -0.0066209     0.05361 0.000887999 -0.0111956 -0.0231853  0.0434747  -0.00291085 -0.000307012  7.14286e-05 0.00538093  0.0019406  0.0118233   0.0131695 0.000754234  -0.0141737  -0.490804 -0.0499625   -9.79659 
               115.3 -0.060715 0.0717979 0.0182493  -0.011909 -0.0145039  -0.010696 -0.00660564   0.0536103 0.000890223 -0.0111966 -0.0231843  0.0434752 -0.00220057  0.00364508  -0.0035594 0.00539016 0.00194345  0.0118257   0.0131627 0.000694229  -0.0140662  -0.490803 -0.0499621   -9.79659 
             115.401 -0.00793866   0.0791939 -0.00211537  -0.0120649  -0.0131431 -0.00970917 -0.00661737   0.0536111 0.000891329 -0.0111969 -0.0231826  0.0434739 -0.00228911   0.0061473   0.0014743 0.00536361 0.00193898  0.0118395   0.0131534 0.000595794   -0.014187  -0.490803 -0.0499568   -9.79659 
               115.5 -0.0641608  0.0966376  0.0198445 -0.00980517  -0.0132505 -0.00898414 -0.00663768   0.0535904 0.000928351  -0.011198 -0.0231841  0.0434743  0.0052965 0.00447202 0.00330735 0.00539295  0.0019292  0.0118238    0.012947 0.000677486  -0.0142507  -0.490799 -0.0499572   -9.79659 
               115.6 -0.0147603  0.0629906  0.0179013  -0.0070379  -0.0132684 -0.00902298 -0.00663797   0.0535662 0.000958689 -0.0111983 -0.0231846  0.0434736  0.0108651 0.00288353  0.0023854 0.00536453 0.00194579  0.0118249   0.0127542 0.000720805   -0.014219  -0.490794 -0.0499592   -9.79659 
             115.701 -0.0273986  0.0887508  0.0306493 -0.00835983  -0.0149356  -0.0092279  -0.0066643   0.0535944 0.000929812 -0.0111992 -0.0231837   0.043473  0.00391309 -0.00266251    0.001031  0.0053725 0.00193216  0.0118198  0.0129527  0.0009026 -0.0141781  -0.490799 -0.0499635   -9.79659 
               115.8 -0.0618548  0.0823696  0.0181263 -0.00908009  -0.0153212  -0.0096739 -0.00666246   0.0536109 0.000922896 -0.0111992 -0.0231832   0.043473  0.000828385  -0.00209124 -0.000877768 0.00538966 0.00193612  0.0118248    0.013046 0.000914822  -0.0141213    -0.4908 -0.0499644   -9.79659 
               115.9 -0.031288 0.0841346 0.0149319 -0.00994511  -0.0149833  -0.0102095 -0.00665156   0.0536278 0.000923714 -0.0111993 -0.0231837  0.0434726  -0.00206054 -0.000281958  -0.00198583 0.00537472 0.00193504  0.0118283   0.0131256 0.000858708  -0.0140737  -0.490801 -0.0499638   -9.79659 
             116.001 -0.0109513  0.0927249  0.0280509  -0.0113265  -0.0154246 -0.00873309 -0.0066621  0.0536388 0.00092217 -0.0111997 -0.0231824  0.0434728 -0.00501002  -0.0023014   0.0032034 0.00536561 0.00192877   0.011821   0.0132214 0.000894472  -0.0142344  -0.490804 -0.0499625   -9.79659 
             116.101 -0.0202926   0.106583  0.0418753  -0.0118288   -0.015466 -0.00968079 -0.00665444   0.0536436 0.000922576  -0.011199 -0.0231822  0.0434728  -0.00449095  -0.00152151 -0.000597432 0.00536848 0.00192024  0.0118127   0.0132219 0.000877541  -0.0141099  -0.490803 -0.0499636   -9.79659 
             116.201 -0.0751412  0.0597512  0.0280738  -0.0110501  -0.0151473 -0.00938775 -0.00665203    0.053622 0.000924978 -0.0111986 -0.0231825   0.043472 -0.00199303 0.000715432 0.000924488 0.00539706 0.00194693  0.0118183    0.013112 0.000847347   -0.014146  -0.490801 -0.0499623   -9.79659 
             116.301 -0.0188567  0.0982328  0.0278579 -0.00897982  -0.0149158 -0.00903695 -0.00665136   0.0535912  0.00092656 -0.0111988 -0.0231819   0.043473 0.00466852 0.00115316  0.0012496 0.00536716 0.00192518  0.0118202   0.0129297 0.000832503  -0.0141757  -0.490798 -0.0499609   -9.79659 
               116.4 -0.0510281  0.0855453   0.027814 -0.0095808 -0.0150876 -0.0103933  -0.0066492    0.053613 0.000925565 -0.0111989 -0.0231812   0.043473  0.00122009  0.00137784 -0.00310228 0.00538458 0.00193174  0.0118207   0.0130188 0.000858652   -0.014028  -0.490798 -0.0499638   -9.79659 
             116.501 -0.054693  0.115665 0.0141436 -0.0119804 -0.0149132 -0.0106374 -0.00664603    0.053645 0.000928499 -0.0111989  -0.023182  0.0434717 -0.00556793  0.00193595 -0.00296119 0.00538642 0.00191466  0.0118307   0.0132356 0.000850328  -0.0140312 -0.490803 -0.049965  -9.79659 
             116.599 -0.027728 0.0728547 0.0307422 -0.0105991 -0.0141076 -0.0108823 -0.00664258   0.0536204  0.00093252 -0.0111987 -0.0231824  0.0434698 7.35769e-05  0.00316767 -0.00284758 0.00537028 0.00193827  0.0118201  0.0130701 0.00079104 -0.0140357    -0.4908 -0.0499623   -9.79659 
             116.701 -0.0141126  0.0817957  0.0285544  -0.0109045   -0.013605 -0.00944645 -0.00664517   0.0536161 0.000934401 -0.0111986 -0.0231812  0.0434698 -0.000610243    0.0031047    0.0028289  0.0053652 0.00193353  0.0118237   0.0130953 0.000776102  -0.0142037  -0.490801 -0.0499596   -9.79659 
               116.8 -0.0229077   0.113633  0.0156024  -0.0107996  -0.0134952 -0.00912434 -0.00664891   0.0536146 0.000933448 -0.0111986 -0.0231812  0.0434698 0.000899669  0.00218081  0.00261525 0.00536836 0.00191551  0.0118283   0.0130852 0.000798097  -0.0142112  -0.490801 -0.0499599   -9.79659 
             116.902 -0.00400241    0.103088   0.0528313  -0.011287 -0.0154058 -0.0094876 -0.00667667   0.0536259  0.00093173 -0.0112006  -0.023181  0.0434702 -0.000835679   -0.0045127   0.00110405 0.00535535 0.00192151  0.0118092   0.0131287 0.000997194  -0.0141515  -0.490801 -0.0499648   -9.79659 
                 117 -0.00723869   0.0628602   0.0361543   -0.010382  -0.0159457 -0.00924885 -0.00668016   0.0536152  0.00092674 -0.0112003  -0.023181  0.0434692  0.00112454 -0.00455945  0.00147642  0.0053579 0.00194235  0.0118189  0.0130418 0.00100587 -0.0141664  -0.490799 -0.0499645   -9.79659 
             117.101 -0.058555 0.0891776 0.0213756  -0.0114663  -0.0152055 -0.00946739 -0.00666234   0.0536257 0.000930381 -0.0112008 -0.0231809  0.0434706  -0.0022176 0.000250489    0.000124 0.00538629  0.0019279  0.0118253   0.0131476 0.000896668  -0.0141282  -0.490802 -0.0499629   -9.79659 
             117.201 -0.00603196    0.113918  0.00137247  -0.0114069  -0.0138132 -0.00892707 -0.00664255   0.0536235 0.000931837 -0.0112023 -0.0231804  0.0434691 -0.00060774  0.00396812  0.00172261 0.00535651 0.00191221  0.0118359   0.0131308 0.000760516  -0.0141761  -0.490803 -0.0499599   -9.79659 
             117.301 -0.0208921  0.0707458  0.0228803 -0.00903512  -0.0138366 -0.00864571 -0.00665527   0.0535955 0.000928541 -0.0112024 -0.0231811  0.0434677 0.00611191 0.00238854 0.00206844 0.00536262 0.00193523  0.0118214   0.0129261 0.000804726  -0.0141896  -0.490799 -0.0499594   -9.79659 
             117.401 -0.0106929   0.100626  0.0207111 -0.00856335  -0.0134157 -0.00844895  -0.0066527   0.0535974 0.000928091 -0.0112023  -0.023181  0.0434675  0.0065501 0.00239003 0.00219096 0.00536084 0.00191859  0.0118237   0.0129405 0.000787804  -0.0141882 -0.490799 -0.049959  -9.79659 
             117.501 0.000912189    0.101045   0.0113572  -0.0101843  -0.0143116 -0.00958454 -0.00666384   0.0536202 0.000918928 -0.0112018  -0.023182  0.0434677 -0.000642304  -0.00065205  -0.00144507 0.00535549 0.00191914  0.0118304   0.0131198 0.000889968  -0.0140549  -0.490803 -0.0499615   -9.79659 
             117.601 -0.000540006    0.0979674     0.012203 -0.0103641 -0.0129124 -0.0098077 -0.00664372   0.0536227 0.000925117 -0.0112019 -0.0231819  0.0434683 -0.00136109  0.00480822  -0.0013596 0.00535511 0.00192194  0.0118309   0.0131331 0.000752399  -0.0140442  -0.490803 -0.0499585   -9.79659 
             117.701 -0.00994208   0.0885781   0.0196796   -0.010006  -0.0137153 -0.00954456 -0.00666584    0.053614 0.000917072 -0.0112021 -0.0231823  0.0434675 0.000680438 0.000333768 -0.00136852 0.00535945 0.00192733  0.0118257   0.0130952 0.000863363  -0.0140872  -0.490802 -0.0499608   -9.79659 
             117.801 -0.0440311  0.0834263  0.0262218 -0.00943046  -0.0144802  -0.0107074 -0.00667766   0.0536115 0.000914773 -0.0112026 -0.0231814  0.0434665  0.00197647 -0.00109683 -0.00384536 0.00537849  0.0019305  0.0118244   0.0130501 0.000943704  -0.0139874  -0.490801 -0.0499617   -9.79659 
             117.901 -0.0345226  0.0905352   0.050443 -0.0134821 -0.0155009 -0.0100122 -0.00669227   0.0536552 0.000875163 -0.0112035  -0.023179   0.043466 -0.00905897 -0.00417487 -0.00152772  0.0053746 0.00192644  0.0118121  0.0133948 0.00102352 -0.0140931  -0.490809 -0.0499633   -9.79659 
                 118 -0.046636 0.0644361 0.0132638 -0.0116438 -0.0156065 -0.0100654 -0.00669179   0.0536316 0.000902674 -0.0112035 -0.0231772  0.0434647  -0.00165074  -0.00300365 -0.000746741    0.00538 0.00193947  0.0118302  0.0131658 0.00100228 -0.0141042  -0.490803 -0.0499623   -9.79659 
             118.101 -0.0536283  0.0886549  0.0677126 -0.00920214   -0.015997 -0.00999572 -0.00669909   0.0536185 0.000914537 -0.0112039 -0.0231789  0.0434658   0.00577632  -0.00287323 -0.000352794 0.00538646 0.00192618  0.0118021  0.0129565 0.00102004 -0.0141218  -0.490798 -0.0499612   -9.79659 
               118.2 -0.00439181    0.108326  0.00828555 -0.0101753 -0.0144237 -0.0100357 -0.00668904   0.0536275 0.000908273 -0.0112069  -0.023181  0.0434613   0.00130148   0.00242953 -0.000178262 0.00535873 0.00191498  0.0118354   0.0130885 0.000837538   -0.014118  -0.490803 -0.0499573   -9.79659 
             118.304 -0.0527222  0.0911345  0.0133473 -0.0119607 -0.0151887 -0.0093814 -0.00669692   0.0536428 0.000911006 -0.0112061 -0.0231826  0.0434606 -0.00402808 0.000273158  0.00152947 0.00538228 0.00192443  0.0118329   0.0132466 0.000936281  -0.0141875  -0.490806 -0.0499605   -9.79659 
             118.401 -0.0133911  0.0616473  0.0450967 -0.00891811  -0.0160042 -0.00887541 -0.00671527    0.053619 0.000905381 -0.0112065 -0.0231839  0.0434595  0.00537941 -0.00282946  0.00246558 0.00535712 0.00193838  0.0118156  0.0129664 0.00101326  -0.014225  -0.490799 -0.0499592   -9.79659 
               118.5 -0.0458089   0.107784  0.0249807  -0.0124563  -0.0147427 -0.00988457 -0.00669101   0.0536545 0.000911768 -0.0112055 -0.0231841  0.0434577 -0.00521857  0.00231049 -0.00156551 0.00537769  0.0019169  0.0118268   0.0133009 0.000868075  -0.0140985  -0.490806 -0.0499593   -9.79659 
               118.6 -0.00881279    0.110474   0.0078731  -0.0129761  -0.0141466 -0.00945197 -0.00668784   0.0536538 0.000913821 -0.0112059 -0.0231837  0.0434574 -0.00465322  0.00274869 0.000278058 0.00535967  0.0019172  0.0118367  0.0132997 0.00083265 -0.0141561  -0.490807 -0.0499581   -9.79659 
             118.703 0.00275987  0.0770748   0.056452  -0.0118525  -0.0140614 -0.00887474 -0.00669501   0.0536395 0.000909942 -0.0112056 -0.0231853  0.0434563 -0.000477951   0.00162263   0.00197469 0.00535414  0.0019351   0.011812   0.0131633 0.000853002  -0.0142113  -0.490804 -0.0499573   -9.79659 
             118.801 -0.00742577    0.113044   0.0605444  -0.0114533  -0.0141301 -0.00941171 -0.00669932   0.0536361 0.000907877 -0.0112054 -0.0231853  0.0434565  0.000742574   0.00142971 -5.60631e-05 0.00536143 0.00191597  0.0118102   0.0131302 0.000876496  -0.0141428  -0.490803 -0.0499576   -9.79659 
             118.901 -0.00427935   0.0956079   0.0443662 -0.00945338   -0.014351  -0.0100509  -0.0067096   0.0536214 0.000903006 -0.0112053 -0.0231848   0.043456  0.00589593 0.000351303 -0.00247625 0.00536047  0.0019252  0.0118192   0.0129714 0.000910748  -0.0140855  -0.490799 -0.0499565   -9.79659 
                 119 -0.0301307   0.100409  0.0250349 -0.0115857 -0.0144328  -0.010219 -0.00670274   0.0536466 0.000903398 -0.0112053 -0.0231866  0.0434564  -0.00168101 -1.35918e-05  -0.00246408 0.00537287 0.00192401  0.0118281   0.0132011 0.000916064  -0.0140899  -0.490804 -0.0499599   -9.79659 
             119.102 -0.0546427   0.080364  0.0563546 -0.00874199  -0.0146365 -0.00876417 -0.00672102   0.0536171 0.000898055 -0.0112048 -0.0231888  0.0434551   0.00720254 -0.000403363   0.00275552 0.00538807 0.00193352  0.0118114   0.0129518 0.000947156  -0.0142607  -0.490798 -0.0499574   -9.79659 
             119.201 0.00879401    0.10871  0.0484161 -0.00813702  -0.0151686  -0.0101603 -0.00672932   0.0536225 0.000891752 -0.0112037 -0.0231919  0.0434556  0.00779852 -0.00300452 -0.00223366 0.00535261 0.00191777  0.0118174   0.0129634 0.000983682  -0.0140949  -0.490797 -0.0499577   -9.79659 
             119.301 -0.0180742  0.0892119  0.0371055 -0.00962886  -0.0143164  -0.0100201 -0.00670828   0.0536351 0.000898939  -0.011204 -0.0231925  0.0434561  0.00135838  0.00072834 -0.00116764 0.00537133 0.00192944  0.0118257   0.0131484 0.000876274  -0.0141285  -0.490804 -0.0499587   -9.79659 
             119.401 -0.00858048   0.0936087   0.0463478  -0.0079435  -0.0151209 -0.00919999 -0.00672136   0.0536263 0.000894641 -0.0112042 -0.0231924  0.0434564  0.00567855 -0.00229287  0.00181501 0.00536663  0.0019272  0.0118223   0.0130179 0.000961528  -0.0142265  -0.490799 -0.0499585   -9.79659 
             119.499 -0.00488301    0.112816   0.0344713 -0.00919968  -0.0155587 -0.00920681 -0.00671716   0.0536423 0.000901262  -0.011204 -0.0231927  0.0434555 0.000295015 -0.00287097  0.00121153 0.00536562 0.00191738  0.0118289   0.0131743 0.000973504  -0.0142071  -0.490802 -0.0499613   -9.79659 
               119.6 -0.0473394  0.0917113   0.014837  -0.0117874  -0.0156198 -0.00994257 -0.00670835   0.0536655 0.000915071 -0.0112048 -0.0231926   0.043457  -0.00745935 -0.000988535  -0.00227512 0.00538499 0.00192948  0.0118361   0.0133936 0.000949579  -0.0141211  -0.490807 -0.0499637   -9.79659 
             119.701 -0.024506 0.0622911 0.0234966  -0.011112 -0.0143737 -0.0098512 -0.00669652   0.0536481 0.000917424 -0.0112041 -0.0231928  0.0434558 -0.00377813  0.00303554 -0.00131174 0.00537092 0.00194501  0.0118297  0.0132751 0.00082054 -0.0141482  -0.490806 -0.0499596   -9.79659 
             119.799 -0.032315 0.0895047 0.0188377 -0.00829927  -0.0144826  -0.0101971 -0.00670513   0.0536226 0.000914652 -0.0112042 -0.0231933  0.0434571   0.00543981   0.00232114 -0.000413836 0.00537472  0.0019293  0.0118301   0.0130075 0.000866301  -0.0141199    -0.4908 -0.0499587   -9.79659 
             119.901 -0.0461179  0.0950883  0.0564003 -0.00956248  -0.0143669  -0.0104662 -0.00670065   0.0536472 0.000911584  -0.011204 -0.0231916  0.0434565 0.000915244 0.000972131 -0.00110754 0.00538268 0.00192694  0.0118122   0.0131564 0.000872337  -0.0140925  -0.490802 -0.0499598   -9.79659 
             120.002 -0.00542386    0.112711    0.031781 -0.00938289  -0.0142566  -0.0104174 -0.00670179   0.0536445 0.000911627 -0.0112041 -0.0231913  0.0434565   0.00142159   0.00151234 -0.000785867 0.00536113 0.00191801  0.0118263   0.0131521 0.000874204  -0.0141164  -0.490803 -0.0499596   -9.79659 
             120.101 -0.0368827  0.0835201  0.0164179  -0.0110149  -0.0152471 -0.00898331 -0.00672146   0.0536654 0.000905655 -0.0112022 -0.0231925  0.0434568 -0.00399642 -0.00131905  0.00380472  0.0053793 0.00193344   0.011833   0.0132925 0.000986937  -0.0142689 -0.490805 -0.049961  -9.79659 
             120.202 -0.0218334  0.0951212  0.0372215 -0.0102314  -0.014673 -0.0101575 -0.00670936   0.0536516 0.000908156  -0.011202 -0.0231928  0.0434567 1.74219e-06 0.000263556 -0.00184632 0.00537022 0.00192576  0.0118202   0.0132051 0.000910726  -0.0141212  -0.490804 -0.0499601   -9.79659 
               120.3 -0.0481133   0.100878  0.0649672 -0.0100355 -0.0147859 -0.0102216 -0.00671181   0.0536513 0.000908639 -0.0112021  -0.023193  0.0434565   0.00124662 -0.000120651  -0.00148849 0.00538208 0.00192227  0.0118008    0.013192 0.000928652  -0.0141334  -0.490803 -0.0499603   -9.79659 
             120.402 -0.000908618    0.0714819    0.0297421  -0.0100957  -0.0137049 -0.00943382 -0.00670399    0.053651  0.00090638 -0.0112022  -0.023192  0.0434552 0.000806454  0.00221528  0.00152323 0.00535518 0.00193898  0.0118186   0.0132035 0.000822243  -0.0142225  -0.490804 -0.0499573   -9.79659 
               120.5 -0.0457871  0.0812555  0.0254513 -0.00894237  -0.0152631  -0.0101725 -0.00671919   0.0536478 0.000912999 -0.0112008 -0.0231908  0.0434535  0.00398492 -0.00289114 -0.00101481 0.00538136 0.00193444  0.0118227  0.0131109 0.00100207 -0.0141389   -0.4908 -0.049961  -9.79659 
               120.6 -0.0370787    0.10578  0.0200921  -0.0104413  -0.0141028 -0.00990409 -0.00670177    0.053659 0.000919054 -0.0112015 -0.0231914  0.0434529 -0.00113344   0.0018248 8.91335e-05 0.00537659 0.00192059  0.0118262   0.0132692 0.000863315   -0.014173  -0.490805 -0.0499596   -9.79659 
             120.701 -0.0162505   0.128194  0.0100065  -0.0118403  -0.0144825 -0.00909258 -0.00670023   0.0536722 0.000929455 -0.0112023 -0.0231909  0.0434524 -0.00438426 0.000409578  0.00252706 0.00536609 0.00190774  0.0118334   0.0133798 0.000912087   -0.014252  -0.490807 -0.0499615   -9.79659 
             120.801 -0.0382751  0.0689644  0.0312515 -0.00958612  -0.0155901 -0.00797583 -0.00672063   0.0536482 0.000904459 -0.0112013 -0.0231929  0.0434483  0.00245158 -0.00230312  0.00520124 0.00537826 0.00194053  0.0118212  0.0131494 0.00102491 -0.0143396  -0.490802 -0.0499618   -9.79659 
             120.901 -0.039163 0.0998255 0.0389877 -0.0107925 -0.0161841 -0.0101051 -0.00672541   0.0536601 0.000910436 -0.0111998 -0.0231922  0.0434478 -0.00169483 -0.00327236  -0.0028339 0.00537872 0.00192298  0.0118157  0.0132759 0.00104915 -0.0140768  -0.490805 -0.0499636   -9.79659 
                 121 -0.0136951   0.106631  0.0425473  -0.0116531  -0.0145242 -0.00959577 -0.00670038   0.0536648 0.000923743 -0.0112002 -0.0231917  0.0434462  -0.00326954   0.00218972 -0.000549069 0.00536564 0.00191843  0.0118151   0.0133387 0.000857433  -0.0141523  -0.490807 -0.0499597   -9.79659 
             121.103 -0.00766752   0.0767902   0.0410042 -0.0107192 -0.0134669 -0.0100159 -0.00669208   0.0536518  0.00093521 -0.0112008 -0.0231917  0.0434451 0.000604559  0.00425864 -0.00179373 0.00536195 0.00193586  0.0118164  0.0132298 0.00078056 -0.0141158  -0.490805 -0.0499578   -9.79659 
             121.201 0.00197452   0.102154  0.0360054 -0.00867239  -0.0139623 -0.00967187 -0.00671053   0.0536295 0.000929629 -0.0112007  -0.023191   0.043446  0.00672384  0.00103596 0.000323511 0.00535632 0.00192356  0.0118179   0.0130634 0.000874527  -0.0141692  -0.490802 -0.0499579   -9.79659 
             121.302 -0.0536947  0.0867123  0.0245228 -0.00832163  -0.0141265  -0.0106946 -0.00671072   0.0536369 0.000927324 -0.0112007 -0.0231892  0.0434455  0.00529023  0.00140958 -0.00292919 0.00538943 0.00193197   0.011828    0.013085 0.000907645  -0.0140647  -0.490801 -0.0499588   -9.79659 
             121.401 -0.065021  0.094662 0.0406782 -0.00912351   -0.014085 -0.00919043 -0.00670795   0.0536519 0.000928059  -0.011201 -0.0231904  0.0434454 0.00125979 0.00205352 0.00264746 0.00539473 0.00192814  0.0118187   0.0131989 0.000918998  -0.0142395  -0.490803 -0.0499608   -9.79659 
             121.502 -0.0257552  0.0744154  0.0099365 -0.00957465  -0.0135267 -0.00948081 -0.00670198    0.053659 0.000930049 -0.0112015 -0.0231915  0.0434449 -0.000894596   0.00267696   0.00112251 0.00537005 0.00194094  0.0118333   0.0132476 0.000874828  -0.0141822  -0.490804 -0.0499606   -9.79659 
             121.601 -0.0676282  0.0963816  0.0309233 -0.0111508 -0.0146112 -0.0100327 -0.00671778   0.0536821 0.000927528 -0.0112018 -0.0231907  0.0434434  -0.00467967 -0.000689046  -0.00109809 0.00539225 0.00192797  0.0118185  0.0133755 0.00100734 -0.0141172  -0.490805 -0.0499646   -9.79659 
             121.702 -0.00227639     0.11975   0.0254777  -0.0137278  -0.0152144 -0.00925057 -0.00672195   0.0537064 0.000928934 -0.0112026 -0.0231889   0.043443 -0.00976503 -0.00356191  0.00204482 0.00536044 0.00191617  0.0118215  0.0135542 0.00105031  -0.014201  -0.490808 -0.0499651   -9.79659 
             121.802 -0.0439808  0.0804189  0.0224866  -0.0112254    -0.01508 -0.00931245 -0.00672188   0.0536667 0.000931381 -0.0112027 -0.0231888  0.0434411 -7.78957e-05  -0.00189968   0.00137145 0.00538301 0.00193844  0.0118229  0.0132622 0.00101752 -0.0141801  -0.490803 -0.0499636   -9.79659 
             121.901 -0.0171563  0.0797221  0.0179364  -0.0104816  -0.0157034 -0.00851018 -0.00672818   0.0536552 0.000926042 -0.0112024 -0.0231885   0.043441   0.0019781 -0.00347716  0.00344269 0.00536851 0.00193908  0.0118261  0.0131979 0.00105976 -0.0142453  -0.490802 -0.0499636   -9.79659 
             122.001 -0.0300429  0.0771739   0.020495 -0.00946426  -0.0142749   -0.010099 -0.00670784   0.0536497 0.000928427 -0.0112024  -0.023188  0.0434416  0.00365024  0.00248901 -0.00264029 0.00537536 0.00194098  0.0118254   0.0131325 0.000892603  -0.0140574  -0.490801 -0.0499617   -9.79659 
             122.101 -0.00253461    0.119632  0.00223566 -0.0104558   -0.01403 -0.0107119 -0.00671029   0.0536653 0.000937227 -0.0112019 -0.0231886  0.0434401 -5.35188e-05   0.00264404  -0.00350231 0.00535988  0.0019171  0.0118376   0.0132524 0.000885462  -0.0140226  -0.490803 -0.0499615   -9.79659 
             122.201 -0.0227599  0.0799852  0.0191671 -0.00943069  -0.0143714  -0.0102901 -0.00671604    0.053652 0.000928273 -0.0112013 -0.0231893  0.0434392   0.00246723  0.000693143 -0.000789509 0.00537086   0.001938  0.0118287   0.0131667 0.000946411  -0.0141053  -0.490802 -0.0499628   -9.79659 
             122.301 -0.0445438  0.0895055  0.0339482  -0.0103048  -0.0145288 -0.00938524  -0.0067205   0.0536596 0.000927628 -0.0112014 -0.0231899  0.0434389 -3.35037e-05 -0.000367576   0.00296232 0.00538191 0.00193365  0.0118194   0.0132628 0.000971046  -0.0142021  -0.490804 -0.0499629   -9.79659 
             122.402 -0.00233514    0.134897 0.000345822  -0.0109621  -0.0138674 -0.00900883 -0.00671284   0.0536688 0.000932604 -0.0112021 -0.0231903  0.0434376 -0.000124391  0.000555575   0.00192484 0.00535806 0.00190682  0.0118384   0.0133237 0.000894541  -0.0142102  -0.490805 -0.0499612   -9.79659 
             122.502 -0.0500203  0.0917222  0.0350991  -0.0110602  -0.0134888 -0.00978162 -0.00671193   0.0536731 0.000935652 -0.0112027 -0.0231894   0.043438 -0.000669078   0.00184591  -0.00147481 0.00538303  0.0019327  0.0118183   0.0133264 0.000875302  -0.0141208  -0.490805 -0.0499608   -9.79659 
             122.601 -0.00760477   0.0912566  0.00702808 -0.00952289  -0.0137329 -0.00960417 -0.00671041   0.0536632 0.000927252 -0.0112023 -0.0231885   0.043438   0.00356633  4.66449e-05 -0.000362787 0.00535767  0.0019347   0.011833    0.013193 0.000910383  -0.0141554  -0.490802 -0.0499622   -9.79659 
             122.703  0.036295  0.122685 0.0429398  -0.0115151  -0.0147822 -0.00999692 -0.00671623   0.0536717 0.000962904 -0.0112027 -0.0231878  0.0434382 -0.00292817 -0.00411674 -0.00138171 0.00533534 0.00191811   0.011816   0.0133956 0.000994676  -0.0141209  -0.490807 -0.0499637   -9.79659 
             122.801 -0.0335674   0.110559  0.0632838  -0.012288 -0.0152124 -0.0101134 -0.00671526   0.0536738 0.000970047 -0.0112028 -0.0231876  0.0434382 -0.00361079 -0.00369671 -0.00178429 0.00537207 0.00192355  0.0118061  0.0134398 0.00100073 -0.0141239  -0.490808 -0.0499639   -9.79659 
               122.9 0.00789593  0.0866983  0.0525185  -0.0108579  -0.0146637 -0.00966325 -0.00670683   0.0536626 0.000953441 -0.0112025 -0.0231871   0.043437  0.00168528 -0.00211538 0.000504866  0.0053496 0.00193776  0.0118122   0.0132909 0.000912299  -0.0141829  -0.490805 -0.0499621   -9.79659 
                 123   -0.0520529    0.0810872 -0.000351985 -0.0100473 -0.0136635 -0.0105976 -0.00670201   0.0536573  0.00096014 -0.0112052 -0.0231848  0.0434385  0.00342303  0.00210689 -0.00238392 0.00538474  0.0019398  0.0118427   0.0132361 0.000812422  -0.0140881  -0.490806 -0.0499584   -9.79659 
             123.101 -0.0138715  0.0838414  0.0384772 -0.0100349 -0.0139165 -0.0100475 -0.00670017   0.0536606 0.000960414 -0.0112056 -0.0231839  0.0434391   0.00254185  0.000390284 -0.000474615 0.00536513 0.00193955  0.0118215   0.0132602 0.000855648  -0.0141668  -0.490805 -0.0499605   -9.79659 
             123.202 -0.0429814  0.0834632 0.00545005 -0.00990616  -0.0137306 -0.00999873 -0.00669879   0.0536615 0.000961066 -0.0112057 -0.0231841  0.0434391 0.00165302 0.00214553 6.0274e-05 0.00538004 0.00194071  0.0118403   0.0132682 0.000847407  -0.0141757  -0.490806 -0.0499605   -9.79659 
             123.301 -0.00815401   0.0848765   0.0289373 -0.00809004  -0.0142048 -0.00871552 -0.00670266   0.0536461 0.000955874 -0.0112062 -0.0231834  0.0434398   0.00615841 -9.12803e-05   0.00382418 0.00536174 0.00193864  0.0118272   0.0131318 0.000909731  -0.0143052 -0.490804 -0.049961  -9.79659 
             123.401 0.00614155  0.0957408  0.0288909 -0.00822386  -0.0146991 -0.00773288 -0.00670566   0.0536511 0.000955156 -0.0112068 -0.0231826  0.0434398  0.0041053 -0.0025676 0.00600924 0.00535155 0.00193224  0.0118259   0.0131975 0.000946833   -0.014363  -0.490805 -0.0499618   -9.79659 
             123.502 -0.0372511  0.0860088  0.0400384 -0.00827288  -0.0160052  -0.0098512 -0.00670212   0.0536673 0.000951629 -0.0112075 -0.0231796  0.0434389  0.00334665 -0.00571326 -0.00320679  0.0053763 0.00193705  0.0118195  0.0132371 0.00104916 -0.0140998 -0.490803 -0.049965  -9.79659 
             123.601 -0.0333094  0.0875727  0.0317986 -0.00978119    -0.01605  -0.0102809 -0.00669553   0.0536828 0.000949825 -0.0112076 -0.0231797   0.043439 -0.00175696 -0.00421649 -0.00336675 0.00537303 0.00193486  0.0118237   0.013391 0.00099927 -0.0140847  -0.490806 -0.0499645   -9.79659 
             123.701 -0.0289079   0.090452   0.030801   -0.010255  -0.0149585 -0.00973184 -0.00668405   0.0536814 0.000953853  -0.011208 -0.0231797  0.0434389  -0.00247592  0.000625546 -0.000576524 0.00536928 0.00193466  0.0118247   0.0134157 0.000859234  -0.0141683  -0.490808 -0.0499617   -9.79659 
               123.8 -0.0488176   0.111572  0.0267273 -0.00903484  -0.0149687 -0.00825405 -0.00668426   0.0536712  0.00095045 -0.0112089   -0.02318  0.0434395 0.00191374 0.00118853 0.00407052 0.00538113 0.00192356  0.0118258   0.0132935 0.000877483  -0.0143212  -0.490806 -0.0499612   -9.79659 
             123.901 -0.00922736   0.0842936     0.01177  -0.0100327  -0.0131682 -0.00778637 -0.00666728   0.0536801 0.000959478 -0.0112097 -0.0231805  0.0434382 -0.00204922  0.00657651  0.00392931 0.00536015 0.00193675  0.0118344   0.0133932 0.000708943  -0.0143232  -0.490809 -0.0499586   -9.79659 
             124.002 0.0181926  0.118867  0.021144  -0.0096264  -0.0132753 -0.00870831 -0.00667369   0.0536742 0.000956813 -0.0112087 -0.0231819  0.0434391  8.63925e-05   0.00369791 -0.000158339 0.00534696 0.00191609  0.0118287    0.013349 0.000770352  -0.0141935  -0.490808 -0.0499603   -9.79659 
             124.101 0.0555827 0.0886486  0.132582 -0.00982147  -0.0147739  -0.0102103 -0.00668733   0.0536889 0.000953803 -0.0112151 -0.0231834  0.0434412 -0.000418481  -0.00357607  -0.00497303 0.00532798 0.00193106  0.0117726   0.0133617 0.000933764  -0.0140477  -0.490807 -0.0499638   -9.79659 
             124.201 -0.0411868  0.0904755 0.00528988 -0.0108004 -0.0135322 -0.0104071 -0.00666867   0.0536901 0.000965928 -0.0112202 -0.0231859  0.0434454 -0.00289051  0.00152559 -0.00418938 0.00538259 0.00192982  0.0118437  0.0134404 0.00079448 -0.0140759   -0.49081 -0.0499622   -9.79659 
               124.3 0.0350436  0.108301 0.0269524 -0.0114146 -0.0119992 -0.0106185 -0.00665832   0.0536858  0.00097497 -0.0112204 -0.0231859  0.0434439 -0.00304009  0.00473299 -0.00400329 0.00534152 0.00192024  0.0118314   0.0134682 0.000658622  -0.0140933 -0.490813  -0.04996  -9.79659 
             124.402 -0.0149937   0.119698  0.0158607 -0.0119004 -0.0127211 -0.0112974 -0.00666891   0.0536921 0.000967433   -0.01122 -0.0231857  0.0434421 -0.0036762 0.00131274 -0.0048945 0.00536771 0.00191456  0.0118379   0.0134812 0.000776168  -0.0140699  -0.490811 -0.0499621   -9.79659 
             124.501 0.00294106   0.115632  0.0237557 -0.0137234 -0.0141464 -0.0104686 -0.00666323   0.0537011 0.000959531 -0.0112202 -0.0231853  0.0434425  -0.00791367  -0.00328156 -0.000532902 0.00535614 0.00191788  0.0118322   0.0136021 0.000915532  -0.0142006  -0.490812 -0.0499696   -9.79659 
             124.601 0.00608821  0.0794714  0.0180096  -0.0132523  -0.0149266 -0.00946779 -0.00665984   0.0536944 0.000954759 -0.0112188 -0.0231849  0.0434414 -0.00360301 -0.00565788   0.0011032 0.00535332 0.00193648  0.0118348   0.0134972 0.000949292  -0.0143069  -0.490809 -0.0499717   -9.79659 
             124.702 -0.00655099   0.0974132   0.0464307  -0.0103515  -0.0143814 -0.00902273 -0.00665589   0.0536755 0.000949438 -0.0112175 -0.0231878   0.043442  0.00631069 -0.00267715   0.0014685 0.00536055 0.00192463  0.0118194   0.0132313 0.000848628  -0.0143412  -0.490803 -0.0499692   -9.79659 
             124.801 0.00987889   0.120743 0.00368013 -0.0108884 -0.0141055 -0.0089736 -0.00665858    0.053676 0.000950379  -0.011218 -0.0231885  0.0434411  0.00372734 -0.00203725  0.00104866 0.00534796 0.00191326   0.011839   0.0133347 0.000788074  -0.0143322  -0.490806 -0.0499674   -9.79659 
             124.902 -0.0185504   0.103675   0.024148  -0.0104678   -0.014702 -0.00859561  -0.0066541   0.0536784 0.000952281  -0.011218 -0.0231888  0.0434408  0.00363915 -0.00317504  0.00240178 0.00536517 0.00192415  0.0118294   0.0133265 0.000830337  -0.0143588  -0.490806 -0.0499692   -9.79659 
             125.002 -0.0123375  0.0966555  0.0233341 -0.00840995  -0.0140007  -0.0100052 -0.00667052   0.0536766 0.000942004 -0.0112184 -0.0231891  0.0434404  0.00824735  0.00033251 -0.00296966 0.00535971  0.0019292  0.0118261    0.013186 0.000733139  -0.0141974  -0.490803 -0.0499638   -9.79659 
             125.102 -0.0229059   0.107471  -0.014494  -0.009546 -0.0141169  -0.010097 -0.00667212   0.0536826 0.000951707 -0.0112183 -0.0231905  0.0434403  0.00272792 0.000142637 -0.00210555 0.00536608 0.00192353  0.0118485   0.0133536 0.000743022  -0.0142151  -0.490807 -0.0499638   -9.79659 
             125.201 -0.0233698   0.133878  0.0273836  -0.0111199  -0.0137027 -0.00921734 -0.00666417    0.053696 0.000962123 -0.0112188  -0.023189  0.0434392  -0.0018808  0.00153548 0.000496576 0.00536675 0.00190767  0.0118259  0.0135158 0.00070305 -0.0143232  -0.490809 -0.0499634   -9.79659 
             125.301 -0.0456024  0.0883959  0.0260791  -0.0114261  -0.0147351 -0.00909037 -0.00667752   0.0536944  0.00094966 -0.0112188  -0.023189   0.043439 -0.00245959 -0.00209033  0.00113558 0.00537928 0.00193022   0.011827  0.0135199 0.00081957 -0.0143305   -0.49081 -0.0499654   -9.79659 
             125.401 -0.0387375  0.0702888  0.0453933 -0.00903889   -0.014106  -0.0103531 -0.00666862   0.0536833 0.000960739 -0.0112195 -0.0231904  0.0434372  0.00507972 0.000620406 -0.00323166 0.00537589  0.0019419  0.0118185   0.0132982 0.000746277  -0.0141994  -0.490806 -0.0499653   -9.79659 
               125.5 -0.0646984    0.11397  0.0169187 -0.0104643 -0.0151377 -0.0106574 -0.00668226    0.053698 0.000945747 -0.0112186 -0.0231916  0.0434354 0.000225785 -0.00243663 -0.00245954 0.00538984 0.00191679  0.0118349   0.0134614 0.000852851  -0.0142001  -0.490809 -0.0499668   -9.79659 
             125.603 -0.050671  0.101355 0.0602324   -0.011277  -0.0152502 -0.00954771 -0.00668336   0.0537012 0.000948415 -0.0112186 -0.0231905  0.0434353 -0.00227647 -0.00126862  0.00156155  0.0053834 0.00192481  0.0118111   0.0135267 0.000846283  -0.0143316   -0.49081 -0.0499652   -9.79659 
             125.702 0.00337921  0.0962802  0.0362329  -0.0103231  -0.0143526 -0.00905255 -0.00667171   0.0536866 0.000954182 -0.0112192 -0.0231895  0.0434335 0.00068222 0.00173147  0.0024187 0.00535288 0.00192851   0.011825   0.0134303 0.000745109  -0.0143649  -0.490809 -0.0499626   -9.79659 
             125.803 -0.0101188  0.0983341  0.0081647 -0.00904179   -0.013872 -0.00799794 -0.00667193   0.0536708 0.000957004 -0.0112195 -0.0231886  0.0434335 0.00408114 0.00209288 0.00518672 0.00536197 0.00192642  0.0118425  0.0133334 0.00071718 -0.0144458  -0.490808 -0.0499601   -9.79659 
             125.902 -0.0401691  0.0964462  0.0408785 -0.00818421  -0.0151962  -0.0082467 -0.00669031    0.053674   0.0009471 -0.0112203 -0.0231881  0.0434318  0.00581321 -0.00227361   0.0026017 0.00538011 0.00192737  0.0118273   0.0132954 0.000864987  -0.0143727  -0.490806 -0.0499626   -9.79659 
             126.003 0.00834678  0.0894302  0.0127332 -0.00827043  -0.0149202 -0.00871906 -0.00668272   0.0536846 0.000952679 -0.0112207 -0.0231889  0.0434316  0.00381967 -0.00161433  0.00087725 0.00535589 0.00193141  0.0118445   0.0133491 0.000808094   -0.014297  -0.490807 -0.0499622   -9.79659 
             126.102 -0.00480742   0.0903155   0.0257813 -0.00691039  -0.0151742 -0.00981106 -0.00668715   0.0536792 0.000951071 -0.0112206  -0.023189  0.0434316  0.00699405 -0.00210546 -0.00298809 0.00536402 0.00193114  0.0118399   0.0132669 0.000818386  -0.0141864  -0.490805 -0.0499616   -9.79659 
             126.203 -0.0340586   0.111396  0.0245014 -0.00839418  -0.0154875 -0.00987888 -0.00668659   0.0537017 0.000955187 -0.0112207 -0.0231889  0.0434305  0.00109757 -0.00228744 -0.00207568   0.005378 0.00191912  0.0118385   0.0134484 0.000829032  -0.0142074  -0.490808 -0.0499627   -9.79659 
             126.301 -0.0345238  0.0796569  0.0298718  -0.0122124  -0.0147245 -0.00971556 -0.00666866   0.0537367 0.000972323 -0.0112205  -0.023189   0.043433 -0.0107789  0.0011209 -0.0012617 0.00537609  0.0019375  0.0118342   0.0137704 0.000732792  -0.0142408  -0.490813 -0.0499625   -9.79659 
             126.402 0.0343518 0.0968095 0.0218663  -0.0131271  -0.0133333 -0.00937671 -0.00665452   0.0537363 0.000977138 -0.0112208  -0.023188  0.0434295   -0.0104275   0.00427642 -7.59069e-05 0.00533851  0.0019285  0.0118402   0.0137615 0.000600355  -0.0142836  -0.490813 -0.0499605   -9.79659 
             126.502   -0.02855   0.105248 -0.0175896 -0.0153615 -0.0141916 -0.0106716 -0.00667169   0.0537509 0.000971961 -0.0112194 -0.0231867  0.0434273  -0.0134029  0.00106596 -0.00423435 0.00537261 0.00192328  0.0118613  0.0138635 0.00072233 -0.0141568  -0.490814 -0.0499619   -9.79659 
             126.601 -0.0668567  0.0849447  0.0210185 -0.0123742 -0.0150794 -0.0112516 -0.00668611   0.0537183 0.000958979 -0.0112206 -0.0231895  0.0434228 -0.00127308 -0.00191992 -0.00414528  0.0053925 0.00193511   0.011838   0.0134972 0.000829154  -0.0141457  -0.490808 -0.0499637   -9.79659 
             126.702 0.0186884 0.0931073 0.0339872 -0.00973601  -0.0142855 -0.00921081 -0.00667093   0.0536928 0.000975481 -0.0112205 -0.0231846  0.0434214   0.00711542 -0.000436435   0.00315089 0.00534518 0.00193111  0.0118312    0.013267 0.000731771  -0.0143905 -0.490804 -0.049964  -9.79659 
             126.802  -0.0179023     0.10997 -0.00589169 -0.00985222    -0.01439 -0.00834802 -0.00667545   0.0536981 0.000972594 -0.0112207 -0.0231852  0.0434211   0.00490246 -0.000573344   0.00491985 0.00536926 0.00192212  0.0118569  0.0133359 0.00074404 -0.0144445  -0.490805 -0.0499637   -9.79659 
               126.9 -0.0221771   0.106648 -0.0128917 -0.00976453  -0.0146045 -0.00793638 -0.00667825   0.0537014 0.000970584 -0.0112205 -0.0231854   0.043421   0.00468271 -0.000784114   0.00359137   0.005371 0.00192452  0.0118603   0.0133761 0.000762255  -0.0144455  -0.490806 -0.0499637   -9.79659 
             127.001 -0.0307515   0.101482  0.0136405 -0.00994134  -0.0145155 -0.00916427  -0.0066771   0.0537001 0.000970817  -0.011221 -0.0231841  0.0434213   0.00260051  0.000189127 -0.000944674 0.00537572 0.00192704  0.0118458   0.0134304 0.000744299  -0.0142869  -0.490808 -0.0499627   -9.79659 
               127.1 -0.00897951   0.0650781   0.0121009 -0.00830941  -0.0148882 -0.00917638 -0.00667546   0.0536964 0.000970844  -0.011221 -0.0231843  0.0434206   0.00587901 -0.000923656 -0.000366281 0.00536561 0.00194639  0.0118469   0.0133076 0.000778612  -0.0142859  -0.490805 -0.0499647   -9.79659 
             127.201 -0.0455985    0.11356  0.0127585 -0.00853714  -0.0145298  -0.0109763 -0.00667067   0.0537028 0.000971414 -0.0112188 -0.0231829  0.0434203 0.00476144 0.00132349 -0.0056944  0.0053872 0.00192247  0.0118442   0.0133841 0.000739276  -0.0141096  -0.490807 -0.0499633   -9.79659 
               127.3 -0.0111747  0.0972192  0.0437708 -0.00713836  -0.0144573  -0.0113592 -0.00667191   0.0536918 0.000972861 -0.0112189 -0.0231835  0.0434204  0.00754583 0.000807551 -0.00518302 0.00536805  0.0019327  0.0118277   0.0133048 0.000743501  -0.0141312 -0.490806 -0.049964  -9.79659 
             127.402 -0.0190553  0.0778734  0.0169851  -0.0073324  -0.0137359 -0.00912178  -0.0066819   0.0537011 0.000966877 -0.0112178 -0.0231836  0.0434205 0.00482901 0.00241698 0.00330246 0.00537111  0.0019441  0.0118417   0.0133813 0.000685405  -0.0144009  -0.490806 -0.0499607   -9.79659 
             127.501  -0.0774252   0.0612085 -0.00219686 -0.00803426  -0.0142958 -0.00964554 -0.00668622   0.0537095 0.000963233 -0.0112175  -0.023183  0.0434197 0.000624759  0.00163605 0.000713701 0.00540522 0.00195478  0.0118533   0.0134756 0.000770611  -0.0143167  -0.490808 -0.0499623   -9.79659 
               127.6 0.0279141  0.106858 0.0278608 -0.00779107  -0.0140557  -0.0093196 -0.00668418   0.0537099  0.00096331 -0.0112177 -0.0231825  0.0434193  0.00119837 0.000771273  0.00175516 0.00534457   0.001929  0.0118356   0.0134683 0.000746652  -0.0143415  -0.490808 -0.0499618   -9.79659 
             127.702 -0.0422183  0.0867918  0.0212445 -0.00878991  -0.0142415  -0.0105234 -0.00667929   0.0537213 0.000961131 -0.0112178 -0.0231808  0.0434192 -0.00213767  0.00075429   -0.002438  0.0053821 0.00194037  0.0118377   0.0135642 0.000773587  -0.0142047  -0.490808 -0.0499634   -9.79659 
             127.802 -0.0634212  0.0734619 0.00666777  -0.0103695  -0.0152064 -0.00922808 -0.00669965    0.053727 0.000951888 -0.0112165  -0.023183  0.0434183  -0.0060078 -0.00266281  0.00258638 0.00539566 0.00194785  0.0118467   0.0136762 0.000876648  -0.0143565  -0.490811 -0.0499637   -9.79659 
             127.899 -0.0364114  0.0978461  0.0314563  -0.0124671  -0.0161699 -0.00963443 -0.00670775   0.0537462 0.000947698 -0.0112165  -0.023183  0.0434181 -0.00981114 -0.00467347 0.000678285 0.00538221 0.00193571   0.011833      0.0138 0.000942486  -0.0142918  -0.490812 -0.0499646   -9.79659 
             128.002 -0.0476056  0.0881515 -0.0224764 -0.0115751 -0.0140631 -0.0092192 -0.00667479   0.0537322 0.000970599 -0.0112198 -0.0231814   0.043418 -0.00417021  0.00370987  0.00150059 0.00538813 0.00194063  0.0118601   0.0136468 0.000713313  -0.0143247  -0.490809 -0.0499619   -9.79659 
             128.101 -0.00197708    0.082008   0.0442365 -0.00977067  -0.0139112 -0.00874957 -0.00667882   0.0537071 0.000966102 -0.0112202 -0.0231832   0.043418 0.00122267 0.00277051 0.00316839 0.00536242 0.00194485  0.0118234   0.0134627 0.000734109  -0.0143569  -0.490808 -0.0499624   -9.79659 
             128.201 -0.0188419  0.0920881   0.015372 -0.00811642  -0.0134379 -0.00870067  -0.0066733   0.0536931 0.000966949 -0.0112202  -0.023183  0.0434183 0.00550806 0.00365628 0.00199478 0.00537127 0.00193843  0.0118383   0.0133419 0.000716721   -0.014334  -0.490806 -0.0499633   -9.79659 
             128.302 -0.0246268   0.105218  0.0313414 -0.00829517  -0.0146502 -0.00929722 -0.00669118   0.0537019 0.000965802 -0.0112202 -0.0231823  0.0434171    0.0035902  -0.00114574 -0.000379843 0.00537509 0.00193171  0.0118317   0.0134043 0.000861244  -0.0142547  -0.490807 -0.0499654   -9.79659 
             128.402 -0.00807126   0.0802209    0.010531 -0.00749864  -0.0143766 -0.00972372 -0.00668552   0.0536988 0.000968746 -0.0112207 -0.0231824  0.0434168   0.00502851 -0.000594246  -0.00158128 0.00536489 0.00194642  0.0118451   0.0133688 0.000820985  -0.0142156  -0.490806 -0.0499651   -9.79659 
               128.5 -0.0141585    0.10917  0.0333681 -0.00796987   -0.014533 -0.00944547 -0.00668723   0.0537081 0.000968065 -0.0112209 -0.0231825  0.0434165   0.00328095  -0.00124784 -0.000359169 0.00536754 0.00193001  0.0118347   0.0134525 0.000830133  -0.0142558  -0.490807 -0.0499651   -9.79659 
             128.601 -0.0205907   0.121842  0.0247857 -0.00956327  -0.0131924  -0.0104755 -0.00667075    0.053727 0.000974936 -0.0112207 -0.0231822  0.0434166   -0.001733  0.00341345 -0.00309073 0.00537153 0.00192415  0.0118386   0.0136145 0.000690188  -0.0141511  -0.49081 -0.049963  -9.79659 
               128.7 -0.00860892    0.095546   0.0227695 -0.0104005 -0.0145749 -0.0102104 -0.00668636   0.0537331 0.000971447 -0.0112197 -0.0231821  0.0434173 -0.00339577 -0.00225701 -0.00137736  0.0053661 0.00193924  0.0118388   0.0136643 0.000850517  -0.0142103   -0.49081 -0.0499657   -9.79659 
             128.802 -0.0488836  0.0837653  0.0123769 -0.00877824  -0.0150324 -0.00958738 -0.00668968   0.0537168 0.000960773 -0.0112191 -0.0231828  0.0434158  0.00146011 -0.00195209  0.00100306 0.00538602  0.0019467  0.0118421   0.0134983 0.000881761   -0.014289  -0.490806 -0.0499662   -9.79659 
             128.901 -0.0295507   0.118641 0.00389864   -0.010634   -0.014637 -0.00899159 -0.00668321   0.0537375 0.000971656 -0.0112196 -0.0231831  0.0434144 -0.00373386 4.93168e-05  0.00238384 0.00537354 0.00192647  0.0118478   0.0136729 0.000818062  -0.0143355  -0.490809 -0.0499654   -9.79659 
             129.002 -0.059295  0.109583 0.0343043  -0.0100615  -0.0141087 -0.00987658 -0.00667817   0.0537288 0.000968392 -0.0112192 -0.0231829  0.0434147 -0.00110396   0.0023972 -0.00149403 0.00539184 0.00193056  0.0118307    0.013597 0.000772216  -0.0142252  -0.490808 -0.0499652   -9.79659 
             129.101 -0.0408807  0.0528011 0.00205071 -0.00948148  -0.0134755   -0.009767 -0.00667572   0.0537233 0.000969945 -0.0112189 -0.0231825  0.0434136    0.0007488   0.00329085 -0.000959515 0.00538434  0.0019583  0.0118485   0.0135345 0.000735058  -0.0142482  -0.490807 -0.0499645   -9.79659 
             129.202 -0.0234419  0.0941718  0.0198378 -0.00929363  -0.0136812 -0.00971923 -0.00668039   0.0537215 0.000966946 -0.0112192 -0.0231823  0.0434142   0.00205552   0.00149736 -0.000821236 0.00537439 0.00193589  0.0118404   0.0135279 0.000788377  -0.0142629  -0.490807 -0.0499652   -9.79659 
             129.302  -0.0451186    0.122091 -0.00484906 -0.00773566  -0.0143521 -0.00921261 -0.00668563   0.0537127 0.000966763 -0.0112196 -0.0231822   0.043415  0.00651904 -0.00128881  0.00165889 0.00538307 0.00192202  0.0118524    0.013417 0.000869657   -0.014323  -0.490806 -0.0499663   -9.79659 
             129.402 -0.0339291  0.0924715  0.0255155  -0.0111014  -0.0148564 -0.00940057 -0.00668804    0.053723 0.000977693 -0.0112199 -0.0231802  0.0434162  -0.00493987  -0.00205958 -0.000634159 0.00537633 0.00193831  0.0118358   0.0137482 0.000901482  -0.0142959  -0.490812 -0.0499656   -9.79659 
             129.502 -0.00948417   0.0738112   0.0434858 -0.00891637  -0.0144976 -0.00929316 -0.00668749   0.0537221 0.000960688 -0.0112193 -0.0231815  0.0434144   0.00166246 -0.000896954  0.000938273 0.00536147 0.00194904  0.0118261   0.0135262 0.000843483  -0.0143222  -0.490807 -0.0499653   -9.79659 
             129.603 -0.0648632  0.0850947  0.0279352 -0.0112475 -0.0147295 -0.0097571 -0.00668956   0.0537098  0.00098035 -0.0112192  -0.023181  0.0434141  -0.00550095 -0.000123861  -0.00125264 0.00539047 0.00194232  0.0118306   0.0137374 0.000864576  -0.0142678  -0.490813 -0.0499653   -9.79659 
             129.702 -0.0121152   0.123654  0.0127885   -0.012449   -0.014237 -0.00874688 -0.00668563   0.0537134 0.000987022 -0.0112209 -0.0231804  0.0434132 -0.00619925 0.000407998  0.00289835 0.00536016 0.00191977  0.0118385   0.0137969 0.000812148  -0.0143743  -0.490814 -0.0499636   -9.79659 
             129.801 0.0136943   0.11991 0.0273341  -0.0119138  -0.0139626 -0.00771578 -0.00668517   0.0536998 0.000988481  -0.011221 -0.0231796  0.0434133 -0.00213641 0.000136412  0.00492971 0.00534534 0.00192274  0.0118303    0.013699 0.000792203  -0.0144513  -0.490813 -0.0499626   -9.79659 
             129.902 -0.029156 0.0985775 0.0391981  -0.0107708  -0.0146755 -0.00908411 -0.00669263   0.0536991 0.000982125 -0.0112225 -0.0231777  0.0434119  0.00149965 -0.00144254 -0.00036032 0.00536896 0.00193514  0.0118234    0.013578 0.000869108  -0.0142699  -0.490811 -0.0499641   -9.79659 
             130.005 0.0112104  0.105463 0.0120053  -0.0106399  -0.0138189 -0.00845965 -0.00667694   0.0536972  0.00099177 -0.0112228 -0.0231774  0.0434113 0.00113124 0.00133756 0.00179502 0.00534605 0.00193332  0.0118402   0.0135815 0.000766366  -0.0143332  -0.490811 -0.0499632   -9.79659 
             130.101 0.0314085  0.128003 0.0552537  -0.0111022  -0.0149197 -0.00868909 -0.00669404   0.0537071 0.000987513 -0.0112235 -0.0231773  0.0434119 -0.00033428 -0.00277117 0.000361843 0.00533456 0.00192008  0.0118156   0.0136348 0.000874876  -0.0142938  -0.490811 -0.0499642   -9.79659 
             130.202 -0.0229706  0.0879491 0.00743861  -0.0101215  -0.0148967 -0.00836005 -0.00669019   0.0536944 0.000988375 -0.0112234 -0.0231772  0.0434116  0.00253895 -0.00194936  0.00117792 0.00536225 0.00194142  0.0118376  0.0135494 0.00084854 -0.0143246   -0.49081 -0.0499639   -9.79659 
               130.3 -0.0222422   0.127518  0.0434062 -0.0108283 -0.0144251 -0.0095837 -0.00668462   0.0537039 0.000991048 -0.0112214 -0.0231762  0.0434112  0.000780969 -0.000194135  -0.00309884  0.0053616 0.00191855  0.0118174   0.0136362 0.000781666  -0.0141888  -0.490813 -0.0499614   -9.79659 
             130.402 -0.0397142  0.0807046 0.00598354  -0.0101472  -0.0138622 -0.00965015 -0.00667963    0.053697 0.000995743 -0.0112215  -0.023176   0.043411   0.0025879  0.00165935 -0.00244967 0.00537043 0.00194425   0.011837   0.0135816 0.000732343  -0.0142113  -0.490813 -0.0499607   -9.79659 
             130.502  -0.0104713   0.0774007 -0.00169601 -0.00973352  -0.0137099 -0.00926099 -0.00667696   0.0536946 0.000995501 -0.0112213 -0.0231753   0.043411   0.00283053   0.00131675 -4.24466e-05 0.00535577 0.00194693  0.0118417   0.0135639 0.000733477  -0.0142744  -0.490812 -0.0499612   -9.79659 
             130.602 0.000821416   0.0935128   0.0481855  -0.009969 -0.0136851 -0.0102688 -0.00668043   0.0536975 0.000995297 -0.0112206 -0.0231756  0.0434108 0.00120229 0.00110264 -0.0033793  0.0053491 0.00193933  0.0118139   0.0136066 0.000739649  -0.0141788 -0.490813 -0.049961  -9.79659 
             130.701 -0.0488569  0.0995302  0.0162634 -0.00977319   -0.015105   -0.009922 -0.00669428   0.0536965 0.000991711 -0.0112204 -0.0231766  0.0434088  0.00123274 -0.00256958 -0.00131011 0.00537532  0.0019365  0.0118323  0.0135992 0.00089035  -0.014249  -0.490813 -0.0499632   -9.79659 
             130.802 -0.0531458  0.0996247  0.0130072 -0.0108924 -0.0159012 -0.0109264 -0.00669961   0.0537063 0.000993545 -0.0112203 -0.0231765  0.0434086 -0.00220444 -0.00331639 -0.00415943 0.00537594 0.00193708  0.0118325   0.0137072 0.000938839  -0.0141631  -0.490814 -0.0499638   -9.79659 
               130.9 -0.111993 0.0474975  0.022813 -0.00796187  -0.0160291  -0.0106283 -0.00670773   0.0536844 0.000987464 -0.0112191 -0.0231786  0.0434053  0.00607468 -0.00167724 -0.00184938 0.00540935 0.00196502  0.0118296   0.0134385 0.000934623  -0.0142338  -0.490811 -0.0499629   -9.79659 
             131.001 -0.0773779  0.0656366  0.0136906 -0.00672627  -0.0157516  -0.0107948 -0.00670449    0.053681 0.000988899 -0.0112192 -0.0231785  0.0434049   0.00816158 -0.000488473  -0.00145566 0.00539083 0.00195345  0.0118352   0.0133875 0.000894682  -0.0142342   -0.49081 -0.0499624   -9.79659 
             131.102 -0.0606978   0.105903  0.0183529 -0.00880635  -0.0135132  -0.0104815 -0.00669636    0.053705 0.000992158 -0.0112195 -0.0231782  0.0433982  0.000691114   0.00684559 -3.12505e-05 0.00538196 0.00193228  0.0118334   0.0136323 0.000682725  -0.0142705  -0.490813 -0.0499574   -9.79659 
             131.202 0.00025162  0.0909508  0.0305221 -0.00769006  -0.0131631 -0.00958808 -0.00670511   0.0536895 0.000991512 -0.0112196 -0.0231764   0.043399 0.00335034 0.00532311 0.00320675 0.00534725  0.0019405  0.0118268    0.013539 0.000714703  -0.0143583 -0.490813 -0.049955  -9.79659 
             131.302 -0.0170941   0.104304  0.0523453 -0.00728615  -0.0147293 -0.00829079  -0.0067368   0.0536884 0.000989128 -0.0112213 -0.0231767  0.0433988   0.00354399 -0.000543131   0.00618558 0.00535862 0.00193323  0.0118149   0.0135305 0.000915338  -0.0144556  -0.490814 -0.0499543   -9.79659 
             131.402 0.0151852  0.118068 0.0372433  -0.0111559   -0.014575 -0.00931936 -0.00672537   0.0537387  0.00099611 -0.0112214 -0.0231781  0.0433983  -0.00860889 -0.000117442   0.00133335 0.00533935 0.00192614  0.0118217   0.0138842 0.000876841  -0.0142911  -0.490817 -0.0499571   -9.79659 
             131.502 -0.0217165  0.0924206 0.00370912  -0.0114225  -0.0149626 -0.00986313 -0.00672909   0.0537355 0.000995508 -0.0112216 -0.0231768  0.0433975  -0.00690112  -0.00126602 -0.000701902 0.00535835 0.00193929  0.0118392   0.0138372 0.000912137  -0.0142259  -0.490816 -0.0499576   -9.79659 
             131.601 -0.0173788  0.0790363  0.0135628  -0.0118815   -0.015539 -0.00920312  -0.0067359   0.0537309 0.000991942  -0.011221 -0.0231772  0.0433971 -0.00614858 -0.00345997  0.00207934 0.00535676 0.00194631  0.0118332   0.0138172 0.000953108  -0.0142973  -0.490815 -0.0499581   -9.79659 
             131.701 -0.0776647  0.0759572  0.0274497  -0.0111417  -0.0155404 -0.00949012 -0.00673432   0.0537165 0.000994314  -0.011221 -0.0231765  0.0433971 -0.00317706 -0.00123093  0.00213053 0.00539146 0.00194814  0.0118248   0.0136998 0.000937971  -0.0142479  -0.490814 -0.0499573   -9.79659 
             131.802 -0.0638233  0.0936546 0.00418425 -0.0111546 -0.0150429 -0.0081986 -0.00672522   0.0537067  0.00100018 -0.0112219 -0.0231763  0.0433973 -0.00262155  0.00138768  0.00557121 0.00538444 0.00193687  0.0118372   0.0136717 0.000887307  -0.0143494  -0.490815 -0.0499572   -9.79659 
             131.902 -0.0274468   0.112933 -0.0112598 -0.00961087  -0.0140163 -0.00863377 -0.00669764   0.0536854  0.00101792 -0.0112215 -0.0231774  0.0433967  0.0031113 0.00277461 0.00305413 0.00536407 0.00192701  0.0118467   0.0135276 0.000797527  -0.0142551  -0.490813 -0.0499583   -9.79659 
             132.001 -0.00414365   0.0965869 -0.00147348 -0.00953957  -0.0136686 -0.00807584 -0.00669621   0.0536869  0.00101975 -0.0112213  -0.023177  0.0433967 0.00189406 0.00340515 0.00383999 0.00534904 0.00193561  0.0118403   0.0135474 0.000789732  -0.0142818  -0.490813 -0.0499578   -9.79659 
             132.101 -0.0313325  0.0911113  0.0251684 -0.00960221  -0.0149693 -0.00963907 -0.00673461   0.0537023  0.00100542 -0.0112236 -0.0231755  0.0433958  0.00131872 -0.00165618 -0.00184388 0.00536539 0.00193908  0.0118256    0.013568 0.000939154   -0.014092  -0.490814 -0.0499598   -9.79659 
               132.2 -0.0623752  0.0781495 0.00220298 -0.00956748  -0.0142377  -0.0102086 -0.00671992   0.0537083  0.00101385 -0.0112242  -0.023175  0.0433967  0.00140976  0.00150292 -0.00307595 0.00538234 0.00194713  0.0118392   0.0135766 0.000860184   -0.014051  -0.490813 -0.0499595   -9.79659 
               132.3 0.00257984  0.0922907  0.0206651 -0.00708701  -0.0134402  -0.0087916 -0.00669682   0.0536684  0.00100758 -0.0112246 -0.0231731  0.0433965 0.00853353 0.00284643 0.00193437 0.00534831 0.00193926  0.0118298   0.0133823 0.000800302   -0.014221  -0.490812 -0.0499607   -9.79659 
             132.402 -0.0064672  0.0866978  0.0239142 -0.00783717  -0.0140969 -0.00956251  -0.006713  0.0536875 0.00101023 -0.0112246  -0.023173  0.0433965   0.00408628 -3.45554e-05 -0.000742763 0.00535382 0.00194288  0.0118293   0.0135118 0.000889665  -0.0141247  -0.490813 -0.0499608   -9.79659 
             132.502 -0.0386406   0.104907 -0.0121621 -0.00737633  -0.0145312  -0.0100584 -0.00671672   0.0536856  0.00101078 -0.0112239 -0.0231725  0.0433959  0.00401547 -0.00019926 -0.00233978 0.00537243 0.00193289  0.0118479   0.013505 0.00093973 -0.0140849  -0.490813 -0.0499617   -9.79659 
             132.601  -0.022791   0.107626 0.00197091 -0.00575907  -0.0149797 -0.00993341 -0.00671845   0.0536763  0.00101379 -0.0112239 -0.0231722  0.0433962  0.00767169  -0.0015152 -0.00148534 0.00536301 0.00193277  0.0118398   0.0134056 0.000977285  -0.0141216  -0.490812 -0.0499628   -9.79659 
             132.702 -0.022807  0.109439 0.0349963 -0.00651557  -0.0146379  -0.0100452 -0.00671666   0.0536858  0.00100776 -0.0112233 -0.0231712   0.043396   0.0037719 0.000346578 -0.00168438 0.00536275 0.00193095  0.0118219   0.0135386 0.000926252  -0.0141235 -0.490814 -0.049961  -9.79659 
             132.802 0.0236074   0.12736 0.0508047 -0.00923832  -0.0147033 -0.00951154 -0.00671857   0.0536983 0.000994973 -0.0112235 -0.0231683  0.0433949 -0.00410073 -0.00129296 0.000399206 0.00533702 0.00192166  0.0118133   0.0138049 0.000921131  -0.0141877  -0.490818 -0.0499591   -9.79659 
             132.902 -0.0311104  0.0817018  0.0372959 -0.00829501  -0.0150575 -0.00925293 -0.00672227   0.0536956  0.00099991 -0.0112229 -0.0231683  0.0433931 -0.000228868  -0.00196369   0.00102602 0.00536891 0.00194681  0.0118218    0.013687 0.000950301  -0.0142102  -0.490816 -0.0499597   -9.79659 
             133.002 0.0171125 0.0903477 0.0118471  -0.0122481   -0.013891 -0.00808303 -0.00671391   0.0537087 0.000991511 -0.0112245 -0.0231711  0.0433928 -0.0112322 0.00143102 0.00454616 0.00534556 0.00194276  0.0118364   0.0140142 0.000814794  -0.0143054  -0.490821 -0.0499592   -9.79659 
             133.102 -0.0125292   0.101874 0.00730875  -0.0104768  -0.0139363 -0.00877601 -0.00671793   0.0536936 0.000999915 -0.0112238  -0.023169  0.0433934 -0.00304697  0.00111067  0.00110808  0.0053621 0.00193646  0.0118388   0.0137738 0.000842001  -0.0141982  -0.490818 -0.0499573   -9.79659 
               133.2 -0.0226078   0.127289  0.0322499  -0.0113256   -0.014552 -0.00911813 -0.00672414   0.0536974 0.000999362  -0.011224 -0.0231685  0.0433928  -0.00420458 -0.000267115 -0.000513733 0.00536571 0.00192376  0.0118233  0.0138228 0.00091116 -0.0141552 -0.490818 -0.049958  -9.79659 
             133.301 -0.0451139  0.0758729 0.00809687 -0.00896724  -0.0137618 -0.00953691 -0.00671948   0.0536799  0.00100295 -0.0112248 -0.0231674   0.043391 0.00292777 0.00274465 -0.0012682 0.00537842 0.00194986  0.0118396   0.0135898 0.000838595  -0.0141206  -0.490816 -0.0499561   -9.79659 
               133.4 -0.0496223  0.0802453 0.00332462 -0.00786097  -0.0137248  -0.0101773 -0.00672066   0.0536741  0.00100442 -0.0112249 -0.0231673  0.0433909  0.00536791  0.00203113 -0.00317264  0.0053778 0.00194786  0.0118386   0.0135249 0.000860432  -0.0140718  -0.490815 -0.0499562   -9.79659 
             133.502 -0.0867739  0.0609703 0.00875318 -0.00793807  -0.0139103  -0.0102267 -0.0067273  0.0536773  0.0010014 -0.0112249 -0.0231674  0.0433907   0.0035379  0.00180879 -0.00211694 0.00539943 0.00195938  0.0118365   0.0135716 0.000904929  -0.0140949  -0.490816 -0.0499564   -9.79659 
             133.602 0.000936961   0.0898016   0.0385613  -0.0102268  -0.0142604 -0.00957453 -0.00673211   0.0536973  0.00100325 -0.0112261 -0.0231632  0.0433904  -0.00353873 -0.000867779  0.000958624 0.00535187 0.00194401  0.0118206   0.0137873 0.000942944  -0.0141747 -0.490819 -0.049955  -9.79659 
               133.7 -0.0107051   0.102342  0.0433083 -0.00959784  -0.0147957  -0.0087023 -0.00673887   0.0536871  0.00100414 -0.0112269 -0.0231631  0.0433911 -0.000237141  -0.00223456   0.00293523 0.00536014 0.00193907    0.01182   0.0137056 0.000990423  -0.0142534  -0.490819 -0.0499545   -9.79659 
               133.8 0.0225345  0.117654 0.0165403  -0.0115426  -0.0146598 -0.00840332 -0.00673696    0.053704  0.00100535 -0.0112273 -0.0231641  0.0433899 -0.00570565 -0.00153877  0.00322129 0.00533954 0.00193085   0.011835   0.0138658 0.000946529  -0.0142502   -0.49082 -0.0499537   -9.79659 
             133.901 -0.0353977   0.114694  0.0119846  -0.0112454  -0.0136365 -0.00859126 -0.00672434   0.0536967   0.0010082  -0.011228 -0.0231627  0.0433922 -0.00358331   0.0029157  0.00259921 0.00536927 0.00193328  0.0118354   0.0137981 0.000841051  -0.0141995   -0.49082 -0.0499525   -9.79659 
             134.001 -0.0103065  0.0829058  0.0339415 -0.00891822  -0.0140323 -0.00852617 -0.00673548   0.0536769  0.00100819 -0.0112283 -0.0231634    0.04339  0.00446546 0.000625408  0.00043151 0.00536053 0.00194822  0.0118264   0.0135743 0.000907239  -0.0141915  -0.490817 -0.0499526   -9.79659 
             134.102 -0.0490357  0.0799765  0.0550985 -0.00727194  -0.0149886  -0.0104407 -0.00674066   0.0536755  0.00101042 -0.0112298 -0.0231618  0.0433885  0.00754633 -0.00257507  -0.0046348 0.00537852 0.00194847  0.0118138  0.0134741 0.00100369 -0.0140026  -0.490816 -0.0499529   -9.79659 
             134.202 -0.0493732   0.114318  0.0324771 -0.00871681  -0.0148367 -0.00998726 -0.00673886   0.0536904  0.00100831 -0.0112309 -0.0231632  0.0433873   0.00198136  -0.00217753 -0.000607595 0.00537974 0.00192759  0.0118277   0.0136572 0.000968784  -0.0140851  -0.490818 -0.0499533   -9.79659 
             134.302 -0.0281844  0.0924585  0.0200694  -0.0105226   -0.014457 -0.00987962 -0.00673011    0.053706  0.00101319 -0.0112312 -0.0231639  0.0433869  -0.00401545   6.7523e-06 -0.000596432 0.00536745 0.00194004   0.011832    0.013815 0.000907914  -0.0140969   -0.49082 -0.0499539   -9.79659 
             134.402  -0.0137018    0.078396 -0.00435351   -0.011156  -0.0142484 -0.00852285 -0.00671308    0.053702  0.00101686 -0.0112305 -0.0231628  0.0433868 -0.00524106 0.000765948  0.00400934 0.00536136 0.00194738  0.0118475   0.0138312 0.000888541  -0.0142309  -0.490821 -0.0499541   -9.79659 
             134.501 0.00490712   0.103595  0.0161983  -0.0101202  -0.0149817 -0.00746682  -0.0067193   0.0536795 0.000997108 -0.0112316 -0.0231628  0.0433882 -0.000644907  -0.00241479    0.0058037 0.00534919 0.00193321  0.0118339   0.0137093 0.000960851  -0.0142974   -0.49082 -0.0499541   -9.79659 
             134.601 -0.0158562  0.0994366  0.0247441 -0.00803956  -0.0155605  -0.0084169 -0.00673118   0.0536623 0.000978556 -0.0112317 -0.0231628  0.0433883  0.00562234 -0.00346404  0.00159473 0.00535911  0.0019368  0.0118301  0.0135352 0.00099362 -0.0141511  -0.490818 -0.0499542   -9.79659 
               134.7 -0.0225824  0.0820482  0.0177648 -0.00841111  -0.0142695 -0.00932326 -0.00671707   0.0536773 0.000994349 -0.0112323 -0.0231621  0.0433896  0.00338966  0.00169904 -0.00223097  0.0053609 0.00194533  0.0118328   0.0136157 0.000838237  -0.0140454  -0.490818 -0.0499518   -9.79659 
               134.8 -0.00787932   0.0784145  0.00940399 -0.00814583  -0.0138022  -0.0103312  -0.0067153   0.0536805 0.000995699 -0.0112327 -0.0231623  0.0433896  0.00314449  0.00217094 -0.00431578 0.00535051 0.00194862  0.0118341  0.0136197 0.00080806  -0.013968 -0.490818 -0.049951  -9.79659 
             134.902 -0.00329006    0.128617   0.0489284 -0.00993709  -0.0149565  -0.0100534 -0.00672492   0.0536975 0.000998583 -0.0112353 -0.0231606  0.0433877 -0.00217679 -0.00237298 -0.00212351  0.0053489 0.00192062  0.0118129   0.0137972 0.000937678  -0.0140388   -0.49082 -0.0499523   -9.79659 
             135.002 -0.00544035    0.075413   -0.011615  -0.0100026  -0.0136632 -0.00932428 -0.00671314   0.0536961  0.00100421 -0.0112363 -0.0231603  0.0433873 -0.00223585  0.00243542 0.000352932 0.00535317 0.00195022  0.0118483  0.0137802  0.0007925 -0.0141292  -0.49082 -0.049951  -9.79659 
             135.102 -0.0425255  0.0724071 0.00335603 -0.00959733  -0.0148218 -0.00904287 -0.00672509   0.0536913  0.00100392 -0.0112359 -0.0231606  0.0433854 -0.00119251 -0.00127165  0.00152387 0.00537324 0.00195169  0.0118396   0.0137241 0.000931684  -0.0141551 -0.490819 -0.049953  -9.79659 
             135.202 -0.0245488  0.0944129  0.0227774  -0.0100305  -0.0152949 -0.00840507 -0.00672624   0.0536933  0.00100443 -0.0112364 -0.0231603  0.0433854 -0.00197727 -0.00218135  0.00291626 0.00536321 0.00194102  0.0118287   0.0137542 0.000961688  -0.0142036   -0.49082 -0.0499536   -9.79659 
             135.303 -0.0656309  0.0809809  0.0131902  -0.0088454   -0.015087 -0.00945358 -0.00671834   0.0536907  0.00100906 -0.0112365 -0.0231591  0.0433857   0.00204393 -0.000462717  -0.00120558 0.00538603 0.00194747   0.011832   0.0136403 0.000927066   -0.014076 -0.490817 -0.049954  -9.79659 
             135.399 -0.0482001  0.0870848  0.0318885  -0.0106569  -0.0149363 -0.00865817 -0.00672038   0.0536981  0.00100811 -0.0112365 -0.0231581  0.0433855 -0.00312974 0.000311698  0.00123559 0.00537682 0.00194347  0.0118233  0.0138045 0.00091119 -0.0141633   -0.49082 -0.0499523   -9.79659 
             135.501 -0.0419894   0.101748 0.00772324 -0.00977418  -0.0154812 -0.00862732 -0.00672171    0.053691  0.00100607 -0.0112362 -0.0231577  0.0433863 0.000565761   -0.001163  0.00115826 0.00537354  0.0019351  0.0118357   0.0137056 0.000969062  -0.0141568  -0.490819 -0.0499537   -9.79659 
               135.6 -0.107553 0.0957238 0.0100696  -0.0104643  -0.0161861 -0.00802342 -0.0067295  0.0536925 0.00100394 -0.0112361 -0.0231585  0.0433853 -0.00181908 -0.00144953  0.00287492 0.00541237  0.0019387  0.0118346  0.0137649 0.00103636 -0.0142032   -0.49082 -0.0499536   -9.79659 
             135.703 -0.00797406   0.0580863   0.0189486 -0.00843445  -0.0156048 -0.00890545 -0.00672649   0.0536865 0.000997022 -0.0112373 -0.0231619  0.0433815   0.00346993  0.000226396 -0.000791681 0.00536279  0.0019581  0.0118321   0.0135775 0.000955847  -0.0140913  -0.490817 -0.0499549   -9.79659 
             135.802 -0.0331928  0.0673615  0.0340579 -0.00764349  -0.0151994   -0.008942 -0.00672401    0.053684 0.000995904 -0.0112371  -0.023162  0.0433815    0.0043002   0.00203528 -0.000731842 0.00537719  0.0019528  0.0118235  0.0135417 0.00092107 -0.0140936  -0.490816 -0.0499545   -9.79659 
               135.9 -0.00992474    0.105871   0.0349037 -0.00863096   -0.014081 -0.00955121 -0.00671441   0.0536976  0.00100104 -0.0112364 -0.0231622  0.0433801 0.000926117  0.00452344 -0.00241747  0.0053636 0.00193226  0.0118237   0.0136666 0.000826332  -0.0140378  -0.490817 -0.0499542   -9.79659 
             136.001 -0.0185599   0.117302  0.0162049  -0.0119772  -0.0135097 -0.00835528 -0.00671945   0.0537149  0.00100071 -0.0112375 -0.0231641  0.0433783 -0.00779813   0.0044157  0.00210798 0.00536812  0.0019264  0.0118352   0.0139525 0.000811795  -0.0141728  -0.490822 -0.0499525   -9.79659 
             136.101 -0.0113645   0.072581 0.00903297  -0.0118805  -0.0129912 -0.00778861 -0.00671981   0.0537057  0.00100267 -0.0112371 -0.0231636  0.0433777 -0.00570672  0.00398416  0.00363199 0.00536564  0.0019522  0.0118381   0.0138721 0.000807545  -0.0142082 -0.490821 -0.049952  -9.79659 
             136.202  -0.0104159    0.100077 -0.00370907 -0.00944083  -0.0128573 -0.00931026 -0.00672072    0.053685  0.00100527 -0.0112367  -0.023162   0.043378  0.00311892  0.00331076 -0.00249122  0.0053657 0.00193594  0.0118457   0.0136193 0.000837262  -0.0140291  -0.490818 -0.0499519   -9.79659 
             136.303 -0.0183932   0.099422  0.0225772 -0.00887517  -0.0148206 -0.00933133 -0.00674319   0.0536824  0.00100144 -0.0112386 -0.0231624  0.0433761  0.00275533 -0.00310265 -0.00134272 0.00536984 0.00193709  0.0118281  0.0135922 0.00105857 -0.0140537  -0.490818 -0.0499543   -9.79659 
             136.402 -0.0164015  0.0749446  0.0234495 -0.00880234  -0.0148884 -0.00904747 -0.00673842   0.0536833  0.00100317 -0.0112381 -0.0231623  0.0433761  0.00177698 -0.00292207 0.000661901 0.00536936 0.00195032  0.0118297  0.0136111 0.00102416 -0.0140938  -0.490818 -0.0499542   -9.79659 
             136.502 0.00466052  0.0962819  0.0126883  -0.0107602  -0.0148145 -0.00887481 -0.00673788   0.0537024  0.00101745 -0.0112382 -0.0231627  0.0433754 -0.00452557 -0.00259274  0.00241073 0.00535472 0.00193632  0.0118337   0.0137925 0.000977369   -0.014091   -0.49082 -0.0499526   -9.79659 
             136.603 -0.0305578   0.113945 0.00944671 -0.00923392  -0.0145075 -0.00804287 -0.00671967   0.0536686  0.00101533 -0.0112388 -0.0231631  0.0433768  0.00264638 -0.00192381  0.00310366 0.00537414 0.00192824  0.0118362   0.0136335 0.000920104  -0.0141502  -0.49082 -0.049954  -9.79659 
             136.701 0.00859889   0.113359  0.0256013  -0.0100461  -0.0144688 -0.00831606 -0.00672233   0.0536971  0.00103326 -0.0112386 -0.0231635  0.0433764 -0.000368808  -0.00179689   0.00234314 0.00534931  0.0019281  0.0118261     0.01372 0.000891355  -0.0140838  -0.490819 -0.0499525   -9.79659 
               136.8 -0.00822687   0.0750907   0.0079501 -0.00875988  -0.0142106 -0.00773638 -0.00670764   0.0536719  0.00101681 -0.0112382 -0.0231633  0.0433753   0.00277173 -0.000464461   0.00333076 0.00535909 0.00194896  0.0118381    0.013605 0.000851067  -0.0141213  -0.490818 -0.0499537   -9.79659 
             136.902   -0.0227636     0.106233 -0.000241296 -0.0100241 -0.0137685  -0.007403 -0.00670277   0.0536963   0.0010412 -0.0112384 -0.0231638   0.043375 -0.00110706   0.0012162  0.00330024 0.00536636 0.00193202  0.0118402   0.0137403 0.000802178  -0.0141188  -0.490819 -0.0499526   -9.79659 
             137.001  0.00390109    0.110162 -0.00626497  -0.0105276  -0.0134692 -0.00851909 -0.00671677   0.0537016  0.00104487 -0.0112382 -0.0231647  0.0433748 -0.00208838  0.00119192 -0.00116752 0.00535001 0.00193015  0.0118398   0.0137779 0.000777196  -0.0139768  -0.490819 -0.0499499   -9.79659 
               137.1 0.00163888  0.0842168  0.0185674 -0.00935404  -0.0150744 -0.00994295 -0.00673846   0.0536858  0.00103903 -0.0112405 -0.0231654  0.0433739   0.0021893 -0.00425511 -0.00540288 0.00535066 0.00194291  0.0118238   0.0136606 0.000939428  -0.0138511   -0.49082 -0.0499511   -9.79659 
             137.202 -0.051589 0.0707505  0.010349 -0.00920473  -0.0157442  -0.0101303 -0.0067415  0.0536859 0.00103889 -0.0112403  -0.023166  0.0433734  0.00203763 -0.00477653  -0.0038221 0.00537802 0.00194999  0.0118282   0.0136625 0.000970814  -0.0138844   -0.49082 -0.0499517   -9.79659 
               137.3 -0.0361271   0.111825   0.018747  -0.0115542  -0.0166747 -0.00905478 -0.00674862    0.053707  0.00104414 -0.0112422 -0.0231653  0.0433716 -0.00424481 -0.00639159 0.000634976 0.00536902 0.00192839  0.0118207  0.0138752 0.00101243 -0.0140252  -0.490822 -0.0499509   -9.79659 
             137.401 -0.0180566  0.0913162  0.0229755 -0.0115816 -0.0152775 -0.0102369 -0.0067396  0.0537051 0.00103466  -0.011242 -0.0231664  0.0433702  -0.00375177 -0.000131069  -0.00358724 0.00535735 0.00193988  0.0118154   0.0138431 0.000818825  -0.0139059  -0.490821 -0.0499485   -9.79659 
             137.502 -0.0210652  0.0793814  0.0165932 -0.00946516   -0.014713 -0.00890768 -0.00672906   0.0536988  0.00102594 -0.0112415 -0.0231645  0.0433694 0.00280013 0.00182604 0.00189979 0.00536163 0.00194598  0.0118193   0.0136325 0.000771061  -0.0140706  -0.490817 -0.0499492   -9.79659 
             137.601 0.0167323  0.110022 0.0216211 -0.00976851   -0.014037 -0.00934158 -0.00672961   0.0537011  0.00102569  -0.011241 -0.0231652  0.0433683   0.00169065   0.00253192 -0.000598101 0.00533852 0.00192998  0.0118138   0.0136898 0.000713767    -0.01401  -0.490818 -0.0499481   -9.79659 
             137.702 -0.0407504  0.0922445  0.0405784 -0.00893691  -0.0139296 -0.00986014 -0.00673024   0.0536995  0.00102592 -0.0112412 -0.0231648   0.043368  0.00334949   0.0023893 -0.00169263 0.00536758 0.00193838  0.0118017   0.0136321 0.000732249  -0.0139623  -0.490817 -0.0499485   -9.79659 
               137.8 -0.012411 0.0951495 0.0227605 -0.00816295  -0.0144387 -0.00960544 -0.00673331   0.0536956  0.00102045 -0.0112408 -0.0231645  0.0433682   0.00522207 -0.000620995 -0.000424951 0.00534935 0.00193639  0.0118108   0.0135957 0.000798476   -0.014002  -0.490817 -0.0499496   -9.79659 
             137.902 -0.0297129  0.0938478 -0.0277961  -0.0076454  -0.0143061 -0.00883306 -0.00672943   0.0536921  0.00102139  -0.011241 -0.0231648  0.0433683   0.00536053 -0.000394632   0.00256671 0.00536099  0.0019378  0.0118423   0.0135933 0.000783108  -0.0140794  -0.490817 -0.0499498   -9.79659 
                 138 -0.00744013   0.0892304  0.00373253  -0.0088034  -0.0148519 -0.00871759 -0.00673352   0.0537021  0.00102712 -0.0112413 -0.0231644  0.0433687 0.000517002 -0.00235272  0.00217316 0.00534686 0.00194084  0.0118232   0.0137298 0.000826236   -0.014066  -0.490818 -0.0499502   -9.79659 
               138.1 -0.00646799   0.0805217  0.00310913 -0.00980184  -0.0147207 -0.00914297 -0.00673582   0.0537119  0.00103515 -0.0112412 -0.0231643  0.0433688 -0.00279978 -0.00132076 5.76541e-05 0.00534538 0.00194573  0.0118213   0.0138154 0.000788476  -0.0140009  -0.490819 -0.0499488   -9.79659 
             138.201  -0.02949 0.0826945 0.0324212 -0.00949276   -0.015092  -0.0077437 -0.00673109   0.0537044  0.00103031 -0.0112416 -0.0231659  0.0433685 -0.00183233 -0.00139845  0.00444446 0.00535949 0.00194401  0.0118081   0.0137643 0.000816984  -0.0141382  -0.490819 -0.0499505   -9.79659 
             138.301 -0.0265523  0.0885359 0.00917012 -0.00958993  -0.0155686  -0.0101568 -0.00674645   0.0537112  0.00102847 -0.0112409 -0.0231654  0.0433684 -0.00155486 -0.00187098 -0.00508602 0.00535824 0.00193962  0.0118216   0.0137605 0.000842334  -0.0138582  -0.490818 -0.0499488   -9.79659 
             138.401 -0.00907421    0.101032   0.0344004 -0.00959475  -0.0143569  -0.0096508 -0.00673355   0.0537083  0.00103839 -0.0112409 -0.0231649  0.0433677 -0.000925831   0.00154196  -0.00165601 0.00535048 0.00193201   0.011808   0.0137514 0.000703517  -0.0139524  -0.490817 -0.0499477   -9.79659 
             138.501 -0.0318138  0.0870907  0.0524524 -0.00886131  -0.0157082 -0.00972645 -0.00674317   0.0537042  0.00102427 -0.0112417 -0.0231655  0.0433665  0.00198678  -0.0032662 -0.00154895 0.00536026 0.00194034  0.0117977  0.0136792 0.00085173 -0.0139657  -0.490817 -0.0499498   -9.79659 
               138.6 -0.0286488   0.102881 0.00550278  -0.0106042  -0.0155725 -0.00988366 -0.00674336   0.0537119  0.00102909 -0.0112424 -0.0231673   0.043366 -0.00304858 -0.00186099 -0.00156888 0.00535829 0.00193291   0.011823   0.0138427 0.000807373  -0.0139627 -0.490819 -0.049949  -9.79659 
               138.7 -0.0472926   0.114987  0.0316498  -0.0126999  -0.0154068 -0.00954578 -0.00674045   0.0537169  0.00103416 -0.0112425 -0.0231672  0.0433656 -0.00845272 0.000316351 0.000747803 0.00537038  0.0019272  0.0118088   0.0139918 0.000778068  -0.0140072  -0.490821 -0.0499491   -9.79659 
             138.801 -0.0378736  0.0865693 -0.0259508 -0.00948885  -0.0133494 -0.00990319 -0.00672925   0.0537034  0.00103546 -0.0112458 -0.0231631  0.0433629  0.00194741  0.00776209 0.000474208 0.00536428 0.00194129  0.0118389   0.0136471 0.000592745   -0.013958  -0.490818 -0.0499459   -9.79659 
             138.901 -0.0206628  0.0666138  0.0327907 -0.00786012  -0.0137429 -0.00833021 -0.00675933   0.0536765  0.00102811 -0.0112467 -0.0231634  0.0433629 0.00508884 0.00406315 0.00586246 0.00535367 0.00194966  0.0118064   0.0135236 0.000704762  -0.0141048  -0.490817 -0.0499443   -9.79659 
             139.001 -0.0501041  0.0803358  0.0254882 -0.00868028   -0.014529 -0.00863973 -0.00677572   0.0537091 0.000997976 -0.0112469 -0.0231626  0.0433621 0.00144587 0.00153058 0.00340722 0.00537073 0.00194103  0.0118121   0.0136319 0.000817848  -0.0140139  -0.490817 -0.0499453   -9.79659 
             139.102 -0.0408618  0.0957767  0.0297966  -0.0110796  -0.0151512 -0.00827255 -0.00679573   0.0537606  0.00095602  -0.011247 -0.0231622   0.043361 -0.00559873 -0.00105109  0.00390408 0.00536538 0.00193206  0.0118108   0.0138353 0.000887702  -0.0140095  -0.490816 -0.0499445   -9.79659 
             139.201 -0.0531614  0.0718901  0.0390937 -0.0101155  -0.016812 -0.0084383 -0.00683026   0.0537354 0.000944719 -0.0112475 -0.0231624  0.0433599 -0.00162777  -0.0055644  0.00214241 0.00537206 0.00194588   0.011805   0.013701 0.00103921 -0.0139595  -0.490816 -0.0499449   -9.79659 
             139.302 -0.0190838   0.110189  0.0146861  -0.0102109  -0.0155194 -0.00902176 -0.00678983   0.0537444 0.000972948 -0.0112482 -0.0231635  0.0433577  -0.00131988  0.000510999 -0.000427755 0.00535409 0.00192647  0.0118195   0.0137004 0.000860905  -0.0138782 -0.490815 -0.049946  -9.79659 
             139.401 -0.0351692   0.103782  0.0149577 -0.00995914  -0.0145486 -0.00889309 -0.00677882   0.0537375 0.000985344 -0.0112485 -0.0231635  0.0433583 -0.000408963   0.00405866  0.000156848 0.00536226 0.00192953  0.0118191   0.0136714 0.000773394  -0.0138951  -0.490816 -0.0499451   -9.79659 
               139.5 0.00731458  0.0867805  0.0254088 -0.00959227  -0.0134287 -0.00879227 -0.00677414   0.0537334 0.000991593 -0.0112482 -0.0231636  0.0433572 0.000667997  0.00585521 0.000445719 0.00533784 0.00193903  0.0118142   0.0136413 0.000695073  -0.0139019  -0.490816 -0.0499441   -9.79659 
             139.601 -0.0206886   0.100726  0.0253284  -0.0065191  -0.0136186 -0.00897507 -0.00677834   0.0537134  0.00100173  -0.011248 -0.0231629  0.0433565   0.00968647   0.00275586 -0.000399386 0.00535208 0.00192971  0.0118137   0.0133932 0.000772234  -0.0138849  -0.490813 -0.0499448   -9.79659 
             139.702 0.00766304   0.118708  0.0366984  -0.0078504  -0.0138573 -0.00830082 -0.00677997   0.0537261 0.000994281 -0.0112487 -0.0231613  0.0433559  0.00424769 0.000210285  0.00198698 0.00533691 0.00191946  0.0118088  0.0135887 0.00081488 -0.0139511  -0.490815 -0.0499456   -9.79659 
             139.801   0.00542589    0.0937096 -0.000456835 -0.00921875  -0.0152474 -0.00948789 -0.00679031   0.0537334   0.0009877 -0.0112485  -0.023162  0.0433563 -0.000811002  -0.00431553   -0.0018833 0.00533933 0.00193412  0.0118314   0.0137329 0.000948794  -0.0138171  -0.490817 -0.0499467   -9.79659 
               139.9 -0.019336 0.0772867 0.0320667 -0.00806711  -0.0155028 -0.00739739 -0.00678561   0.0537316 0.000983235 -0.0112471 -0.0231648  0.0433557  0.00231082 -0.00396566  0.00558868 0.00535324 0.00194205  0.0118134  0.0136226 0.00093867 -0.0140394  -0.490814 -0.0499488   -9.79659 
             140.002 -0.0356969   0.105081  0.0529342  -0.0101068  -0.0160721 -0.00840473 -0.00679128    0.053745 0.000989634 -0.011246 -0.023162 0.0433547 -0.00433405 -0.00351067 0.000459068 0.00536202  0.0019293   0.011805   0.0138148 0.000953418  -0.0138891 -0.490817 -0.049947  -9.79659 
             140.102 -0.0384994   0.118232  0.0240637 -0.00826149  -0.0153575 -0.00938047 -0.00678624    0.053727 0.000982794 -0.0112462  -0.023161  0.0433557    0.0024887 -0.000205094  -0.00267414 0.00536195 0.00192219  0.0118209  0.0136377 0.00085303  -0.013794  -0.490816 -0.0499447   -9.79659 
             140.201 -0.00911253   0.0859207   0.0186739  -0.0075946  -0.0148664 -0.00930859 -0.00678126   0.0537235 0.000982948 -0.0112462 -0.0231606  0.0433548  0.00301083  0.00161854 -0.00131176 0.00534588 0.00193811  0.0118208  0.0136012 0.00080385 -0.0138208  -0.490816 -0.0499442   -9.79659 
             140.302  -0.0405138   0.0925726 -0.00321307 -0.00959389   -0.014015  -0.0103302 -0.00677186   0.0537462  0.00099441 -0.0112469 -0.0231613  0.0433555 -0.00243555  0.00338522 -0.00476021 0.00535956 0.00193495   0.011832    0.013787 0.000739281  -0.0137363 -0.490818 -0.049945  -9.79659 
             140.399 -0.0604044    0.11217 0.00503253 -0.00984148  -0.0142626  -0.0107357 -0.00677948    0.053746 0.000989842 -0.0112472 -0.0231614  0.0433551 -0.00161927  0.00214629 -0.00465429 0.00536997 0.00192588  0.0118255   0.0137858 0.000800214  -0.0137451  -0.490817 -0.0499453   -9.79659 
             140.501 -0.0192071  0.0883723  0.0294155 -0.00804103  -0.0139128 -0.00980324 -0.00678077   0.0537357 0.000989945 -0.0112464 -0.0231609  0.0433544   0.00380663   0.00193338 -0.000370725 0.00534364 0.00193978  0.0118104  0.0136265 0.00079162 -0.0138725  -0.490815 -0.0499445   -9.79659 
             140.601 -0.0426973  0.0922277      0.007  -0.0065321  -0.0146688 -0.00832772  -0.0067868   0.0537343 0.000992829  -0.011246 -0.0231608  0.0433543   0.00665227 -0.000217806   0.00439846 0.00535751 0.00193764  0.0118222   0.0135324 0.000891825  -0.0140198  -0.490814 -0.0499445   -9.79659 
             140.701 -0.027898  0.100437 0.0395888 -0.00508946  -0.0150912 -0.00986955  -0.0067804   0.0537244 0.000994316 -0.0112463 -0.0231611  0.0433543  0.00861573 -0.00086723 -0.00172283 0.00534658 0.00193331  0.0118046   0.0134717 0.000923569  -0.0138296  -0.490815 -0.0499476   -9.79659 
             140.801 -0.0343837   0.123943  0.0242322 -0.00791372  -0.0149634  -0.0101813 -0.00678538   0.0537314  0.00099016 -0.0112462 -0.0231617  0.0433517  -0.00129882 -3.73783e-05  -0.00249033 0.00534976    0.00192  0.0118139   0.0137909 0.000895953  -0.0138133  -0.490819 -0.0499459   -9.79659 
             140.902 -0.0451161  0.0715596  0.0126221 -0.00777877  -0.0157302 -0.00946259 -0.00679372   0.0537277 0.000984955 -0.0112444  -0.023162  0.0433509 -0.000918601  -0.00233779  0.000797434 0.00535589 0.00194906  0.0118187  0.0137636 0.00097297 -0.0139095  -0.490818 -0.0499458   -9.79659 
             141.002 -0.0246948  0.0843018  0.0197451 -0.00896679  -0.0153538 -0.00821752 -0.00679517   0.0537298 0.000984983 -0.0112443 -0.0231615  0.0433507 -0.00344055 -0.00144401  0.00522314 0.0053465 0.0019411 0.0118166   0.0138587 0.000912591  -0.0140221  -0.490819 -0.0499439   -9.79659 
             141.101 -0.0258921   0.107184  0.0486303  -0.0115599  -0.0151863 -0.00837112 -0.00678984   0.0537408 0.000982859 -0.0112434 -0.0231603  0.0433495 -0.00946389 0.000296146  0.00283268 0.00534943 0.00192927  0.0118018   0.0140531 0.000883361  -0.0139538  -0.490821 -0.0499444   -9.79659 
             141.202 -0.0524152  0.0672982 0.00435602  -0.0102982  -0.0147205 -0.00901565 -0.00678504    0.053725 0.000981188 -0.0112443 -0.0231579  0.0433487  -0.00405761   0.00299375 -7.88434e-05  0.0053645 0.00195268   0.011827   0.0138553 0.000856434  -0.0138665   -0.49082 -0.0499445   -9.79659 
               141.3 -0.0158893   0.072229  0.0263086 -0.00867973  -0.0156123 -0.00832504  -0.0068005   0.0537082 0.000986971 -0.0112446 -0.0231577  0.0433492   0.00131394 -0.000710485   0.00276358 0.00534435 0.00195098  0.0118158    0.013679 0.000971692   -0.013935  -0.490818 -0.0499442   -9.79659 
               141.4 -0.0432135  0.0884294  0.0462189  -0.0080043  -0.0148705 -0.00918406 -0.00677991   0.0537048  0.00099223 -0.0112435  -0.023157    0.04335   0.00215016   0.00246209 -0.000345776 0.00535833 0.00194232  0.0118072   0.0136332 0.000896372  -0.0138168  -0.490817 -0.0499453   -9.79659 
               141.5 0.000346363    0.112283   0.0313708 -0.00999336  -0.0140324 -0.00847669 -0.00677332   0.0537286 0.000983544 -0.0112443 -0.0231566  0.0433477 -0.00278801  0.00311736  0.00160483 0.00533436 0.00193003  0.0118156   0.0138222 0.000829756   -0.013885 -0.490819 -0.049945  -9.79659 
             141.601 -0.0540988  0.0716411  0.0268049  -0.0078455  -0.0147942 -0.00889426 -0.00679273   0.0537053 0.000986019 -0.0112442 -0.0231555  0.0433446  0.00375434 0.000225776   0.0005831  0.0053661 0.00195431  0.0118193   0.0136121 0.000943493  -0.0138315  -0.490817 -0.0499444   -9.79659 
             141.701 -0.00113508   0.0877971   0.0588265 -0.00884904  -0.0143514 -0.00965392 -0.00678426    0.053722 0.000984912 -0.0112437 -0.0231557   0.043344 7.36016e-05 0.000915194 -0.00220903  0.0053349 0.00194597  0.0118002   0.0137271 0.000896048  -0.0137523  -0.490817 -0.0499452   -9.79659 
             141.802 -0.00464751   0.0967332   0.0215637 -0.00904301  -0.0139969 -0.00971799 -0.00678132   0.0537228 0.000986077  -0.011244 -0.0231558  0.0433439 -0.000602257   0.00183671  -0.00130155 0.00533829  0.0019414  0.0118228   0.0137417 0.000871479  -0.0137639  -0.490818 -0.0499451   -9.79659 
             141.901 -0.0573932   0.102358 0.00371059 -0.00836532  -0.0145272 -0.00987481 -0.00679113   0.0537184 0.000981857 -0.0112434 -0.0231555  0.0433427  0.00118454 0.000649336 -0.00121099 0.00536596 0.00194012   0.011833   0.0136805 0.000945664   -0.013764 -0.490816 -0.049945  -9.79659 
                 142 -0.0383713  0.0363988  0.0141435 -0.00595967  -0.0148576 -0.00961411 -0.00679832   0.0536982 0.000968924 -0.0112427 -0.0231554  0.0433402   0.00636191 -0.000804791  6.94466e-05 0.00535342 0.00197773  0.0118241   0.0134814 0.000983161  -0.0138049  -0.490815 -0.0499437   -9.79659 
             142.101 -0.037849 0.0934873 0.0240603 -0.00671429  -0.0143752  -0.0095151 -0.00679144     0.05371  0.00097562 -0.0112422 -0.0231547  0.0433393  0.00289016  0.00101967 5.27073e-05 0.00535677 0.00194489  0.0118218  0.0136089 0.00092587 -0.0138135  -0.490816 -0.0499437   -9.79659 
             142.202  -0.0539559    0.105848 -0.00876653 -0.00919388  -0.0149002 -0.00938501 -0.00680004   0.0537274 0.000986264 -0.0112419 -0.0231559  0.0433373  -0.00427886 -0.000788829  0.000468689  0.0053668 0.00193802  0.0118389   0.013843 0.00098666 -0.0138255  -0.490818 -0.0499439   -9.79659 
               142.3  -0.013554     0.1035 0.00932254  -0.0126315  -0.0148416 -0.00844959 -0.00680133   0.0537374   0.0010006 -0.011242 -0.023154 0.0433367    -0.012325 -0.000929497   0.00299548 0.00534558 0.00193904  0.0118304   0.0140907 0.000971419  -0.0139092  -0.490821 -0.0499422   -9.79659 
             142.402 -0.018366 0.0936717 0.0151158  -0.0122797  -0.0151797 -0.00855567 -0.00679997   0.0537333 0.000994442 -0.0112423 -0.0231548  0.0433365 -0.00809677 -0.00164634  0.00170417  0.0053487 0.00194597  0.0118275    0.013956 0.000998587  -0.0138736   -0.49082 -0.0499438   -9.79659 
             142.501 -0.0303261   0.123239 0.00587848   -0.012948  -0.0155084 -0.00875971  -0.0068001    0.053733 0.000993337 -0.0112421 -0.0231547  0.0433365 -0.00709413 -0.00181543  3.3917e-05 0.00535485 0.00192947  0.0118322  0.0139498 0.00101421 -0.0138399   -0.49082 -0.0499443   -9.79659 
             142.598 -0.00661069    0.105666 -0.00407667 -0.00910025  -0.0149122 -0.00976328 -0.00679179   0.0537301 0.000974588 -0.0112427  -0.023154  0.0433349  0.00559538  0.00061538 -0.00318846 0.00534233 0.00193747   0.011835   0.0135714 0.000936095  -0.0137456  -0.490814 -0.0499468   -9.79659 
             142.702 0.000744245    0.103427  0.00373192 -0.00847528  -0.0134942 -0.00873987 -0.00678607   0.0537367 0.000973096 -0.0112419 -0.0231541   0.043335  0.00621748  0.00397233 0.000736356 0.00533735 0.00193783    0.01183   0.0135721 0.000802664  -0.0138726  -0.490812 -0.0499451   -9.79659 
               142.8 -0.0376294  0.0832311 0.00574571 -0.00881431   -0.015948 -0.00993402  -0.0067929   0.0537285 0.000975601 -0.0112429 -0.0231529  0.0433327  0.00373762 -0.00451434 -0.00341283 0.00535717 0.00194892  0.0118292 0.0136454 0.0010763 -0.013754  -0.490817 -0.0499477   -9.79659 
             142.901 -0.0793433   0.079786  0.0305225 -0.0112129 -0.0163636 -0.0105725 -0.00679551   0.0537274 0.000979259 -0.0112429  -0.023151  0.0433335 -0.00432205 -0.00358207 -0.00399599 0.00538128 0.00195151  0.0118153  0.0138736 0.00108034 -0.0137219   -0.49082 -0.0499452   -9.79659 
             143.001 -0.0567992  0.0625044  0.0206268 -0.00844138  -0.0155342  -0.0106884 -0.00679127   0.0537303 0.000972749 -0.0112429 -0.0231507  0.0433321   0.0048808 0.000605108 -0.00358492  0.0053685 0.00196166  0.0118206   0.0136011 0.000972213  -0.0137527 -0.490815 -0.049946  -9.79659 
             143.102 -0.059406 0.0663548  0.011093 -0.00545548  -0.0151527  -0.0096598 -0.00678976    0.053727 0.000969102 -0.0112434 -0.0231491  0.0433325  0.0114594 0.00216142 0.00105898 0.00536921 0.00195993  0.0118258   0.0133847 0.000951255  -0.0138904  -0.490813 -0.0499455   -9.79659 
             143.201 -0.00580917    0.106527   0.0173616 -0.00753388  -0.0142279 -0.00873809 -0.00679668   0.0537366   0.0009678 -0.0112446 -0.0231482  0.0433276 0.00215127 0.00436542  0.0037076 0.00533938 0.00193812   0.011823   0.0136619 0.000873196  -0.0139651  -0.490817 -0.0499419   -9.79659 
               143.3 -0.0245312  0.0741165  0.0268837  -0.0083013  -0.0144439 -0.00930014 -0.00679349   0.0537438 0.000965748 -0.0112451 -0.0231481   0.043328 -0.00103918  0.00295095 0.000481006 0.00534778 0.00195281  0.0118184   0.0137453 0.000931937  -0.0138732  -0.490816 -0.0499443   -9.79659 
             143.402 -0.0331133   0.078329   0.062288 -0.00946006  -0.0150091 -0.00893603 -0.00680113     0.05375 0.000962244  -0.011246 -0.0231476  0.0433274 -0.00353829 0.000675274  0.00140787 0.00535036 0.00194928  0.0117981  0.0138336 0.00101135 -0.0139039  -0.490817 -0.0499444   -9.79659 
               143.5 -0.0455649  0.0935159 -0.0166641  -0.0109876  -0.0153076 -0.00867296  -0.0068065   0.0537538 0.000952935 -0.0112452 -0.0231494  0.0433268  -0.00691974 -6.01307e-05    0.0020084 0.00535778 0.00193795  0.0118432  0.0139323 0.00105083 -0.0139193  -0.490818 -0.0499448   -9.79659 
             143.602 -0.0345199  0.0961285  0.0235422  -0.0120453  -0.0158558 -0.00994957 -0.00679349   0.0537573 0.000948345  -0.011245 -0.0231499   0.043327 -0.00767014 -0.00149381 -0.00263284 0.00535304 0.00194005  0.0118223  0.0139645 0.00110254 -0.0137806  -0.490817 -0.0499475   -9.79659 
             143.703 -0.00657053   0.0830232    0.034124  -0.0121237  -0.0149626 -0.00951735 -0.00679851   0.0537536 0.000955662 -0.0112442 -0.0231498  0.0433261 -0.00625206  0.00286626  -0.0014809 0.00533681 0.00194696  0.0118179  0.0138993 0.00100905 -0.0138419  -0.490817 -0.0499452   -9.79659 
             143.801 -0.0498614  0.0930001  0.0248323 -0.00926318  -0.0141084  -0.0104608 -0.00678746   0.0537393 0.000999564 -0.0112443 -0.0231489  0.0433265 0.00344522 0.00583657 -0.0045008 0.00536021 0.00194137  0.0118222   0.0136174 0.000968015  -0.0137734  -0.490814 -0.0499453   -9.79659 
               143.9 -0.00567287    0.110798    0.011718 -0.00895085  -0.0144005  -0.0110989 -0.00678213   0.0537394 0.000995205 -0.0112438  -0.023149  0.0433271  0.00397579  0.00246828 -0.00537083 0.00533325 0.00193161  0.0118292  0.0136245 0.00104211 -0.0137557  -0.490814 -0.0499469   -9.79659 
             144.002 -0.043751 0.0858461 0.0238321 -0.0063779 -0.0150658 -0.0103694 -0.00679921   0.0537468  0.00102787 -0.0112433 -0.0231505  0.0433253    0.0103445 -0.000212937  -0.00118809 0.00535593 0.00194467  0.0118238  0.0134352 0.00113628 -0.0138799 -0.490811 -0.049946  -9.79659 
             144.101  -0.0264414   0.0975186 -0.00127615 -0.0090426 -0.0148013 -0.0106932 -0.00680275   0.0537335 0.000983501 -0.0112435 -0.0231525  0.0433249 0.000179187 0.000333634 -0.00154089 0.00534739 0.00193813  0.0118362  0.0137537 0.00110198 -0.0138551  -0.490816 -0.0499457   -9.79659 
               144.2 -0.0169164  0.0908549 0.00443042 -0.0108936 -0.0142278 -0.0103514 -0.00680681   0.0537318 0.000970362 -0.0112434 -0.0231523  0.0433249 -0.00501789  0.00165676 0.000160906 0.00534286 0.00194278  0.0118324  0.0139136 0.00104834 -0.0139019  -0.490819 -0.0499444   -9.79659 
             144.301 -0.0768512  0.0835625  0.0475877 -0.00783205  -0.0152966  -0.0104217 -0.00681673   0.0537252  0.00097782 -0.0112455 -0.0231562  0.0433217   0.00498625 -0.000810777 -0.000568669 0.00537742 0.00194703  0.0118096  0.0135996 0.00118532 -0.0139026  -0.490815 -0.0499467   -9.79659 
             144.402 -0.0118781  0.0735596  0.0113959 -0.00771435  -0.0144572 -0.00901315 -0.00680846   0.0537288 0.000979381 -0.0112455 -0.0231544  0.0433207 0.00299971 0.00180839 0.00382864 0.00533989 0.00195259   0.011829  0.0136294 0.00108874 -0.0140467  -0.490815 -0.0499453   -9.79659 
             144.502 -0.00373114    0.104515   0.0169856 -0.00810031  -0.0139863 -0.00944452 -0.00680956   0.0537311 0.000978466 -0.0112447 -0.0231554  0.0433197 0.00135018 0.00221428 0.00152036 0.00533478 0.00193558  0.0118249   0.013695  0.0010514 -0.0139641  -0.490816 -0.0499452   -9.79659 
             144.602   -0.0718107     0.102018 -0.000840427 -0.00962361  -0.0153236 -0.00971025 -0.00681872   0.0537366 0.000973512 -0.0112437 -0.0231554  0.0433164 -0.00297815 -0.00185967  0.00028663 0.00537126 0.00193503  0.0118348  0.0138345  0.0012066 -0.0139232  -0.490817 -0.0499466   -9.79659 
             144.701  -0.0846865   0.0968194 -0.00587623 -0.00930045  -0.0143556 -0.00892183 -0.00681178   0.0537323 0.000978418 -0.0112439 -0.0231558  0.0433171 -0.000959262   0.00245574   0.00258754 0.00537784  0.0019383  0.0118361  0.0137845  0.0011068 -0.0139974  -0.490817 -0.0499456   -9.79659 
               144.8  -0.0505939   0.0831369 -0.00939008 -0.00931022  -0.0139475 -0.00994484 -0.00681021   0.0537371 0.000978044 -0.0112447 -0.0231571  0.0433168 -0.000904883   0.00317596  -0.00107892 0.00535793 0.00194636  0.0118376  0.0137739 0.00109009 -0.0138741  -0.490816 -0.0499469   -9.79659 
             144.902 -0.0311771    0.11531  0.0168279 -0.00851475  -0.0146815  -0.0099991 -0.00681294   0.0537297  0.00097227 -0.0112459 -0.0231575  0.0433185  0.00207117 0.000216981 -0.00121028 0.00534702 0.00192797  0.0118199  0.0136997 0.00119272 -0.0138836  -0.490817 -0.0499486   -9.79659 
                 145 -0.0949068  0.0700235  0.0359826 -0.00932223  -0.0158006  -0.0112751 -0.00681509   0.0537363 0.000971178 -0.0112481 -0.0231554  0.0433176 -0.00196163 -0.00182449 -0.00465685 0.00538224 0.00195498  0.0118078  0.0137763 0.00131143 -0.0137733  -0.490819 -0.0499512   -9.79659 
             145.101 -0.0166669  0.0895661  0.0470932 -0.00978058  -0.0147145  -0.0108043 -0.00681561   0.0537398 0.000976045 -0.0112478 -0.0231539  0.0433153 -0.00257668  0.00172004 -0.00223953 0.00533693 0.00194416  0.0118001  0.0138054 0.00118011 -0.0138624  -0.490818 -0.0499474   -9.79659 
               145.2 -0.0362913  0.0920904   0.019725 -0.00913896  -0.0137554  -0.0101305   -0.006816   0.0537344 0.000980328 -0.0112487 -0.0231534  0.0433155 6.58464e-05  0.00427061 0.000474011 0.00534722 0.00194228  0.0118127  0.0137326 0.00110722  -0.013949  -0.490817 -0.0499449   -9.79659 
               145.3 -0.0444727   0.109545  0.0162142 -0.00962767  -0.0133995 -0.00972408 -0.00681817   0.0537352 0.000980353  -0.011249 -0.0231537  0.0433152 -0.0008896 0.00390113 0.00208576 0.00535238 0.00193197  0.0118162  0.0137773 0.00111399  -0.013983  -0.490817 -0.0499444   -9.79659 
             145.401 -0.0430181  0.0627042  0.0208499 -0.00945611  -0.0138088 -0.00938204 -0.00682179   0.0537342 0.000974649 -0.0112487 -0.0231537  0.0433147 -0.000672719   0.00163083   0.00287187 0.00535423  0.0019586  0.0118143  0.0137472 0.00119519 -0.0139977 -0.490817 -0.049945  -9.79659 
               145.5 -0.0421379  0.0766496 0.00763997 -0.00970863  -0.0146193 -0.00883286 -0.00682839    0.053734 0.000970811 -0.0112484 -0.0231539  0.0433144 -0.00108302 -0.00113831  0.00382207 0.00535417 0.00195263  0.0118203  0.0137611 0.00129049 -0.0140268  -0.490817 -0.0499456   -9.79659 
             145.601 -0.0297893   0.095316 0.00639132  -0.0101256  -0.0152262 -0.00983828 -0.00683162   0.0537385 0.000968312 -0.0112472 -0.0231546  0.0433144 -0.00207473  -0.0024689 -0.00057566 0.00534758 0.00194278  0.0118228  0.0137871 0.00133159 -0.0138943  -0.490816 -0.0499471   -9.79659 
             145.702 -0.071437 0.0794939 0.0183607 -0.00985034  -0.0150575 -0.00880147 -0.00683064   0.0537325 0.000965768 -0.0112469 -0.0231559  0.0433146 -0.000778496 -0.000102679   0.00260763  0.0053708 0.00195138  0.0118162  0.0137463 0.00130132 -0.0139991 -0.490817 -0.049946  -9.79659 
               145.8 -0.025235 0.0824381   0.01499  -0.0107782  -0.0152954 -0.00837996 -0.00683203   0.0537373 0.000969321 -0.0112469 -0.0231558  0.0433148 -0.00381069 -0.00168152  0.00374436 0.00534506 0.00195047  0.0118182   0.013812 0.00131737  -0.014006  -0.490817 -0.0499458   -9.79659 
             145.902 -0.0158304  0.0840021  0.0290397 -0.00986002  -0.0156226 -0.00934344 -0.00682815    0.053734 0.000968125 -0.0112469 -0.0231569  0.0433149 -0.000247485  -0.00355101   0.00170483 0.00534065 0.00194982  0.0118098  0.0137067 0.00132166 -0.0138709 -0.490815 -0.049948  -9.79659 
             146.001 -0.0010235   0.103282  0.0452992  -0.0117384  -0.0174314 -0.00934182  -0.0068487   0.0537567 0.000974426 -0.0112475 -0.0231563  0.0433146 -0.00513075 -0.00846036  0.00217166 0.00533254 0.00194119  0.0118001  0.0138604 0.00145847 -0.0138511  -0.490816 -0.0499479   -9.79659 
             146.102 -0.0305861  0.0844217  0.0470371 -0.00854032   -0.016844 -0.00862522 -0.00681119   0.0536778 0.000947483 -0.0112475 -0.0231563  0.0433148  0.00662621 -0.00475038  0.00228274  0.0053492 0.00195212  0.0117985   0.013557 0.00132713 -0.0139114  -0.490819 -0.0499492   -9.79659 
             146.202  -0.0776508   0.0891298 -0.00466108 -0.00627792  -0.0146578 -0.00819858 -0.00674702   0.0536464 0.000930972 -0.0112515  -0.023155    0.04332   0.010937 0.00490876 0.00216954 0.00536759 0.00194963  0.0118215  0.0134281  0.0010906 -0.0139299  -0.490821 -0.0499508   -9.79659 
             146.301  0.00640155    0.141466 -0.00814749 -0.00917189  -0.0136563 -0.00984657 -0.00677821   0.0536749 0.000989924 -0.0112493 -0.0231603  0.0433148 0.000507125  0.00569843 -0.00366144 0.00532184  0.0019181  0.0118227  0.0137678  0.0010181 -0.0137479 -0.490823 -0.049949  -9.79659 
             146.401 -0.0477564  0.0973478  0.0079621  -0.0076775  -0.0139122 -0.00917997  -0.0067718   0.0536795 0.000978469 -0.0112486 -0.0231617  0.0433131  0.00474636  0.00356707 -0.00066217 0.00535196  0.0019409   0.011816   0.013647 0.00110291 -0.0138477  -0.490821 -0.0499502   -9.79659 
             146.501 0.00210729  0.0896605  0.0292368 -0.00785039  -0.0146432 -0.00799633 -0.00675733   0.0536904 0.000998128 -0.0112489 -0.0231599  0.0433146   0.00330126 -0.000908159   0.00295154 0.00532419 0.00194472  0.0118033  0.0136973 0.00119988 -0.0139661   -0.49082 -0.0499521   -9.79659 
             146.601 -0.00251474   0.0991689   0.0129534 -0.0102417  -0.014226 -0.0089812 -0.00676636   0.0536795   0.0010107 -0.0112489 -0.0231602  0.0433145  -0.00410019  0.000612239 -0.000452332 0.00532626    0.00194  0.0118141   0.013922 0.00115103 -0.0138412  -0.490825 -0.0499499   -9.79658 
             146.702 0.00590059   0.110964  0.0257497  -0.0113785  -0.0147493 -0.00935859 -0.00676645   0.0536766  0.00101452 -0.0112489 -0.0231601  0.0433143 -0.00573369   -0.001414 -0.00214883  0.0053191 0.00193461  0.0118037  0.0139822 0.00120543 -0.0138124  -0.490826 -0.0499503   -9.79658 
               146.8 -0.0384405  0.0677452  0.0299298 -0.00758733  -0.0161599  -0.0115365 -0.00676941   0.0536727  0.00101979 -0.0112505 -0.0231577  0.0433097  0.00499929 -0.00438494 -0.00789605 0.00534187 0.00195708  0.0118006  0.0136114 0.00133663  -0.013628  -0.490823 -0.0499518   -9.79659 
             146.901 -0.0620522  0.0887658  0.0170248 -0.00786015  -0.0152587  -0.0111141 -0.00676712   0.0536748  0.00101913 -0.0112514 -0.0231593  0.0433111  0.00287512 0.000731758 -0.00456646 0.00535411  0.0019463  0.0118076  0.0136818 0.00120981 -0.0137456  -0.490823 -0.0499512   -9.79659 
             147.001 -0.0869909   0.094545  0.0565444 -0.00911393  -0.0155333  -0.0105863 -0.00676754   0.0536748   0.0010186 -0.0112523 -0.0231588  0.0433104 -0.00127363  0.00053548  -0.0014797 0.00536832 0.00194276  0.0117874  0.0138133 0.00124468 -0.0138385  -0.490825 -0.0499518   -9.79658 
             147.102 0.00421688   0.112693  0.0284179   -0.012552  -0.0158388 -0.00900469 -0.00676646   0.0536761  0.00101738 -0.0112531 -0.0231557  0.0433096 -0.00959141 -0.00187501  0.00366502 0.00531771 0.00193363  0.0118034  0.0140926  0.0012641 -0.0140032  -0.490829 -0.0499517   -9.79658 
               147.2 -0.00771844   0.0798369   0.0164439  -0.0100562  -0.0141658 -0.00819393 -0.00677014   0.0536659  0.00104138  -0.011254 -0.0231538  0.0433073 -0.000103917   0.00339353   0.00518414 0.00532489 0.00195175  0.0118102  0.0138022 0.00109639 -0.0140474  -0.490827 -0.0499469   -9.79658 
               147.3 -0.0481373   0.089926  0.0147334 -0.00959362  -0.0144291 -0.00929191 -0.00676324   0.0536675  0.00104237 -0.0112536  -0.023152  0.0433068   0.00143346   0.00228319 -8.17162e-05 0.00534718 0.00194589  0.0118097  0.0137619 0.00116224 -0.0138923  -0.490826 -0.0499493   -9.79658 
               147.4 -0.000237931     0.108055    0.0465129 -0.00902755  -0.0143818  -0.0101863 -0.0067639  0.0536653 0.00104161 -0.0112532 -0.0231529   0.043307  0.00286387  0.00102775 -0.00268609 0.00531959 0.00193602  0.0117939  0.0137279 0.00117249 -0.0138043  -0.490826 -0.0499495   -9.79658 
               147.5 -0.00409571   0.0896271  0.00886697 -0.00772716  -0.0128523 -0.00927846 -0.00675821   0.0536635  0.00103939 -0.0112535 -0.0231522  0.0433065  0.0051171 0.00556717 0.00116039 0.00532124 0.00194537  0.0118125   0.013643 0.00103507 -0.0139204  -0.490825 -0.0499477   -9.79658 
             147.601 -0.0171027   0.100356  0.0014408  -0.0102541   -0.014978 -0.00896706 -0.00676616   0.0536738  0.00106162 -0.0112534 -0.0231525  0.0433055 -0.00306723 -0.00270053  0.00192021 0.00532822 0.00193862  0.0118176  0.0139032 0.00128687 -0.0139414  -0.490827 -0.0499511   -9.79658 
             147.701 -0.00933146    0.094975  -0.0139352 -0.00973629  -0.0144199  -0.0100141 -0.00676574   0.0536709  0.00105935 -0.0112541  -0.023152  0.0433055 -0.000854404 -8.06094e-05  -0.00213147 0.00532624 0.00194084  0.0118282  0.0138365 0.00120245 -0.0138194  -0.490826 -0.0499493   -9.79658 
             147.803  -0.0577194   0.0926792 -0.00397858  -0.0101664  -0.0148289 -0.00920236 -0.00676872   0.0536711  0.00105831 -0.0112541 -0.0231535  0.0433048 -0.00135892 -0.00131651  0.00144923 0.00534857 0.00194221  0.0118205  0.0138658 0.00124726 -0.0139192  -0.490827 -0.0499502   -9.79658 
             147.901 -0.0299572  0.0788878  0.0201275 -0.00942605  -0.0151001 -0.00808709 -0.00676703   0.0536638  0.00105698 -0.0112541 -0.0231534  0.0433049  0.00106722 -0.00185165  0.00456161 0.00533229  0.0019506  0.0118061  0.0137861 0.00126279 -0.0140159  -0.490827 -0.0499517   -9.79658 
                 148 -0.019973  0.113736 0.0437867  -0.0113237  -0.0160013 -0.00965601 -0.0067758  0.0536774 0.00105532 -0.0112529 -0.0231531   0.043304 -0.00396465 -0.00344734 -0.00205079 0.00532616 0.00193154  0.0117918  0.0139551 0.00132866  -0.013818  -0.490828 -0.0499503   -9.79658 
             148.102 0.0158736  0.107422 0.0527411  -0.0106034  -0.0153386 -0.00975469 -0.00676781   0.0536722  0.00106036 -0.0112527 -0.0231533  0.0433029  -0.00108347  -0.00181383 -0.000148714  0.0053074 0.00193435  0.0117878  0.0138645 0.00122173 -0.0138253  -0.490827 -0.0499503   -9.79658 
             148.203 -0.00538325   0.0781174   0.0178508 -0.00874231  -0.0145594  -0.0091249 -0.00676103    0.053662  0.00106142 -0.0112531 -0.0231521   0.043302 0.00326726 0.00141062 0.00277801 0.00531726 0.00194814  0.0118025  0.0136963 0.00113621 -0.0138893  -0.490825 -0.0499501   -9.79658 
             148.301 -0.00927968    0.101641   0.0326639 -0.00864881  -0.0157614  -0.0103517 -0.00678399   0.0536668  0.00105951 -0.0112521 -0.0231513  0.0433012  0.00325093 -0.00158411  -0.0023132 0.00532185 0.00193456  0.0117962  0.0137189 0.00126267 -0.0137485  -0.490825 -0.0499491   -9.79658 
             148.401 -0.0604244   0.106016  0.0194906 -0.00922067  -0.0155916  -0.0106278 -0.00677745   0.0536812  0.00106024 -0.0112522 -0.0231516  0.0433014   0.0011439 0.000504702 -0.00236353 0.00535208 0.00193163  0.0118045  0.0137956 0.00124007 -0.0137461  -0.490825 -0.0499497   -9.79658 
             148.501 -0.0377466  0.0844941  0.0405453 -0.00818205  -0.0144951 -0.00995089 -0.00677222   0.0536637  0.00107554 -0.0112512 -0.0231515  0.0433007 0.00390773 0.00387452 0.00107671 0.00533897 0.00194625  0.0117928  0.0137182 0.00114795 -0.0138293 -0.490826 -0.049949  -9.79658 
             148.601 -0.0363584  0.0961725  0.0331553 -0.00681204  -0.0144751 -0.00934125 -0.00678573    0.053652  0.00108849 -0.0112513 -0.0231511  0.0433011 0.00683668 0.00282329 0.00265876  0.0053371 0.00194054  0.0117943  0.0136367 0.00118538 -0.0138808  -0.490825 -0.0499479   -9.79658 
               148.7 -0.0454588  0.0848788  0.0409133 -0.00733986  -0.0152766   -0.011081 -0.00677037   0.0536695  0.00107161 -0.0112521  -0.023151  0.0433014  0.00318818 0.000257926 -0.00362594 0.00534155 0.00194526  0.0117868  0.0137388 0.00128673 -0.0136872  -0.490825 -0.0499519   -9.79658 
             148.801 -0.0514673   0.104093  0.0413463 -0.00932189  -0.0155945 -0.00998767 -0.00677982   0.0536963  0.00105673 -0.0112528 -0.0231511  0.0433005  -0.00306194 -0.000386008   0.00119508 0.00534506 0.00193525  0.0117846  0.0139375 0.00131495 -0.0138263  -0.490825 -0.0499518   -9.79658 
               148.9 -0.0785569  0.0322042  0.0420763 -0.00978724  -0.0153957 -0.00999561 -0.00677714   0.0536958  0.00105657 -0.0112531  -0.023151  0.0433007  -0.0046165 0.000864613 0.000864443 0.00536048 0.00197405  0.0117857  0.0139437 0.00129475 -0.0138109 -0.490825 -0.049952  -9.79658 
                 149  -0.02604 0.0947926 0.0193684  -0.0133395  -0.0141979 -0.00866067 -0.00676562   0.0537222  0.00105879 -0.0112555 -0.0231509  0.0432962 -0.0126406 0.00373704 0.00429444 0.00533359 0.00194083  0.0118001  0.0142027 0.00118235  -0.013923  -0.490827 -0.0499523   -9.79658 
               149.1 -0.00916241    0.111942   0.0217598  -0.0108187  -0.0139004 -0.00856748 -0.00677278   0.0536942  0.00104561 -0.0112552 -0.0231508  0.0432992 -0.00143961  0.00261991  0.00385607 0.00532389 0.00193143  0.0118007  0.0138948 0.00119467 -0.0138939  -0.490826 -0.0499496   -9.79658 
             149.201 -0.00863138   0.0825239  -0.0119725 -0.00904295  -0.0134916  -0.0089379 -0.00677478   0.0536881   0.0010397 -0.0112556 -0.0231499  0.0432986 0.00364739 0.00280786 0.00144971  0.0053245 0.00194862  0.0118182  0.0137338 0.00118487 -0.0138276  -0.490824 -0.0499489   -9.79659 
             149.301 -0.0289008   0.106863  0.0272004  -0.0109605  -0.0148418 -0.00909315 -0.00677951    0.053699  0.00105193 -0.0112573 -0.0231481  0.0432964  -0.0026547 -0.00155297 0.000319412 0.00533568 0.00193546  0.0117965  0.0139217 0.00133963 -0.0137979  -0.490825 -0.0499511   -9.79658 
             149.401 -0.0167123  0.0898334  0.0185857 -0.0111461 -0.0162687  -0.010276 -0.00679195   0.0537012   0.0010488 -0.0112585 -0.0231477  0.0432958 -0.00334694 -0.00502876 -0.00293615 0.00533008 0.00194418  0.0118016  0.0139121 0.00145708 -0.0136815  -0.490825 -0.0499515   -9.79658 
             149.501 -0.0790289  0.0819617  0.0495524 -0.00919821   -0.016006  -0.0101815 -0.00679074   0.0536934  0.00103694 -0.0112577 -0.0231499  0.0432962  0.00295417 -0.00170829  -0.0019395   0.005366 0.00194796  0.0117844  0.0137228 0.00139227 -0.0137225  -0.490823 -0.0499514   -9.79659 
             149.602 -0.0123454  0.0624592  0.0474803 -0.00756707  -0.0156318  -0.0106164 -0.00679074   0.0536894   0.0010364 -0.0112578 -0.0231506  0.0432947  0.00665305 -0.00114894 -0.00275875 0.00533027  0.0019575  0.0117855  0.0136089 0.00133124 -0.0136963  -0.490822 -0.0499508   -9.79659 
               149.7 -0.0378772  0.0881948  0.0251459 -0.00865612    -0.01469  -0.0116943 -0.00678272   0.0537011  0.00104255  -0.011258 -0.0231521  0.0432932  0.00229423  0.00256347 -0.00533361 0.00534328 0.00194442  0.0117987  0.0137625 0.00123101 -0.0136124  -0.490823 -0.0499512   -9.79659 
             149.799 -0.0326603   0.103695  0.0167394 -0.00885884  -0.0144018  -0.0115795 -0.00678402   0.0537004  0.00104319 -0.0112585 -0.0231524   0.043293  0.00141099  0.00269924 -0.00287114 0.00534049 0.00193723  0.0118032  0.0137982 0.00123225 -0.0136781 -0.490824 -0.049951  -9.79659 
               149.9 -0.0133045  0.0864636  0.0138095  -0.0072297  -0.0140992 -0.00980055 -0.00679021   0.0536896  0.00104544 -0.0112577 -0.0231515  0.0432926 0.00531413 0.00287832 0.00352232 0.00532959  0.0019466  0.0118058  0.0136672 0.00123291 -0.0138804  -0.490824 -0.0499485   -9.79658 
                 150  0.014256  0.107762 0.0411668 -0.00717577  -0.0140749 -0.00905076 -0.00679008   0.0536921  0.00104534  -0.011258 -0.0231509  0.0432927 0.00381386 0.00156503 0.00503359 0.00531338 0.00193574  0.0117888  0.0137095  0.0012497 -0.0139185  -0.490825 -0.0499487   -9.79658 
             150.101 -0.053537 0.0918872 0.0204846 -0.00660336  -0.0148966 -0.00966442 -0.00679332    0.053694  0.00104571 -0.0112581  -0.023149  0.0432909   0.00391425 -0.000678449    0.0016234 0.00535144 0.00194332  0.0117978  0.0136936 0.00134712 -0.0138135  -0.490824 -0.0499495   -9.79659 
             150.201  -0.0486125   0.0925051 -0.00466621 -0.00944334   -0.016237  -0.0105949 -0.0067999  0.0537127 0.00103593 -0.0112576 -0.0231498  0.0432909 -0.00459556 -0.00437028 -0.00213076 0.00534928 0.00194259  0.0118104  0.0139678 0.00146352 -0.0137078  -0.490825 -0.0499507   -9.79658 
             150.302 -0.0483864  0.0667912  0.0407617 -0.00850472  -0.0164352 -0.00963722 -0.00680243   0.0537022  0.00103575 -0.0112567 -0.0231506  0.0432901 -0.00096534 -0.00383567  0.00196175 0.00535225  0.0019566  0.0117883  0.0138447 0.00144663 -0.0138212  -0.490825 -0.0499502   -9.79658 
             150.401 -0.0533008   0.103605 0.00304207 -0.0106885 -0.0146258 -0.0097692 -0.00679454   0.0537145  0.00104466 -0.0112577 -0.0231517  0.0432883 -0.00633055  0.00312876  0.00116973 0.00535352 0.00193728  0.0118066  0.0140263 0.00123657 -0.0137848  -0.490825 -0.0499485   -9.79658 
             150.501 -0.0652073   0.103576  0.0039158  -0.0100607  -0.0136864 -0.00968743 -0.00679072   0.0537093  0.00104284 -0.0112578 -0.0231516  0.0432886 -0.00220527  0.00531352  0.00130595 0.00535871 0.00193805  0.0118061  0.0139225   0.001182 -0.0137845  -0.490824 -0.0499482   -9.79658 
             150.601 -0.0223552  0.0888198  0.0333848 -0.00906121  -0.0139028 -0.00918244 -0.0067934  0.0537016 0.00103327 -0.0112583 -0.0231518  0.0432893 0.000803148  0.00289265  0.00217363 0.00533345 0.00194916  0.0117901  0.0138162 0.00124531  -0.013818  -0.490824 -0.0499486   -9.79659 
               150.7 -0.0867761   0.103089  0.0354232 -0.00903266  -0.0150224 -0.00940669 -0.00681347   0.0537024  0.00103957 -0.0112587 -0.0231515  0.0432873  0.000811796 -5.01377e-05 -0.000242571 0.00537028 0.00193923  0.0117875  0.0138249 0.00138249 -0.0137839 -0.490825 -0.049949  -9.79658 
             150.801 -0.0586731   0.103062  0.0142728 -0.00960614  -0.0156121  -0.0101771 -0.00682194   0.0537008   0.0010499 -0.0112583 -0.0231523  0.0432874 -0.00161158 -0.00144612  -0.0014986 0.00535791 0.00193914  0.0117994  0.0138791  0.0014295 -0.0137054  -0.490826 -0.0499499   -9.79658 
             150.901 -0.0186524   0.121415  0.0242462  -0.0100965  -0.0148614 -0.00978052 -0.0068196  0.0537021  0.0010575 -0.0112582 -0.0231515  0.0432861  -0.00100293  -0.00013391 -0.000605046 0.00533441 0.00192787  0.0117907  0.0139172 0.00133442 -0.0137594  -0.490826 -0.0499481   -9.79658 
             151.001 -0.0256918  0.0769103  0.0529458 -0.00907127   -0.015796 -0.00878314 -0.00682074   0.0536986  0.00103937 -0.0112573 -0.0231522  0.0432849  0.00215752 -0.00375756   0.0035133 0.00534043 0.00195433  0.0117784  0.0138163 0.00142549 -0.0138593  -0.490824 -0.0499473   -9.79658 
             151.102 -0.0788493  0.0693222 -0.0176568 -0.00904866   -0.015179 -0.00932945 -0.00682036   0.0536995  0.00104462 -0.0112595 -0.0231509  0.0432866   0.0010708 0.000403334 0.000728317 0.00536871 0.00195987  0.0118166  0.0138279 0.00134012 -0.0137743  -0.490825 -0.0499473   -9.79658 
             151.201 -0.0349973   0.130347  0.0371329  -0.0104178  -0.0146598 -0.00965746 -0.00682178   0.0537029  0.00106299  -0.011258 -0.0231502  0.0432845 -0.00244261   0.0021357 -0.00122238 0.00534513 0.00192536  0.0117874    0.01396 0.00128677 -0.0137344  -0.490827 -0.0499473   -9.79658 
             151.301 -0.0190276  0.0913951  0.0119459 -0.00976033   -0.014361 -0.00956436 -0.00681956   0.0536991  0.00105245 -0.0112579 -0.0231499  0.0432841 -0.000602171   0.00214961 -7.23972e-05 0.00533458  0.0019486  0.0118017  0.0138819 0.00127513 -0.0137558  -0.490826 -0.0499471   -9.79658 
             151.401 -0.00572849    0.103829   0.0409114   -0.010189  -0.0145765 -0.00910064 -0.00681744   0.0537005  0.00105691 -0.0112582 -0.0231495  0.0432843 -0.00143997 0.000409835  0.00115618  0.0053287 0.00194113  0.0117858   0.013917 0.00131098 -0.0138026  -0.490826 -0.0499472   -9.79658 
             151.502 -0.0112448   0.101204  0.0382082 -0.00878581  -0.0152694 -0.00983047 -0.0068251  0.0536966 0.00104326 -0.0112582 -0.0231493  0.0432841  0.00388151 -0.00314021 -0.00152643 0.00533341 0.00194294  0.0117884  0.0137878 0.00137797 -0.0137203  -0.490825 -0.0499476   -9.79658 
             151.601 -0.0586768  0.0945281  0.0335082 -0.0100638 -0.0169829 -0.0108442 -0.00683523   0.0537052  0.00105043 -0.0112578 -0.0231483   0.043282 -0.000691551  -0.00676218  -0.00401313 0.00535963 0.00194576    0.01179  0.0139249 0.00152077 -0.0136351  -0.490826 -0.0499487   -9.79658 
             151.702   -0.0788851    0.0685779 -4.25499e-05 -0.00810025  -0.0152113  -0.0100023 -0.00681926   0.0536956  0.00103793 -0.0112592 -0.0231479  0.0432829   0.00458892    0.0015823 -0.000223316 0.00536732 0.00196063  0.0118082  0.0137486 0.00130241 -0.0137544 -0.490826 -0.049947  -9.79658 
             151.801 -0.0348525   0.097174 0.00593235 -0.00860074  -0.0150855    -0.01101 -0.00682621    0.053698  0.00104501 -0.0112584 -0.0231494  0.0432822 0.00143416 0.00168061 -0.0033589 0.00534267 0.00194379  0.0118056  0.0138291 0.00129811 -0.0136598  -0.490827 -0.0499471   -9.79658 
               151.9 -0.0523112   0.104411  0.0106557 -0.00827447  -0.0152324 -0.00985023 -0.00682371   0.0536961  0.00104469 -0.0112593 -0.0231493  0.0432824 0.00201823 0.00103908 0.00104988 0.00535229 0.00193834  0.0118009  0.0138158 0.00133289 -0.0138033  -0.490827 -0.0499462   -9.79658 
                 152 -0.0526901  0.0653807  0.0300049 -0.00862613  -0.0151643  -0.0106014 -0.00682337   0.0537021  0.00104856 -0.0112601 -0.0231492  0.0432827 -0.000281081   0.00184763  -0.00161445 0.00535251 0.00195934  0.0117891  0.0138586 0.00133509 -0.0137194  -0.490827 -0.0499472   -9.79658 
             152.101 -0.017825 0.0890899 0.0237039 -0.00849043  -0.0136038 -0.00848603 -0.00682359   0.0536928  0.00106041  -0.011261 -0.0231472  0.0432816 0.000888456  0.00538779  0.00483676  0.0053313 0.00194603  0.0117934  0.0138518 0.00120136 -0.0139414  -0.490827 -0.0499426   -9.79658 
               152.2 -0.0444129  0.0805616  0.0391372 -0.00924779  -0.0159162 -0.00929936 -0.00682205   0.0537032  0.00104273 -0.0112621 -0.0231465  0.0432802 -0.00134875 -0.00299773 0.000951134 0.00535015 0.00195066  0.0117864  0.0139163  0.0014815 -0.0138151  -0.490827 -0.0499473   -9.79658 
               152.3 -0.0709306  0.0819086  0.0294856  -0.0100027  -0.0149389 -0.00882452 -0.0068235  0.0537002 0.00104594 -0.0112624 -0.0231469  0.0432815 -0.00279433  0.00121005  0.00197222 0.00536783 0.00195018   0.011792  0.0139687 0.00136449 -0.0138524  -0.490828 -0.0499455   -9.79658 
             152.401 -0.0437409  0.0482952 0.00985035 -0.00963597  -0.0144758 -0.00948503 -0.00682186   0.0537037  0.00104738 -0.0112635 -0.0231471  0.0432809  -0.00197403   0.00264574 -0.000669785 0.00535471  0.0019692  0.0118037  0.0139052 0.00133101 -0.0137662  -0.490827 -0.0499459   -9.79658 
             152.501 -0.0143081  0.0968371  0.0205436 -0.00827492   -0.014165  -0.0106814 -0.00682271   0.0537014  0.00104076  -0.011262 -0.0231484  0.0432821  0.00239553  0.00274275 -0.00435209 0.00533547 0.00194423  0.0117968  0.0137748 0.00132161 -0.0136561  -0.490825 -0.0499467   -9.79658 
             152.599 -0.0183067   0.115371  0.0289208 -0.00838753  -0.0139608  -0.0093475 -0.00682307   0.0537005  0.00104455 -0.0112637  -0.023148  0.0432817 0.00162544 0.00259928 0.00119992 0.00533957 0.00193472  0.0117938  0.0138096 0.00132888 -0.0138295 -0.490827 -0.049945  -9.79658 
             152.703 -0.0398807   0.101689  0.0386088 -0.00996243   -0.014622 -0.00920823 -0.00682252   0.0537032  0.00104997  -0.011264 -0.0231477  0.0432813   -0.0028445 -7.53273e-05   0.00122699 0.00535062 0.00194165  0.0117876 0.0139574 0.0014153  -0.01383  -0.490829 -0.0499462   -9.79658 
             152.801 -0.024491 0.0861533 0.0293633  -0.0119894  -0.0150833 -0.00952285 -0.00682128   0.0537083   0.0010512 -0.0112643 -0.0231479  0.0432822  -0.00772136  -0.00143421 -0.000961984 0.00533883  0.0019517  0.0117896  0.0141016 0.00145696 -0.0137882  -0.490829 -0.0499471   -9.79658 
             152.901 -0.0389634   0.101275 0.00513373  -0.0121125  -0.0142513 -0.00947102 -0.00681924   0.0537064  0.00105638 -0.0112651 -0.0231477  0.0432828 -0.00438134  0.00102666 -0.00109754  0.0053468 0.00194399  0.0118044  0.0140548 0.00136607 -0.0138108  -0.490829 -0.0499461   -9.79658 
             153.001 -0.0307792  0.0687443 -0.0164736 -0.0092122 -0.0136502 -0.0101711 -0.00682313   0.0537234  0.00105778 -0.0112658 -0.0231459  0.0432805  0.00462413  0.00346858 -0.00420256 0.00534038 0.00196737  0.0118147  0.0137656 0.00132473 -0.0137665  -0.490825 -0.0499444   -9.79658 
               153.1 -0.0235221    0.08189  0.0353031  -0.0076919  -0.0133845 -0.00944389 -0.00681995   0.0537456  0.00105552 -0.0112663 -0.0231468  0.0432807  0.00738663  0.00255991 0.000415783 0.00533879 0.00196064  0.0117871  0.0136725 0.00132915  -0.013874  -0.490822 -0.0499445   -9.79659 
               153.2 -0.0109405  0.0874402  0.0813318 -0.0079283 -0.0154354 -0.0109823 -0.00679465   0.0537286  0.00108781 -0.0112696 -0.0231465  0.0432816  0.00397969 -0.00447265 -0.00346154 0.00533278 0.00195808  0.0117609   0.013754 0.00155157 -0.0137142 -0.490825 -0.049949  -9.79658 
             153.301 -0.0374677   0.106086   0.030168 -0.00679206  -0.0159786  -0.0102169 -0.00679339   0.0537321  0.00108615 -0.0112702 -0.0231466  0.0432819  0.00684123   -0.005224 1.25838e-05  0.0053438 0.00194824  0.0117845  0.0136953 0.00156269 -0.0138263  -0.490825 -0.0499492   -9.79658 
               153.4 -0.0559317  0.0735987  0.0217867 -0.00771149  -0.0150075  -0.0106337 -0.00677476   0.0537403  0.00109846 -0.0112723 -0.0231472  0.0432842   0.00224576 -0.000146393  -0.00131771 0.00535746 0.00196617   0.011792    0.01383  0.0014222 -0.0137815  -0.490827 -0.0499499   -9.79658 
             153.501 -0.0963604  0.0635657  0.0489001   -0.007793  -0.0158885 -0.00995493 -0.00678611   0.0537427  0.00109591 -0.0112722 -0.0231482  0.0432831 0.00126485 -0.0017026 0.00117019 0.00538016 0.00197125  0.0117762  0.0138502  0.0015176 -0.0138623  -0.490826 -0.0499499   -9.79658 
             153.601 -0.0424211   0.106201  0.0188053  -0.0105385  -0.0151908 -0.00858391 -0.00677031   0.0537669  0.00111926 -0.0112744 -0.0231484  0.0432796 -0.00676986  0.00121719  0.00527235 0.00534768 0.00194746  0.0117911  0.0140967 0.00142774 -0.0139834 -0.490828 -0.049951  -9.79658 
               153.7 -0.0338642   0.102092  0.0449414 -0.0127648 -0.0145319 -0.0081557 -0.00676209   0.0537756  0.00112543 -0.0112739 -0.0231478  0.0432787 -0.0113562 0.00339207 0.00484155 0.00534223 0.00195065  0.0117755  0.0142293 0.00137129 -0.0139713  -0.490829 -0.0499524   -9.79658 
             153.802 -0.0511755  0.0742837  0.0376182  -0.0121661  -0.0145915 -0.00876146 -0.00676579   0.0537688   0.0011212 -0.0112747  -0.023148   0.043278 -0.0071642 0.00284119 0.00103725 0.00535202 0.00196509  0.0117786  0.0140802 0.00141252  -0.013865  -0.490827 -0.0499532   -9.79658 
             153.901 -0.023303  0.103105 0.0525369  -0.0106769  -0.0149223 -0.00946413 -0.00677121   0.0537586  0.00111952 -0.0112746 -0.0231491  0.0432789 -0.000530343  0.000766928  -0.00110416 0.00533615 0.00194783  0.0117708  0.0138971 0.00147076 -0.0137864  -0.490826 -0.0499532   -9.79658 
             154.001 -0.0345651   0.109055  0.0348832  -0.0101174  -0.0158023 -0.00835758 -0.00678395   0.0537548   0.0011144 -0.0112742 -0.0231494  0.0432785  0.00201518 -0.00237365   0.0028321 0.00534447 0.00194344  0.0117838  0.0138466 0.00156833 -0.0139081  -0.490825 -0.0499514   -9.79658 
               154.1 -0.0297225  0.0894637    0.03083 -0.00775923  -0.0150442 -0.00764307 -0.00678848   0.0537423  0.00112703 -0.0112742 -0.0231491  0.0432777   0.00845355 -4.20135e-05    0.0044575 0.00534258 0.00195387  0.0117865  0.0136582 0.00147401 -0.0139518  -0.490825 -0.0499477   -9.79658 
               154.2 -0.00136847   0.0930554   0.0581449 -0.00674623    -0.01571 -0.00887541 -0.0067916  0.0537445  0.0011258 -0.0112751 -0.0231503  0.0432781    0.0087628  -0.00254809 -0.000411192  0.0053325 0.00195208  0.0117759  0.0136419 0.00153532 -0.0137852  -0.490824 -0.0499487   -9.79659 
             154.302 -0.00234031    0.121042   0.0322079 -0.00529676   -0.015533 -0.00845707 -0.00678892   0.0537413  0.00112551 -0.0112758   -0.02315  0.0432783   0.0108423 -0.00127297 0.000754122 0.00533556 0.00193725  0.0117922  0.0135983  0.0014968 -0.0138308 -0.490824 -0.049948  -9.79658 
             154.401 -0.0425923  0.0891389  0.0356062 -0.00873507  -0.0153234 -0.00924982 -0.00676932   0.0537672  0.00114534 -0.0112769 -0.0231495  0.0432815 -0.00261382  0.00097101 -0.00207801 0.00535653 0.00195485  0.0117888  0.0139747 0.00146149 -0.0137425 -0.490827 -0.049953  -9.79658 
             154.501 -0.0707278  0.0737592   0.024355 -0.00858489  -0.0143924  -0.0102438 -0.0067665   0.053762 0.00114684 -0.0112778 -0.0231483  0.0432824 -0.00182855  0.00421044 -0.00470792 0.00537301 0.00196339  0.0117955  0.0139406  0.0013858 -0.0136649  -0.490828 -0.0499516   -9.79658 
             154.601 -0.0215598  0.0883359  0.0431207 -0.00960754  -0.0144988  -0.0106739 -0.00676484    0.053767  0.00114758 -0.011278 -0.023148 0.0432829 -0.00391241  0.00210008  -0.0041681 0.00534736 0.00195538  0.0117851   0.014015 0.00142766 -0.0136664  -0.490828 -0.0499528   -9.79658 
             154.701 -0.0742003  0.0796398  0.0211363 -0.0100032 -0.0150373 -0.0109894 -0.00676907   0.0537688   0.0011444 -0.0112778 -0.0231481  0.0432822 -0.00359959 0.000764109 -0.00430556 0.00537841 0.00195929  0.0117997  0.0140135 0.00150976 -0.0136782  -0.490827 -0.0499532   -9.79658 
               154.8 -0.061782 0.0746637  0.028781 -0.00829052  -0.0138168  -0.0110606 -0.00676963   0.0537579  0.00114094 -0.0112775 -0.0231483  0.0432819  0.00204876   0.0045916 -0.00265596 0.00537127 0.00196304  0.0117952  0.0138338 0.00140749 -0.0137139  -0.490827 -0.0499506   -9.79658 
             154.901 -0.0279648  0.0936201   0.039653 -0.00765492  -0.0143384  -0.0106781  -0.006773  0.0537574 0.00114296 -0.0112785 -0.0231475  0.0432836   0.00334301   0.00138717 -0.000652351 0.00535512  0.0019536   0.011792  0.0137959 0.00150365 -0.0137791  -0.490827 -0.0499503   -9.79658 
             155.001 -0.0406212   0.132525  0.0386513 -0.00760668  -0.0156664 -0.00953133 -0.00678639    0.053762  0.00114635 -0.0112804 -0.0231475  0.0432834  0.00307353 -0.00248335  0.00257094 0.00536371 0.00193088  0.0117927  0.0138225 0.00165116 -0.0139012 -0.490827 -0.049949  -9.79658 
             155.101 -0.0397186  0.0822875  0.0201011 -0.00959126  -0.0156256 -0.00835448 -0.00678424   0.0537667  0.00114662 -0.0112796 -0.0231483   0.043285 -0.00376197 -0.00141998  0.00591465 0.00536268 0.00196079  0.0118025  0.0140146 0.00161811  -0.013985  -0.490829 -0.0499489   -9.79658 
             155.199 -0.0429181   0.098436  0.0276738   -0.010857  -0.0152472 -0.00842323 -0.00677791   0.0537686  0.00114767 -0.0112797 -0.0231481  0.0432853 -0.00549923 0.000206221  0.00311577  0.0053662 0.00195264  0.0117983  0.0140949 0.00156341 -0.0139193   -0.49083 -0.0499499   -9.79658 
             155.301 -0.0231627  0.0967899  0.0295438 -0.00986648  -0.0147617 -0.00826913 -0.00677865   0.0537628  0.00114656 -0.0112796 -0.0231483   0.043285 -0.00117905 0.000883558  0.00332941 0.00535497 0.00195361  0.0117968  0.0139653 0.00152124 -0.0138994 -0.490829 -0.049949  -9.79658 
               155.4 -0.0286215   0.102767  0.0102504  -0.0069716  -0.0144144 -0.00831925 -0.00677874   0.0537529   0.0011462 -0.0112797 -0.0231475  0.0432851  0.00809255 0.000558542  0.00298869 0.00536037 0.00195145  0.0118064  0.0137176 0.00149639 -0.0138579 -0.490828 -0.049948  -9.79658 
             155.501 0.0196433  0.100078 0.0415759 -0.00480131  -0.0128994 -0.00820769 -0.00677038   0.0537414  0.00113556 -0.0112785 -0.0231484  0.0432835  0.0113259 0.00417029 0.00313043 0.00533462 0.00195306  0.0117926  0.0136045 0.00135793 -0.0138377 -0.490828 -0.049947  -9.79658 
             155.601 -0.00601618    0.113302  0.00434983  -0.0066212  -0.0131559 -0.00854909 -0.00678625    0.053771  0.00116622  -0.011278 -0.0231495  0.0432828  0.00316444  0.00253068 0.000812212 0.00535042 0.00194644  0.0118161  0.0138514 0.00141565 -0.0137732  -0.490828 -0.0499466   -9.79658 
               155.7 -0.0458385  0.0946433   0.037936 -0.00983404  -0.0145845 -0.00921836 -0.00681709   0.0538182  0.00120913 -0.0112794 -0.0231466  0.0432811 -0.00662334 -0.00214315 -0.00179618 0.00537178  0.0019554  0.0117963  0.0141461 0.00157183 -0.0136999  -0.490827 -0.0499455   -9.79658 
             155.802 -0.0223938   0.103008  0.0306931 -0.00762545  -0.0146308 -0.00932679 -0.00681557   0.0537889  0.00117898 -0.0112794 -0.0231466  0.0432813  0.00221543 -0.00281359 -0.00175335 0.00535918 0.00195179  0.0118016  0.0139069 0.00155462 -0.0137102  -0.490827 -0.0499454   -9.79658 
             155.901  -0.0103614    0.082715 -0.00390636 -0.00917434    -0.01453 -0.00983472 -0.0068174  0.0537997 0.00119631 -0.0112801 -0.0231482  0.0432817 -0.00267352 -0.00233236 -0.00251738 0.00535222 0.00196184  0.0118193  0.0140542 0.00151265 -0.0136738  -0.490828 -0.0499449   -9.79658 
             156.001 -0.00290388    0.113206   0.0280174 -0.00991428  -0.0140086  -0.0105618 -0.00682151   0.0537987  0.00119817 -0.0112791 -0.0231482   0.043281  -0.00344939 -0.000492821  -0.00407605 0.00534776 0.00194421  0.0117994   0.014098 0.00143859 -0.0136259  -0.490829 -0.0499437   -9.79658 
             156.101 -0.0381479   0.072536 0.00350771 -0.0107363  -0.014411 -0.0101108 -0.00681487   0.0538008   0.0012028 -0.011278 -0.023149 0.0432809  -0.00541593  -0.00111542 -0.000950306 0.00536933 0.00196658  0.0118145  0.0141313 0.00147889 -0.0137104 -0.490829 -0.049945  -9.79658 
             156.201 -0.0621481   0.090733  0.0520227 -0.00962319  -0.0149064 -0.00990877 -0.0068153  0.0537982 0.00118737 -0.0112789 -0.0231508  0.0432807  -0.00101655   -0.0012294 -6.05118e-05 0.00538407  0.0019566  0.0117888  0.0139906 0.00152164 -0.0137421  -0.490828 -0.0499459   -9.79658 
               156.3 0.00923676   0.110523  0.0334357 -0.00786208  -0.0149686 -0.00955341 -0.00680985   0.0537904  0.00117031 -0.0112791 -0.0231499  0.0432815  0.00491202 -0.00223031 0.000773978 0.00534537 0.00194428  0.0118012  0.0138391 0.00150266  -0.013778  -0.490827 -0.0499465   -9.79658 
             156.401 -0.0471566   0.108603  0.0154455 -0.00920005  -0.0154244 -0.00925243 -0.00681094   0.0537996  0.00118099  -0.011279 -0.0231509   0.043281 0.000272598 -0.00248189  0.00127847 0.00537424 0.00194546  0.0118097  0.0139967 0.00152713 -0.0137978  -0.490828 -0.0499468   -9.79658 
             156.501 -0.0123525  0.0807072  0.0249593 -0.00599735  -0.0151409  -0.0102595 -0.00681755   0.0537901  0.00116802   -0.01128 -0.0231514   0.043279  0.00944642 -0.00152677 -0.00227433 0.00535575 0.00196181  0.0118046  0.0137261 0.00147466 -0.0136896  -0.490826 -0.0499451   -9.79658 
               156.6 -0.0701357  0.0647131  0.0399052 -0.00546451  -0.0148611 -0.00925526 -0.00681649   0.0537912  0.00116635  -0.011279 -0.0231531  0.0432795   0.0084192 0.000910914  0.00148421 0.00538718 0.00197067  0.0117976  0.0137561 0.00144616 -0.0138072  -0.490826 -0.0499449   -9.79658 
             156.701 -0.0791102  0.0670959  0.0224986 -0.00641213  -0.0156293  -0.0102501 -0.00681622   0.0537927   0.0011745 -0.0112787  -0.023153  0.0432792    0.0026638 -0.000411876  -0.00203812 0.00539242 0.00196994  0.0118074  0.0139012 0.00153188 -0.0136985  -0.490827 -0.0499465   -9.79658 
               156.8 -0.0165531   0.124898  0.0565217 -0.00709301  -0.0147138 -0.00886479 -0.00682067   0.0537991  0.00117335 -0.0112807 -0.0231496  0.0432761 0.000536425  0.00217493  0.00254913 0.00535793 0.00193643  0.0117893  0.0139895  0.0014291 -0.0138542 -0.490829 -0.049944  -9.79658 
             156.901 -0.0401436   0.110547  0.0333042 -0.00848831  -0.0147472 -0.00616859 -0.00683201    0.053801  0.00117335 -0.0112806 -0.0231501  0.0432758 -0.00327737  0.00179474   0.0099388 0.00537129 0.00194465   0.011802  0.0141112 0.00145711 -0.0140968  -0.490831 -0.0499408   -9.79658 
                 157 -0.0581265  0.0889596 0.00611101  -0.0105936  -0.0151512 -0.00734252 -0.0068156   0.053806 0.00117142 -0.0112819 -0.0231504  0.0432765 -0.00876028 0.000855486  0.00324791 0.0053802 0.0019552 0.0118167  0.0142628 0.00150969 -0.0138789  -0.490831 -0.0499461   -9.79658 
             157.102 -0.0122824   0.154819  0.0722227  -0.0118116  -0.0148434 -0.00803964 -0.00681061   0.0538035  0.00116857 -0.0112798  -0.023151  0.0432756 -0.00821713 0.000825441 0.000244485 0.00535443  0.0019174   0.011781  0.0143053 0.00147905 -0.0137762  -0.490832 -0.0499475   -9.79658 
             157.201 0.0226256  0.100975 0.0435239  -0.0123125  -0.0149022 -0.00781674 -0.00681265   0.0538022  0.00116872 -0.0112794 -0.0231507  0.0432754  -0.00723328 -0.000879072  0.000961772 0.00533452 0.00194667  0.0117956  0.0142745 0.00148788 -0.0137969  -0.490832 -0.0499471   -9.79658 
             157.298 -0.0520422   0.105071  0.0211396 -0.00912242  -0.0158031 -0.00887459 -0.00682303   0.0537982  0.00117339  -0.011279 -0.0231465  0.0432718  0.00399378 -0.00272794 -0.00269307 0.00537606 0.00194477  0.0118079  0.0139418 0.00158647 -0.0136901  -0.490829 -0.0499445   -9.79658 
             157.399 -0.0341211   0.104798  0.0453033 -0.00833294  -0.0149858 -0.00973228 -0.00682143   0.0537921  0.00117645 -0.0112786 -0.0231464  0.0432722  0.00470557  0.00101512 -0.00409062 0.00536433 0.00194553  0.0117934  0.0139091 0.00148071 -0.0136316 -0.490831 -0.049943  -9.79658 
               157.5 -0.000894631     0.127847   0.00562272  -0.0104687  -0.0137772 -0.00958276 -0.00681264    0.053799  0.00118935 -0.0112799 -0.0231477  0.0432702 -0.00227935  0.00405955 -0.00238416 0.00534622 0.00193193  0.0118171  0.0141376 0.00136148 -0.0136831  -0.490834 -0.0499446   -9.79658 
             157.601 -0.0065045  0.0773718  0.0352953 -0.00939701  -0.0136869 -0.00885991 -0.00681513   0.0537939  0.00118226 -0.0112788 -0.0231482   0.043269  0.00142361  0.00285197 0.000321702  0.0053493 0.00196097  0.0117981  0.0140269 0.00139682  -0.013788  -0.490832 -0.0499442   -9.79658 
             157.701 -0.0168981    0.11846 -0.0114914 -0.0096357 -0.0140343 -0.0101665 -0.00681708   0.0537915  0.00117977 -0.0112772 -0.0231479  0.0432686  0.00129871 0.000130493 -0.00340218 0.00535384 0.00193852  0.0118255  0.0140623 0.00145321  -0.013649  -0.490833 -0.0499441   -9.79658 
             157.801 -0.0614027   0.104739  0.0370455 -0.00891445  -0.0148201  -0.0105876 -0.00682574   0.0537889  0.00117608 -0.0112782 -0.0231484  0.0432672  0.00315007 -0.00112896  -0.0044891 0.00537813 0.00194569  0.0117999  0.0140072 0.00154735 -0.0136465  -0.490833 -0.0499442   -9.79658 
               157.9 -0.016783 0.0682675 0.0188992 -0.00774177  -0.0150818 -0.00971051 -0.00682379   0.0537831  0.00117522 -0.0112766 -0.0231467  0.0432669   0.00442376  -0.00171243 -0.000312329 0.00535407 0.00196696  0.0118072  0.0139253 0.00156575  -0.013788  -0.490832 -0.0499453   -9.79658 
             158.001 -0.0306416  0.0918613 0.00494435 -0.00890731   -0.014726 -0.00835845 -0.00683423   0.0537796  0.00116889 -0.0112775  -0.023147  0.0432663 -0.000990523   0.00056576   0.00442861 0.00536095 0.00195416  0.0118126  0.0140621 0.00151733 -0.0139216  -0.490833 -0.0499437   -9.79658 
             158.101 -0.0433098   0.110551  0.0646907 -0.00831342  -0.0148034 -0.00851703 -0.00682994   0.0537842  0.00117121 -0.0112772 -0.0231474  0.0432666 0.00080416  0.0010001 0.00231222 0.00536791 0.00194578  0.0117787  0.0140062 0.00153221 -0.0138653  -0.490832 -0.0499444   -9.79658 
             158.201 -0.0494341   0.105428  0.0127928 -0.00925267  -0.0147815  -0.0093538 -0.00682281   0.0537981   0.0011638 -0.0112772  -0.023148  0.0432665  -0.0015368 0.000735801 -0.00145039 0.00536983 0.00194902  0.0118063  0.0140978 0.00153493 -0.0137589  -0.490831 -0.0499452   -9.79658 
               158.3 0.0019383 0.0704383 0.0371836   -0.008024  -0.0150786 -0.00829347 -0.00683142   0.0537802  0.00116592 -0.0112758 -0.0231463  0.0432661  0.00216567 -0.00147186  0.00245146 0.00534217  0.0019674   0.011794  0.0139726 0.00156866 -0.0138801  -0.490831 -0.0499439   -9.79658 
               158.4 -0.0236222  0.0908749  0.0225048 -0.00939925  -0.0150376  -0.0107371 -0.00681751   0.0538027  0.00115922 -0.0112751 -0.0231461   0.043266 -0.00176278 -0.00072722 -0.00641605 0.00535675 0.00195621  0.0118021  0.0141088 0.00154999 -0.0136138  -0.490831 -0.0499465   -9.79658 
             158.501  -0.01615  0.102417 0.0300755 -0.00867893  -0.0152997  -0.0104057 -0.0068195  0.0537979 0.00116097 -0.0112757 -0.0231463  0.0432663  0.00106188 -0.00157537 -0.00269185 0.00535058 0.00195132  0.0117978  0.0140295 0.00157243 -0.0137089  -0.490831 -0.0499462   -9.79658 
               158.6 -0.0629139  0.0667974   0.043667 -0.00856056  -0.0153481  -0.0104012 -0.00681989   0.0537965  0.00115999 -0.0112753 -0.0231469  0.0432663 9.97514e-05 5.28799e-05 -0.00225774 0.00537481 0.00197158  0.0117884  0.0140211 0.00157081 -0.0137407  -0.490831 -0.0499462   -9.79658 
             158.701 -0.0485934  0.0878696  0.0211732    -0.01013  -0.0154665 -0.00974741 -0.00681565   0.0537984  0.00116451 -0.0112757 -0.0231474  0.0432659 -0.00464104 6.41011e-05 0.000391054 0.00536404 0.00195956  0.0117994  0.0141587 0.00157908 -0.0138283  -0.490832 -0.0499472   -9.79658 
             158.801 -0.0253324   0.113633  0.0427565  -0.0109056  -0.0156515 -0.00952998 -0.00681459    0.053799  0.00116569  -0.011276 -0.0231471  0.0432658  -0.00491083 -0.000839215  0.000592858 0.00535165 0.00194249  0.0117896  0.0141921 0.00159087 -0.0138467  -0.490833 -0.0499475   -9.79658 
             158.901 -0.0177566   0.110565  0.0393504 -0.0125544 -0.0143218  -0.009151 -0.00681184   0.0537962  0.00117218  -0.011276 -0.0231469  0.0432647 -0.0076313 0.00272595 0.00156907 0.00534632 0.00194389    0.01179  0.0142982 0.00144557 -0.0138741  -0.490835 -0.0499468   -9.79658 
             159.001 -0.0545467  0.0697687  0.0451991 -0.0070976 -0.0141917  -0.009189 -0.00683358   0.0537984  0.00115873  -0.011276 -0.0231475  0.0432587 0.00985772 0.00208179 0.00152316 0.00536955  0.0019674  0.0117879  0.0137533 0.00147891 -0.0138591 -0.490829 -0.049942  -9.79658 
             159.101 -0.0365016  0.0927442  0.0239379 -0.00710394  -0.0149582   -0.010118 -0.00683601   0.0538005  0.00116046 -0.0112752 -0.0231483   0.043259  0.00735593 -0.00100111 -0.00189434 0.00535948 0.00195487  0.0117987   0.013836 0.00157414  -0.013752  -0.490829 -0.0499437   -9.79658 
             159.201 -0.094401 0.0700846 0.0241502 -0.00991047  -0.0148495  -0.0100921 -0.00682513   0.0538117  0.00118374 -0.0112752 -0.0231493  0.0432608 -0.00340346    0.001164 -0.00119359 0.00539215 0.00196804   0.011798   0.014135 0.00155905 -0.0137707  -0.490831 -0.0499466   -9.79658 
               159.3 -0.00167902   0.0976449 -0.00184819  -0.0115143   -0.013462 -0.00859689 -0.0068065  0.0538172 0.00120137 -0.0112769 -0.0231466  0.0432576 -0.00718538  0.00468525  0.00351228 0.00534379 0.00195309   0.011814  0.0142462 0.00142502 -0.0139308 -0.490833 -0.049946  -9.79658 
             159.401 -0.0481429  0.0924022  0.0467662  -0.0101698  -0.0140802 -0.00913554 -0.0068171  0.0538156 0.00118376 -0.0112784 -0.0231482  0.0432573 -0.00200421  0.00213926 0.000811712 0.00536972 0.00195555  0.0117876  0.0140668 0.00153666 -0.0138451  -0.490831 -0.0499467   -9.79658 
               159.5 -0.0162637   0.119191  0.0331679  -0.0105861  -0.0148433 -0.00881816 -0.00681909   0.0538157  0.00117968 -0.0112785  -0.023148  0.0432579 -0.00218925 -0.00136328  0.00118131 0.00535211 0.00194033  0.0117954  0.0140907 0.00162519 -0.0138687  -0.490831 -0.0499472   -9.79658 
             159.601 -0.0270218   0.100971  0.0190698  -0.0110073  -0.0149696 -0.00855664 -0.00681922   0.0538154  0.00118026 -0.0112785  -0.023148   0.043258 -0.00227954 -0.00181073  0.00194315 0.00535866 0.00195022  0.0118008  0.0141091 0.00162332 -0.0138793  -0.490831 -0.0499471   -9.79658 
               159.7 -0.0282761  0.0893842  0.0426757 -0.00941907  -0.0151409 -0.00877366 -0.00682239   0.0538145  0.00117842 -0.0112787 -0.0231486  0.0432573  0.00334283 -0.00196156 0.000967043 0.00536019 0.00195741  0.0117892  0.0139506 0.00162725 -0.0138377   -0.49083 -0.0499467   -9.79658 
             159.801 -0.0478058   0.110262   0.028091 -0.00904159  -0.0145453 -0.00929527 -0.0068178  0.0538154  0.0011853 -0.0112786  -0.023148  0.0432579    0.0037722  0.000303376 -0.000660751 0.00536954 0.00194694  0.0117966  0.0139471 0.00155471 -0.0137755  -0.490831 -0.0499464   -9.79658 
             159.902 -0.0728648  0.0883144  0.0318353 -0.00950962  -0.0149789  -0.0104089 -0.00682026   0.0538215  0.00118695 -0.0112793  -0.023147  0.0432578  0.00113144 0.000262685 -0.00514827 0.00538417 0.00196039  0.0117954  0.0140145 0.00160698 -0.0136782 -0.490831 -0.049947  -9.79658 
             160.001 -0.013396 0.0809115 0.0240611 -0.00741606   -0.013673 -0.00965141 -0.00681211   0.0538163  0.00117501 -0.0112795 -0.0231444  0.0432554  0.00607923  0.00380262 -0.00183808 0.00535106 0.00196527   0.011799   0.013841 0.00148106 -0.0138003   -0.49083 -0.0499451   -9.79658 
               160.1 0.00610862   0.120946  0.0456352 -0.00860735  -0.0141843 -0.00987107 -0.00680806    0.053819  0.00118297 -0.0112798 -0.0231439   0.043255   0.00124758  0.000234099 -0.000800109 0.00534034 0.00194031  0.0117896  0.0139993 0.00155563 -0.0137905  -0.490831 -0.0499469   -9.79658 
             160.201 -0.059468  0.094269 0.0451075 -0.00814858  -0.0161897 -0.00926518 -0.00680684   0.0538244  0.00117029 -0.0112796 -0.0231456  0.0432512   0.0031367 -0.00474542 0.000492636 0.00537736 0.00195479  0.0117896  0.0139692  0.0017709 -0.0138683  -0.490829 -0.0499485   -9.79658 
             160.301 -0.0338663  0.0900569  0.0185332 -0.00757334  -0.0153178  -0.0096208 -0.00680907   0.0538234  0.00117814 -0.0112806 -0.0231456  0.0432509  0.00419237 -0.00118301 -0.00175016 0.00536278 0.00195707  0.0118018  0.0139456 0.00163754 -0.0138319  -0.49083 -0.049947  -9.79658 
               160.4 -0.0580439  0.0733311  0.0075597 -0.00956401  -0.0143749 -0.00960858 -0.00681085   0.0538108  0.00117333 -0.0112813  -0.023147  0.0432525 -0.00301856  0.00304255 -0.00130275 0.00537731 0.00196372  0.0118097  0.0141478 0.00153888 -0.0138498  -0.490833 -0.0499473   -9.79658 
             160.501 -0.0095704   0.116479  0.0131088 -0.00950368  -0.0142581 -0.00871376 -0.00681045   0.0538174  0.00117728 -0.0112826 -0.0231457  0.0432531 -0.00191812  0.00226855  0.00193166 0.00534871 0.00193889  0.0118051  0.0141202  0.0015526 -0.0139503  -0.490832 -0.0499468   -9.79658 
             160.601 -0.00387933    0.131177   0.0323514 -0.00926589   -0.013643 -0.00904196 -0.00681269   0.0538176  0.00117575 -0.011282 -0.023146  0.043253 -0.000473398   0.00349815  0.000559283 0.00534508 0.00193161  0.0117954  0.0140913 0.00150889 -0.0139012  -0.490832 -0.0499465   -9.79658 
             160.701 -0.0501625  0.0680508 0.00090697 -0.00874465  -0.0137253 -0.00933317 -0.00681067   0.0538212    0.001177 -0.0112823 -0.0231455  0.0432518  0.000429663   0.00252553 -0.000529237 0.00537145 0.00196666  0.0118139  0.0140378 0.00155345  -0.013869  -0.490831 -0.0499472   -9.79658 
             160.802 -0.00887183   0.0931022   0.0214525 -0.00945991  -0.0142483  -0.0101134 -0.00681186     0.05382  0.00117521 -0.0112823  -0.023146  0.0432522   -0.0011271 -0.000961671  -0.00292132  0.0053507 0.00195269  0.0118039  0.0141057 0.00162006 -0.0137957  -0.490833 -0.0499475   -9.79658 
             160.901  -0.0346491    0.134963 -0.00461234  -0.0118892  -0.0135451 -0.00990218 -0.00681294   0.0538274  0.00118018 -0.0112832 -0.0231468  0.0432504  -0.00620163  0.000819762 -0.000926253 0.00536377 0.00192967  0.0118164  0.0143127 0.00154401 -0.0138422  -0.490833 -0.0499461   -9.79658 
                 161 0.00505597   0.100071  0.0401353 -0.00977279  -0.0138111 -0.00851816 -0.00680494   0.0538183  0.00116843 -0.0112828 -0.0231469  0.0432501  0.00171404 -0.00118935  0.00337976 0.00534359 0.00195017  0.0117921  0.0140725 0.00158306 -0.0139921  -0.490832 -0.0499486   -9.79658 
             161.101 -0.0359682  0.0733146  0.0161712 -0.00947829  -0.0148623 -0.00958492 -0.00681958    0.053816  0.00117023 -0.0112842 -0.0231454  0.0432489   0.00132451  -0.00327318 -0.000683809 0.00536686 0.00196491  0.0118041  0.0140543 0.00168131 -0.0138568  -0.490833 -0.0499478   -9.79658 
               161.2 -0.0256738  0.0971696   0.041665 -0.0089978 -0.0156067 -0.0106208 -0.00682887   0.0538098  0.00116946 -0.0112839 -0.0231454  0.0432489  0.00224669 -0.00411611 -0.00392179 0.00535964 0.00195094  0.0117863  0.0140277 0.00171796  -0.013765 -0.490834 -0.049947  -9.79658 
             161.301 -0.0301163   0.111808  0.0441331 -0.0112024 -0.0151327 -0.0106803 -0.00682367   0.0538173  0.00118536  -0.011284 -0.0231452  0.0432479  -0.0045487 -0.00142458 -0.00319599  0.0053611 0.00194288  0.0117858  0.0142447  0.0016245 -0.0137965  -0.490835 -0.0499464   -9.79658 
             161.401 -0.0233116   0.102169  0.0527299  -0.0112422  -0.0152048 -0.00944355 -0.00681533     0.05382  0.00118329 -0.0112837 -0.0231448  0.0432479 -0.00270581 -0.00167505  0.00126945 0.00535728 0.00194832  0.0117808  0.0142119 0.00161756 -0.0139514  -0.490834 -0.0499472   -9.79658 
               161.5 -0.0440388  0.0910204  0.0265176  -0.0106957  -0.0150418 -0.00874722 -0.00681523   0.0538192  0.00118063 -0.0112837 -0.0231446  0.0432479 -0.000226996   -0.0011398   0.00325182 0.00536746 0.00195494   0.011795  0.0141404 0.00159036 -0.0140081  -0.490834 -0.0499466   -9.79658 
             161.601 -0.00805976   0.0956114   0.0108556  -0.0114717  -0.0144129 -0.00838914 -0.00681588    0.053818  0.00118416 -0.0112844 -0.0231451   0.043247 -0.00199696 0.000228562  0.00343779 0.00534617 0.00195374  0.0118038  0.0142038 0.00151464 -0.0140114  -0.490835 -0.0499465   -9.79658 
             161.701 -0.0309575  0.0974743  0.0255213 -0.00938732    -0.01491 -0.00852776 -0.00682136   0.0538212  0.00117251 -0.0112847 -0.0231457   0.043247  0.00487883 -0.00128399  0.00191776 0.00535744 0.00195435   0.011794  0.0140027 0.00157442 -0.0139663  -0.490833 -0.0499452   -9.79658 
             161.801 -0.0343657  0.0880615  0.0177389  -0.0101966  -0.0135244 -0.00850319 -0.00681642   0.0538225  0.00118467 -0.0112846 -0.0231455  0.0432478 0.00047836 0.00434916 0.00139817 0.00535733  0.0019594  0.0117966  0.0141123 0.00142772 -0.0139477  -0.490834 -0.0499448   -9.79658 
             161.901  0.0356882   0.131248 0.00560301  -0.0101063  -0.0140304 -0.00836578 -0.00681678   0.0538214  0.00118647 -0.0112846 -0.0231454  0.0432493 0.000958581 0.000883766  0.00125809 0.00531966 0.00193526  0.0118032  0.0141161 0.00150374 -0.0139507  -0.490834 -0.0499454   -9.79658 
             162.001  -0.0219354    0.123057 0.000593853 -0.00816491  -0.0139119 -0.00979259 -0.00681807   0.0538156  0.00118245 -0.0112844 -0.0231435  0.0432497  0.00633343  0.00109911 -0.00354258 0.00535113 0.00193965  0.0118065  0.0139672 0.00150176 -0.0138006  -0.490834 -0.0499449   -9.79658 
             162.101 0.00647606  0.0858257   0.018403 -0.00847364  -0.0128191 -0.00757224 -0.0068087  0.0538166 0.00118157 -0.0112805 -0.0231432  0.0432506 0.00411873 0.00245482 0.00445628 0.00533571 0.00195989  0.0117969  0.0140487 0.00139704 -0.0140501  -0.490832 -0.0499468   -9.79658 
               162.2 -0.0173713   0.104634   0.056001 -0.00621648  -0.0137706 -0.00856022 -0.00681443   0.0538131  0.00118009 -0.0112823 -0.0231442  0.0432497  0.00996484  -0.0018321 2.92106e-05 0.00534851  0.0019498  0.0117747  0.0138905 0.00151638 -0.0139131  -0.490833 -0.0499467   -9.79658 
               162.3 -0.0175445   0.110712 0.00608138 -0.00703405  -0.0143777 -0.00978332 -0.00682883   0.0538151   0.0011825 -0.0112816 -0.0231452  0.0432493  0.00481717 -0.00232389 -0.00333195 0.00534966 0.00194598  0.0118038   0.014042 0.00156139 -0.0137926  -0.490835 -0.0499437   -9.79658 
             162.401 -0.0565456  0.0921192  0.0297823 -0.00820954  -0.0150363  -0.0107695 -0.00683391   0.0538175  0.00118906 -0.0112819 -0.0231442  0.0432493 -0.000191349  -0.00196832  -0.00615794 0.00536888  0.0019543  0.0117888   0.014178 0.00161076 -0.0137288  -0.490837 -0.0499427   -9.79658 
               162.5 -0.0545426  0.0853228  0.0315224 -0.00977399  -0.0157534  -0.0113418 -0.00683583   0.0538233  0.00118832 -0.0112819 -0.0231444  0.0432496 -0.00473388 -0.00417475 -0.00687314 0.00536543 0.00195751  0.0117877  0.0143077 0.00164896 -0.0137369  -0.490837 -0.0499428   -9.79658 
             162.601 -0.0417207  0.0794098  0.0128894 -0.00880294  -0.0155004  -0.0109121 -0.00683525   0.0538233  0.00118729  -0.011282 -0.0231432  0.0432491 -0.00148834 -0.00102437 -0.00276167 0.00535948 0.00196186  0.0118008  0.0141807 0.00159196 -0.0138352  -0.490836 -0.0499421   -9.79658 
             162.701 -0.0583363   0.111726  0.0461012 -0.00945683  -0.0160453  -0.0106347 -0.00683641   0.0538221   0.0011859  -0.011283 -0.0231429  0.0432488 -0.00188873 -0.00265024 -0.00128917 0.00536542 0.00194461  0.0117805  0.0142276 0.00163617 -0.0138936  -0.490837 -0.0499419   -9.79658 
             162.801 -0.00780813   0.0530027   0.0478739 -0.00891045  -0.0146106  -0.0110799 -0.00684281   0.0538249  0.00120782 -0.0112827 -0.0231437  0.0432454 -0.000283999   0.00167491  -0.00269886 0.00533624 0.00197783  0.0117801  0.0141595 0.00146888 -0.0138634  -0.490836 -0.0499402   -9.79658 
             162.901 -0.0308022  0.0952514  0.0352008 -0.00707501  -0.0144692  -0.0111073 -0.00684594   0.0538265   0.0012113 -0.0112828 -0.0231431  0.0432462  0.00545141  0.00162454 -0.00163773   0.005351 0.00195625  0.0117889  0.0140058 0.00148089 -0.0138874  -0.490835 -0.0499392   -9.79658 
             163.002 -0.0551816   0.121058 -0.0154818 -0.00840113  -0.0140595  -0.0100499 -0.00684941   0.0538239  0.00121417 -0.0112845 -0.0231471  0.0432449 5.36846e-05  0.00348278  0.00186259 0.00536569 0.00194138    0.01182  0.0141637 0.00146308  -0.014007 -0.490837 -0.049939  -9.79658 
             163.101 -0.0369928  0.0926331  0.0382821 -0.00867044  -0.0146822 -0.00809887 -0.00684763   0.0538235  0.00121553 -0.0112848 -0.0231461  0.0432454 -0.000812704 -0.000414536   0.00728526 0.00535379 0.00195706  0.0117883  0.0141847 0.00155341 -0.0141838  -0.490837 -0.0499391   -9.79658 
             163.202 -0.0101727   0.117968  0.0562208  -0.0108282  -0.0149304 -0.00873505 -0.00684772    0.053826  0.00122278 -0.0112843 -0.0231458   0.043245  -0.0070902 -0.00112089  0.00308801 0.00534249 0.00194572  0.0117804  0.0143653  0.0015621 -0.0140484  -0.490839 -0.0499403   -9.79658 
             163.299 0.00855827   0.114229  0.0287039  -0.0105632  -0.0147181 -0.00880895 -0.00685102    0.053826  0.00121951 -0.0112846 -0.0231458  0.0432446  -0.00362068 -0.000837763    0.0016896 0.00533471 0.00194656  0.0117947  0.0142886 0.00152741 -0.0140131  -0.490838 -0.0499397   -9.79658 
               163.4 -0.0619681  0.0973038  0.0477525   -0.010781  -0.0150979 -0.00885107 -0.00685373   0.0538275  0.00121449 -0.0112848 -0.0231455  0.0432437 -0.00298362 -0.00102836  0.00114398 0.00537452 0.00195655  0.0117845  0.0142743 0.00156521 -0.0139943  -0.490838 -0.0499397   -9.79658 
             163.501 0.0015727  0.101717  0.022334 -0.00888854  -0.0144727 -0.00829028 -0.00685346   0.0538207   0.0012151 -0.0112852 -0.0231439  0.0432428   0.00336877 -0.000211938   0.00259464  0.0053411 0.00195358  0.0117995  0.0141007 0.00149853 -0.0140368  -0.490837 -0.0499382   -9.79658 
             163.601 -0.0579391  0.0960568  0.0193834 -0.00843475  -0.0153433 -0.00921991 -0.00685712    0.053825     0.00121 -0.0112849 -0.0231424  0.0432415  0.00346931 -0.00156813 -0.00134564 0.00537594 0.00195668  0.0118018  0.0140875  0.0015866 -0.0139285  -0.490837 -0.0499382   -9.79658 
               163.7 -0.0440756   0.116591  0.0486619  -0.0113446  -0.0153489 -0.00910164 -0.00684759   0.0538336  0.00122983 -0.0112847 -0.0231404  0.0432404   -0.0056615 -0.000457108 -0.000454657 0.00536646 0.00194512  0.0117859  0.0143592  0.0015638 -0.0139471  -0.490838 -0.0499404   -9.79658 
             163.801 -0.0265609  0.0650261  0.0266164 -0.00816705  -0.0138045 -0.00955264 -0.00685362   0.0538255  0.00121761 -0.0112858   -0.02314  0.0432359  0.00425847  0.00410932 -0.00162193 0.00535604 0.00197314  0.0117981  0.0140411 0.00140728 -0.0139075  -0.490837 -0.0499372   -9.79658 
               163.9 -0.0161718  0.0929523 0.00479128 -0.00783726  -0.0130146 -0.00886782 -0.00684955   0.0538249  0.00122092 -0.0112864 -0.0231396  0.0432357  0.00437561  0.00456785 0.000889456 0.00534851 0.00195796  0.0118107  0.0140553 0.00136693 -0.0139906  -0.490837 -0.0499368   -9.79658 
                 164 0.00946502   0.123372  0.0265559  -0.0103536  -0.0133605 -0.00888529 -0.00685014   0.0538367  0.00122815 -0.0112866 -0.0231389  0.0432337 -0.00278828  0.00121967 4.80842e-05  0.0053346 0.00194058  0.0117998  0.0143113  0.0014361 -0.0139797  -0.490838 -0.0499383   -9.79658 
               164.1 -0.0435163  0.0836453 0.00133757  -0.0106619   -0.014242 -0.00872006 -0.00685464   0.0538366  0.00122218 -0.0112859 -0.0231393  0.0432321 -0.00319917 -0.00177997 0.000999519 0.00536313 0.00196254  0.0118126  0.0143056 0.00154338 -0.0139956  -0.490838 -0.0499389   -9.79658 
             164.199 -0.00162274    0.100368   0.0595093 -0.00943698  -0.0148164 -0.00932772 -0.00686065   0.0538352  0.00121618 -0.0112863  -0.023141  0.0432324 0.000964748 -0.00341906 -0.00130798 0.00534076  0.0019534  0.0117784  0.0141714 0.00158073 -0.0139299  -0.490837 -0.0499385   -9.79658 
             164.301 -0.0199408  0.0974014  0.0133648 -0.0105061 -0.0150318   -0.01023 -0.00686478   0.0538367  0.00122082 -0.0112865 -0.0231411  0.0432325 -0.00252988 -0.00294186 -0.00419053 0.00535151 0.00195452  0.0118026  0.0142693 0.00156863 -0.0138523  -0.490838 -0.0499375   -9.79658 
             164.401 -0.0328713    0.11527  0.0538291 -0.00866809  -0.0158684  -0.0102486 -0.00686718   0.0538332    0.001209  -0.011287 -0.0231422  0.0432326  0.00366772 -0.00428917 -0.00237831 0.00535851 0.00194333  0.0117827  0.0140959 0.00162486 -0.0138904  -0.490837 -0.0499379   -9.79658 
               164.5 -0.0481956  0.0784459  0.0597388 -0.00676169  -0.0155335 -0.00904007 -0.00686336   0.0538243  0.00120325 -0.0112854 -0.0231434   0.043232  0.00768989 -0.00145083  0.00156795 0.00536769 0.00196166  0.0117805  0.0139667 0.00155532 -0.0140315  -0.490836 -0.0499382   -9.79658 
             164.601 -0.0724949  0.0882716  0.0383861 -0.00677521  -0.0143182 -0.00878641 -0.00685763   0.0538214  0.00121327 -0.0112864 -0.0231439  0.0432325 0.00540406 0.00305395 0.00199926    0.00538 0.00195591  0.0117946  0.0140332 0.00142804 -0.0140345  -0.490838 -0.0499381   -9.79658 
             164.701 -0.029955 0.0957405 0.0358489 -0.00801217  -0.0146529  -0.0102613 -0.00685914   0.0538318  0.00121401 -0.0112854 -0.0231471  0.0432326   0.00138024 -0.000206455  -0.00421783 0.00535405 0.00195331  0.0117968  0.0141791 0.00147472 -0.0138741  -0.490838 -0.0499407   -9.79658 
             164.801 -0.034988 0.0932931  0.026101 -0.00748165  -0.0140385 -0.00904004 -0.00685574   0.0538235  0.00121657 -0.0112859 -0.0231461  0.0432323  0.00197767  0.00175277 0.000120592 0.00535845 0.00195499  0.0118021  0.0141431 0.00141737 -0.0140302  -0.490839 -0.0499386   -9.79658 
             164.901 -0.0478135  0.0838427  0.0437188 -0.00540114  -0.0154136  -0.0083736 -0.00684889   0.0538324  0.00119228 -0.0112867 -0.0231472  0.0432314  0.00736487 -0.00328935  0.00192615  0.0053654 0.00195974  0.0117933  0.0139841 0.00157734 -0.0141065  -0.490836 -0.0499381   -9.79658 
             165.002 -0.0413222  0.0880893  0.0326832 -0.00814827  -0.0151519 -0.00856222 -0.00685349    0.053797  0.00123702 -0.0112867 -0.0231473  0.0432311 -0.00323213    0.000187 0.000371446 0.00536171 0.00195458   0.011798   0.014286  0.0015158 -0.0140731  -0.490841 -0.0499399   -9.79658 
             165.101 -0.0402915  0.0791886 0.00830936 -0.00948717  -0.0145484 -0.00934393 -0.0068674  0.0537821  0.0012455 -0.0112873 -0.0231476  0.0432314 -0.00626624  0.00229708 -0.00241022 0.00535918 0.00195974  0.0118102  0.0143752 0.00145166 -0.0139888  -0.490843 -0.0499396   -9.79658 
             165.201 -0.0201804  0.0861354  0.0563371 -0.00775139  -0.0146206 -0.00825862 -0.00687325   0.0537986   0.0012385 -0.0112883 -0.0231485  0.0432322  0.00086892 0.000584022  0.00221344   0.005351 0.00195606  0.0117859  0.0141731 0.00148386 -0.0141209  -0.490841 -0.0499373   -9.79658 
             165.301 -0.0306807  0.0887382  0.0357829 -0.00906668  -0.0138335  -0.0101062 -0.00685981   0.0537984  0.00123843 -0.0112882 -0.0231479  0.0432324 -0.00284103  0.00299069 -0.00432634 0.00535784 0.00195414   0.011797  0.0142944 0.00141362 -0.0139193  -0.490841 -0.0499395   -9.79658 
             165.401 -0.011686  0.111838 0.0107344  -0.0108589  -0.0137895 -0.00927224 -0.00686511   0.0537934  0.00123338 -0.0112887 -0.0231485  0.0432318  -0.00705095   0.00199165 -0.000596142 0.00534913 0.00194144  0.0118127  0.0144237 0.00143778 -0.0140428  -0.490843 -0.0499396   -9.79658 
             165.501 -0.0264358  0.0944667  0.0236716  -0.0107425   -0.014237 -0.00919692 -0.00686983   0.0537933  0.00123465 -0.0112888 -0.0231487  0.0432314  -0.00514713  0.000488286 -7.48224e-05 0.00535763 0.00195141  0.0118068  0.0143522 0.00150392 -0.0140593  -0.490842 -0.0499394   -9.79658 
             165.601 -0.0132954   0.104087  0.0299149  -0.0113444  -0.0150125 -0.00899424 -0.00687158   0.0537945  0.00123455  -0.011289 -0.0231486  0.0432315  -0.0051651 -0.00214372 0.000422519 0.00534978 0.00194607  0.0118026  0.0143624 0.00157868 -0.0140811  -0.490842 -0.0499399   -9.79658 
               165.7 -0.00497192    0.110093   0.0400136 -0.00924406  -0.0149944 -0.00918855 -0.00687342   0.0537881  0.00123987  -0.011289 -0.0231491  0.0432316   0.00233904  -0.00193204 -0.000418622 0.00534832 0.00194169  0.0117983  0.0141429 0.00155401 -0.0140601  -0.490841 -0.0499391   -9.79658 
             165.801 -0.0985368  0.0706203  0.0344741 -0.00705448  -0.0167231 -0.00986271 -0.00688388    0.053793   0.0012373 -0.0112901 -0.0231484  0.0432258  0.00766085 -0.00580623 -0.00247082 0.00539952 0.00196462  0.0118018  0.0139688 0.00171988  -0.014003  -0.490839 -0.0499387   -9.79658 
             165.901  0.010964 0.0891164 0.0537447 -0.00595967  -0.0160457   -0.009908 -0.00688658   0.0537916  0.00124201 -0.0112896 -0.0231483  0.0432228 0.00891508 -0.0032194  -0.001896 0.00533973 0.00195437  0.0117923   0.013941 0.00158693  -0.014021  -0.490839 -0.0499375   -9.79658 
                 166 0.0168241  0.102292 0.0363649 -0.0073867 -0.0150668 -0.0110232 -0.00688813   0.0537914  0.00124822 -0.0112898 -0.0231505    0.04322  0.00285197 0.000543259 -0.00538572 0.00533596 0.00194748  0.0118025  0.0141438 0.00145353 -0.0139284  -0.490842 -0.0499378   -9.79658 
             166.101  -0.0965593    0.109601 -0.00784331 -0.0102272 -0.0147478 -0.0101525 -0.00688851   0.0537883  0.00125075 -0.0112906 -0.0231577  0.0432194 -0.00625962  0.00344698  -0.0011164 0.00539705  0.0019438  0.0118267  0.0144115 0.00144155 -0.0140654 -0.490844  -0.04994  -9.79658 
             166.201 -0.0505101  0.0706298  0.0480861 -0.00844195  -0.0150591 -0.00954513 -0.00689367   0.0537956   0.0012437 -0.0112907 -0.0231594  0.0432179 4.86192e-05  0.00195379 0.000692737  0.0053714 0.00196628  0.0117971  0.0141998 0.00150631 -0.0141414  -0.490842 -0.0499389   -9.79658 
             166.301 -0.0405487  0.0996718  0.0439348 -0.00781713  -0.0146365 -0.00953686 -0.00689531   0.0537964  0.00124313 -0.0112905 -0.0231596  0.0432179  0.00179258  0.00314365 0.000663551 0.00536552 0.00194991  0.0118001   0.014151 0.00148207 -0.0141351  -0.490841 -0.0499384   -9.79658 
             166.401 0.00893625   0.128023  0.0398059 -0.00796567  -0.0137062  -0.0094933 -0.00689825   0.0537945  0.00124268 -0.0112904 -0.0231598  0.0432162  0.00188366  0.00381692 0.000660815 0.00533766 0.00193324  0.0118032  0.0141876 0.00140933 -0.0141309  -0.490842 -0.0499379   -9.79658 
               166.5 -0.0417411  0.0937338  0.0460318 -0.00946116  -0.0146122 -0.00999209 -0.00688989   0.0537981  0.00122689 -0.0112907 -0.0231593  0.0432156 -0.00283753 0.000304432 -0.00161297 0.00536759  0.0019525  0.0118031  0.0143271 0.00153845 -0.0140787  -0.490842 -0.0499408   -9.79658 
             166.604 -0.0587105  0.0559879  0.0138686 -0.00908306  -0.0155883 -0.00947654 -0.00689709   0.0537989  0.00122265 -0.0112885 -0.0231595  0.0432137 -0.00102443 -0.00262904 0.000250702  0.0053766 0.00197353  0.0118207   0.014263 0.00164446 -0.0141479   -0.49084 -0.0499403   -9.79658 
             166.701 -0.0452163  0.0940318   0.025769 -0.00824124  -0.0151553 -0.00915687 -0.00689977   0.0537983  0.00122262 -0.0112886 -0.0231596   0.043214  0.00148628 0.000443944   0.0012625 0.00536879 0.00195309  0.0118159  0.0141834 0.00158183 -0.0141779  -0.49084 -0.049939  -9.79658 
             166.801 0.0123222  0.154034  0.012143   -0.011079  -0.0136978 -0.00838571 -0.0069078  0.0537957 0.00122203   -0.01129 -0.0231594  0.0432065 -0.00638975   0.0046421  0.00288225 0.00533544 0.00192199  0.0118213  0.0144501 0.00142743  -0.014239  -0.490843 -0.0499383   -9.79658 
             166.901 -0.0287073  0.0871172  0.0179867 -0.00931856  -0.0143433 -0.00979114  -0.006902   0.053805 0.00122893 -0.0112926 -0.0231584  0.0432036 -9.15826e-05   0.00127597  -0.00262549 0.00535926 0.00195771  0.0118186   0.014242 0.00153903 -0.0140756  -0.490841 -0.0499397   -9.79658 
             167.001 -0.0282982  0.0761003  0.0531093 -0.00898109  -0.0150523 -0.00973411 -0.00690468   0.0538058  0.00122811 -0.0112932 -0.0231589  0.0432031 0.000805189  -0.0016764 -0.00179325 0.00535813 0.00196486   0.011799  0.0142107 0.00161906 -0.0141093   -0.49084 -0.0499401   -9.79658 
             167.102 0.00200406   0.108179  0.0300535 -0.00849725  -0.0146704  -0.0103094 -0.00690563   0.0538064  0.00123093 -0.0112931 -0.0231591  0.0432028  0.00225416 -0.00146888 -0.00286999  0.0053397 0.00194933  0.0118078  0.0141819 0.00155916  -0.014073   -0.49084 -0.0499395   -9.79658 
             167.199 -0.0198728   0.103935  0.0188424 -0.00763713  -0.0153257 -0.00949736 -0.00690186   0.0538084  0.00122941 -0.0112931 -0.0231595  0.0432026  0.00419345 -0.00320892  0.00131649 0.00535557 0.00195219  0.0118167   0.014128 0.00160887 -0.0141849  -0.490839 -0.0499406   -9.79658 
             167.302 -0.0148193  0.0943485  0.0438026 -0.00770118  -0.0154489 -0.00931084 -0.00690132   0.0538073   0.0012338 -0.0112929 -0.0231593  0.0432027  0.00252007 -0.00276658  0.00111033 0.00535252 0.00195628  0.0118009  0.0141655 0.00158829 -0.0141869   -0.49084 -0.0499405   -9.79658 
             167.401 -0.0199658   0.122562  0.0208478  -0.0091153  -0.0147549 -0.00902593 -0.00689068   0.0538152   0.0012574 -0.0112936   -0.02316  0.0432019  -0.0019432 0.000869663   0.0015634 0.00535371 0.00194196  0.0118113  0.0143135 0.00149053 -0.0142019   -0.49084 -0.0499411   -9.79658 
             167.501 -0.00625463    0.107322   0.0156781  -0.0104336  -0.0144561 -0.00985635 -0.00689832   0.0538225  0.00126996 -0.0112943 -0.0231606  0.0432022 -0.00499593    0.001327 -0.00209764 0.00534736  0.0019491  0.0118158   0.014409  0.0014615 -0.0141048  -0.490841 -0.0499398   -9.79658 
             167.601 0.0325773 0.0943748 0.0605288 -0.00951623  -0.0140515  -0.0095511 -0.00689717   0.0538142  0.00126528 -0.0112936 -0.0231613  0.0432013  -0.00107464  0.000335653 -0.000337174 0.00532794 0.00195561  0.0117929  0.0142906 0.00142769 -0.0141527   -0.49084 -0.0499398   -9.79658 
             167.701 0.00515823  0.0985175  0.0152462 -0.00737998  -0.0130439 -0.00992041 -0.00689571   0.0538075  0.00127212 -0.0112945 -0.0231598  0.0432017  0.00634909  0.00232482 -0.00133929 0.00534376 0.00195413  0.0118164  0.0141022 0.00133813 -0.0141197   -0.49084 -0.0499385   -9.79658 
             167.801 -0.0194328  0.0911203   0.026935  -0.009806 -0.0144048 -0.0105346 -0.00689944   0.0538179  0.00126897 -0.0112944 -0.0231596  0.0432002 -0.00245116 -0.00257655 -0.00236369 0.00535834 0.00195775  0.0118095   0.014353 0.00149387 -0.0140734   -0.49084 -0.0499394   -9.79658 
             167.902 -0.00601963    0.117355   0.0141352  -0.0105427  -0.0142203 -0.00942317 -0.00688432   0.0538207  0.00127313 -0.0112956 -0.0231596     0.0432 -0.00361716  -0.0012511  0.00162603 0.00535101  0.0019439   0.011815  0.0143971   0.001451 -0.0142082   -0.49084 -0.0499428   -9.79658 
             167.999 0.00332421  0.0862927   0.050603  -0.0084388  -0.0150827 -0.00839865 -0.00688317   0.0538162  0.00125736 -0.0112958 -0.0231613  0.0431988 0.00295637 -0.0040057 0.00430091 0.00534677 0.00196137  0.0117937  0.0141799 0.00152355 -0.0142976  -0.490839 -0.0499444   -9.79658 
             168.099 -0.0405524  0.0875247  0.0318823 -0.00862323  -0.0166831  -0.0105168 -0.00690226   0.0538193  0.00126099 -0.0112955 -0.0231585  0.0431977 0.000608695 -0.00654525 -0.00344367 0.00536902 0.00196064   0.011801  0.0142212 0.00164194 -0.0140473  -0.490839 -0.0499403   -9.79658 
             168.201 -0.0803614   0.088136  0.0122323 -0.00904497  -0.0150571 -0.00949194 -0.00688653   0.0538172  0.00126758 -0.0112974 -0.0231602  0.0431998 -0.00043522  0.00128147 0.000165405 0.00539194 0.00195974  0.0118124  0.0142694 0.00142671 -0.0141784   -0.49084 -0.0499417   -9.79658 
             168.301 -0.0582172   0.063644  0.0278614 -0.00742442  -0.0144074  -0.0100713 -0.00688825   0.0538159  0.00126753 -0.0112976  -0.023161  0.0431988  0.00423039  0.00270056 -0.00162499 0.00538036 0.00197276  0.0118045  0.0141235 0.00137994 -0.0141186   -0.49084 -0.0499407   -9.79658 
               168.4 -0.0411191   0.113524  0.0141056 -0.00753261  -0.0143666 -0.00974485 -0.00689046   0.0538147  0.00126607 -0.0112983 -0.0231604  0.0431986   0.00361251   0.00187635 -0.000104327 0.00537033 0.00194578  0.0118078  0.0141708 0.00140432 -0.0141651   -0.49084 -0.0499404   -9.79658 
               168.5 -0.0488497   0.120753  0.0379014 -0.00885921  -0.0151476 -0.00954417 -0.00689177   0.0538167  0.00126096 -0.0112991 -0.0231596  0.0431981 -0.000987131 -0.000554628  0.000738431 0.00537326 0.00194196  0.0117955  0.0143108 0.00150141 -0.0141857  -0.490841 -0.0499407   -9.79658 
             168.601 -0.0425332   0.106543  0.0559534 -0.00825241  -0.0154323  -0.0100301 -0.00689094   0.0538173   0.0012593 -0.0112995 -0.0231601   0.043198  0.000385002 -0.000206743 -0.000909336 0.00536588 0.00195038  0.0117826  0.0142482 0.00152595 -0.0141328  -0.490841 -0.0499417   -9.79658 
               168.7  -0.05612 0.0788284 0.0336559 -0.00842366  -0.0149603  -0.0102095 -0.0068888  0.0538175 0.00126193 -0.0112999 -0.0231601  0.0431984 -0.000995579   0.00179949 -0.000823356 0.00537278 0.00196468  0.0117948  0.0142646 0.00147818 -0.0141215  -0.490841 -0.0499417   -9.79658 
             168.801 -0.0258159  0.0949798  0.0225397 -0.0110603 -0.0156258 -0.0106885 -0.00688729   0.0538279  0.00124964 -0.0112995 -0.0231614  0.0431989  -0.00807623 -0.000866896  -0.00212156 0.00535515 0.00195464  0.0118012  0.0144819 0.00154904 -0.0140801  -0.490841 -0.0499439   -9.79658 
             168.901 -0.0568055   0.101013  0.0468661 -0.00982086  -0.0149564  -0.0100517 -0.00689173     0.05381  0.00125948 -0.0112994 -0.0231629  0.0431997  -0.0018045  0.00138134 0.000573313   0.005372 0.00195074  0.0117882  0.0143109 0.00148385 -0.0141626  -0.490842 -0.0499412   -9.79658 
             169.001 -0.0255842  0.0811015  0.0328738 -0.00999708   -0.014353  -0.0091741 -0.00689036   0.0538035  0.00126561 -0.0112993 -0.0231622  0.0431993 -0.00176737  0.00217677  0.00329962 0.00535372 0.00196057  0.0117945   0.014307 0.00143707 -0.0142406  -0.490843 -0.0499402   -9.79658 
               169.1 -0.0601357  0.0968089  0.0136852  -0.0095979  -0.0145545 -0.00869619 -0.0068954  0.0537995 0.00126079 -0.0112989 -0.0231621   0.043199 -3.49902e-05   0.00141523   0.00355232   0.005372 0.00195328   0.011804  0.0142564  0.0014868 -0.0142589  -0.490842 -0.0499397   -9.79658 
             169.201 -0.071456 0.0978058  0.040804  -0.0129252  -0.0161155 -0.00842694 -0.00689767   0.0538173  0.00126998 -0.0113001 -0.0231606  0.0431976 -0.00931125 -0.00329855  0.00311948 0.00537655 0.00195206  0.0117872  0.0145362 0.00164853 -0.0142501  -0.490842 -0.0499419   -9.79658 
             169.302 -0.0457045  0.0881525  0.0346618  -0.0100234  -0.0154647 -0.00922141 -0.00690349   0.0538083  0.00124442 -0.0113001 -0.0231618  0.0431967   0.00141022  0.000189106 -0.000231115 0.00536273 0.00195924  0.0117911  0.0142159 0.00155777 -0.0141477  -0.490841 -0.0499411   -9.79658 
             169.401 -0.010295  0.076082 0.0328799 -0.00924924  -0.0146401   -0.010438 -0.0069099  0.0538069 0.00123631 -0.0113007 -0.0231633  0.0431954  0.00193304  0.00404862 -0.00383982 0.00534324 0.00196462  0.0117902  0.0141634 0.00147929 -0.0140361  -0.490841 -0.0499416   -9.79658 
             169.501 -0.0278688   0.085749  0.0166839 -0.00897369  -0.0140498  -0.0104789 -0.0069106  0.0538068 0.00123635 -0.0113007 -0.0231634  0.0431955  0.00198398  0.00443994 -0.00230389 0.00535431 0.00195748  0.0117998  0.0141594 0.00146415  -0.014068 -0.490841 -0.049941  -9.79658 
               169.6 -0.0247217   0.112944  0.0471528 -0.00677743  -0.0130687 -0.00974731 -0.00692317   0.0537956  0.00125519 -0.0113013 -0.0231648  0.0431967  0.00887576  0.00676954 0.000437576 0.00534945 0.00194527  0.0117812  0.0140052 0.00142059 -0.0141598  -0.490841 -0.0499387   -9.79658 
             169.702 -0.0183577   0.065063  0.0511947 -0.00615581  -0.0134043  -0.0090754 -0.00693536   0.0537921  0.00124313 -0.0113007 -0.0231646   0.043197 0.00703357 0.00327152 0.00309054 0.00534833 0.00197111  0.0117775  0.0140126 0.00151472 -0.0142096  -0.490842 -0.0499383   -9.79658 
             169.801 -0.0615408  0.0702704  0.0165663 -0.00933089  -0.0146664 -0.00949796 -0.00694056    0.053833  0.00116694 -0.0112993 -0.0231663  0.0431954  -0.00507306 -0.000648976  0.000958069 0.00537036 0.00196587   0.011793  0.0143212 0.00166258 -0.0141406  -0.490839 -0.0499404   -9.79658 
               169.9 -0.0076813   0.102269  0.0185419 -0.0100555 -0.0149188 -0.0083786 -0.00694732   0.0538268  0.00116498 -0.0113005 -0.0231648  0.0431955 -0.00537529 -0.00161591  0.00385743 0.00533999 0.00194746  0.0117924  0.0143446 0.00166995 -0.0142383 -0.49084 -0.04994 -9.79658 
             170.001 -0.0603458  0.0608772  0.0334303  -0.0100478   -0.014824 -0.00910064 -0.00693963   0.0538347  0.00117331 -0.0113015 -0.0231635  0.0431956 -0.00496287 0.000115187 0.000777763 0.00536776 0.00197081  0.0117848  0.0142968 0.00164964 -0.0141316  -0.490839 -0.0499405   -9.79658 
             170.101 -0.0265869  0.0795696  0.0365122  -0.0106228  -0.0154391 -0.00936568 -0.0069418  0.0538381  0.0011691 -0.0113016 -0.0231636   0.043196  -0.00481233  -0.00244002 -0.000358237 0.00534895 0.00195919  0.0117818  0.0143071 0.00170222 -0.0140987  -0.490838 -0.0499408   -9.79658 
               170.2 -0.0528205  0.0941082  0.0457467 -0.00877042  -0.0162915  -0.0104216 -0.00694625    0.053834  0.00116725 -0.0113014 -0.0231639  0.0431964  0.00259231  -0.0043964 -0.00320609  0.0053658 0.00195147  0.0117793  0.0141121  0.0017675 -0.0139995  -0.490836 -0.0499409   -9.79658 
             170.301 -0.0643302   0.104122   0.032068  -0.0102733  -0.0160248 -0.00844258 -0.00694046   0.0538323  0.00117499 -0.0113023 -0.0231655  0.0431963 -0.00146434 -0.00211395  0.00412457 0.00537294 0.00194541  0.0117856  0.0142602 0.00170504 -0.0142211  -0.490839 -0.0499403   -9.79658 
             170.401 -0.0445706  0.0998167  0.0465257 -0.00981473  -0.0159506 -0.00732657 -0.00693767   0.0538283  0.00117173 -0.0113022  -0.023165  0.0431961 -0.000128646  -0.00120945   0.00698211 0.00536226 0.00194886  0.0117812  0.0142062 0.00168148  -0.014292   -0.49084 -0.0499395   -9.79658 
             170.501 -0.0687393   0.103125  0.0113316  -0.0114212  -0.0156953 -0.00863971 -0.00693831   0.0538253  0.00118169 -0.0113031 -0.0231657  0.0431964 -0.00462131   0.0011704 0.000419333 0.00537571 0.00194721  0.0118015  0.0143467 0.00164192 -0.0140949  -0.490841 -0.0499423   -9.79658 
               170.6 -0.0067293   0.134201  0.0481219  -0.0101715  -0.0145056 -0.00786755 -0.00693193   0.0538177  0.00115915 -0.0113027 -0.0231653  0.0431954 0.000639808  0.00405155  0.00235032 0.00534064 0.00193154  0.0117828  0.0142075 0.00153299  -0.014166  -0.490841 -0.0499404   -9.79658 
             170.701 0.00229208  0.0881384  0.0429525 -0.00930147  -0.0136329 -0.00846419 -0.00693264   0.0538106  0.00115381 -0.0113038  -0.023166  0.0431944   0.00270068   0.00502114 -0.000561681 0.00533577 0.00195619  0.0117858  0.0141406 0.00148107  -0.014086  -0.490842 -0.0499406   -9.79658 
             170.802 -0.101108 0.0655769 0.0664117 -0.00960573  -0.0162333 -0.00929372 -0.00694289   0.0538268  0.00116877 -0.0113067 -0.0231641  0.0431849   0.0013566 -0.00319642 -0.00312941 0.00539144 0.00196929  0.0117699  0.0141824 0.00179675 -0.0140123   -0.49084 -0.0499425   -9.79658 
             170.901 -0.0792411  0.0656181  0.0520666 -0.00858288  -0.0170884  -0.0104972 -0.00694469   0.0538286  0.00116653 -0.0113066 -0.0231633  0.0431844  0.00347928 -0.00453734 -0.00524355 0.00537835 0.00196999   0.011778  0.0141001 0.00185411 -0.0139243  -0.490839 -0.0499423   -9.79658 
             171.001 -0.0739517  0.0876738  0.0696222 -0.00698479  -0.0159063  -0.0116003 -0.00695108    0.053821  0.00116269 -0.0113057 -0.0231639  0.0431842   0.0071737  0.00115361 -0.00713209 0.00537499 0.00195813  0.0117681  0.0139936 0.00170287 -0.0138695  -0.490841 -0.0499403   -9.79658 
             171.101 -0.0565539  0.0794472  0.0321769 -0.00779003  -0.0150952  -0.0107814 -0.00695147   0.0538162   0.0011683 -0.0113069 -0.0231637  0.0431833  0.00232095  0.00383948 -0.00249646 0.00536604 0.00196213  0.0117881  0.0141204  0.0016384 -0.0140199 -0.490844 -0.049939  -9.79658 
             171.201 -0.0525324   0.100871  0.0189029 -0.00696651  -0.0143177 -0.00946675 -0.00696154   0.0538113  0.00117063 -0.0113083 -0.0231624  0.0431834 0.00372178 0.00570604 0.00252625 0.00536589 0.00194878  0.0117979  0.0140712 0.00160575 -0.0141744  -0.490846 -0.0499339   -9.79658 
             171.301 -0.0497341  0.0992077 0.00178784 -0.00915797  -0.0134346 -0.00936761 -0.00695308   0.0538167  0.00117443 -0.0113084 -0.0231636  0.0431829 -0.00416812  0.00698911  0.00210179 0.00536415  0.0019495  0.0118088  0.0142952 0.00156819 -0.0141558  -0.490847 -0.0499376   -9.79658 
             171.401 -0.0241882  0.0880064  0.0476446  -0.0107403  -0.0143792 -0.00878479 -0.00695871   0.0538216  0.00116607 -0.0113107 -0.0231623   0.043184 -0.00746557  0.00154976   0.0032488 0.00535022 0.00195646   0.011784  0.0143959 0.00172375 -0.0141926  -0.490846 -0.0499383   -9.79658 
               171.5 -0.0246036  0.0824226  0.0126705 -0.00933291  -0.0148597 -0.00901245 -0.00696119   0.0538162  0.00116291 -0.0113108 -0.0231619  0.0431833 -0.000959416 -0.000714795    0.0015446 0.00534979 0.00195896   0.011805  0.0142077 0.00178991 -0.0141389  -0.490846 -0.0499387   -9.79658 
             171.602 -0.00636111    0.101244   0.0227357 -0.00950797  -0.0150027 -0.00958542 -0.00695914   0.0538224  0.00116164 -0.0113104 -0.0231621  0.0431832 -0.000859653  -0.00126234 -0.000398138 0.00533933  0.0019483  0.0117986   0.014213 0.00179535 -0.0140663  -0.490845 -0.0499394   -9.79658 
             171.701 -0.046675  0.123378 0.0332814 -0.00705573  -0.0157063 -0.00964399 -0.0069618  0.0538128 0.00115921 -0.0113108 -0.0231629  0.0431834   0.00662308   -0.0024313 -0.000263854 0.00536263 0.00193674  0.0117926  0.0139948  0.0018637 -0.0140704  -0.490845 -0.0499399   -9.79658 
               171.8 -0.0520354  0.0801644  0.0176911 -0.00641764  -0.0154583 -0.00962663 -0.00696022   0.0538126   0.0011612 -0.0113108  -0.023163  0.0431837   0.00538859   0.00113235 -0.000105173 0.00536518 0.00196153  0.0117991  0.0139937 0.00182244 -0.0140798  -0.490845 -0.0499398   -9.79658 
             171.901 -0.0753841  0.0812942  0.0118871 -0.00751616  -0.0148038  -0.0103606 -0.00695762   0.0538148   0.0011585 -0.0113111 -0.0231627  0.0431846 0.000774618  0.00378456 -0.00405231 0.00537903 0.00196011  0.0118001  0.0141357 0.00176985 -0.0140125  -0.490845 -0.0499395   -9.79658 
             172.001 0.0172493  0.130132 0.0234325 -0.00990817  -0.0142456  -0.0102436 -0.00696515   0.0538165  0.00113699 -0.0113114 -0.0231617  0.0431814  -0.0056974  0.00286058 -0.00162053 0.00532659 0.00193228  0.0117913  0.0143565 0.00172704 -0.0140481  -0.490846 -0.0499379   -9.79658 
             172.101 -0.0263377  0.0984056  0.0541698 -0.00777701  -0.0146959  -0.0100813 -0.00697012   0.0538168  0.00115112 -0.0113121 -0.0231637  0.0431806  0.00207865 0.000238226 2.76345e-06 0.00535276 0.00195014  0.0117744  0.0141197 0.00180858 -0.0140831  -0.490845 -0.0499385   -9.79658 
             172.201 -0.0560424   0.070465  0.0441392 -0.00893261  -0.0149525 -0.00930595 -0.00697545   0.0538135  0.00113856 -0.0113112 -0.0231646   0.043181 -0.00236287  0.00019255  0.00271941 0.00537237 0.00196623  0.0117812   0.014227 0.00184486 -0.0141577  -0.490846 -0.0499381   -9.79658 
             172.301 -0.0243672  0.0924548  0.0496685  -0.0100984  -0.0151217 -0.00845763 -0.00697623   0.0538142  0.00113449 -0.0113114 -0.0231643   0.043181  -0.00500571 -0.000626142   0.00468072 0.00535647 0.00195608  0.0117782  0.0143045 0.00185951 -0.0142144  -0.490846 -0.0499382   -9.79658 
             172.404 -0.0633791   0.101861  0.0452723  -0.0121315  -0.0154374 -0.00940054 -0.00697204   0.0538317  0.00113056 -0.0113106 -0.0231635  0.0431803  -0.00956928 -0.000167829  0.000141058 0.00537853 0.00195123  0.0117821  0.0144363  0.0018853 -0.0140784  -0.490845 -0.0499398   -9.79658 
               172.5 -0.0239314  0.0812971   0.052994  -0.0107861  -0.0150599 -0.00992123 -0.00697796     0.05382  0.00112829 -0.0113108  -0.023164  0.0431792 -0.00348948  0.00107784 -0.00157854 0.00535757 0.00196122   0.011779  0.0142407 0.00184316 -0.0140272  -0.490845 -0.0499375   -9.79658 
               172.6 -0.0538166   0.076888  0.0399362  -0.0105355  -0.0150687 -0.00924569 -0.00698125   0.0538144  0.00112611 -0.0113106 -0.0231643   0.043179 -0.00156714 0.000458837  0.00123008 0.00537605 0.00196247   0.011789  0.0141909 0.00185603 -0.0141065  -0.490846 -0.0499363   -9.79658 
             172.701 0.00207071   0.123824  0.0306271  -0.0102012  -0.0146495 -0.00916755 -0.00698034   0.0538108  0.00112652 -0.0113106 -0.0231643  0.0431788 0.000803636 0.000432701  0.00103115 0.00535223  0.0019434  0.0117944  0.0141567 0.00181379 -0.0141026  -0.490846 -0.0499358   -9.79658 
             172.801 -0.0632429   0.102435  0.0073888 -0.00846231  -0.0151026 -0.00913673 -0.00698746   0.0538063  0.00111953 -0.0113101 -0.0231635  0.0431776   0.00608126 -0.000818095  0.000862805  0.0053891 0.00195621  0.0118063  0.0140202 0.00187355 -0.0140989  -0.490845 -0.0499341   -9.79658 
             172.901 -0.0152964    0.10123  0.0228703 -0.0089337 -0.0149023   -0.01011 -0.00698982   0.0538067  0.00112439 -0.0113102 -0.0231639  0.0431775   0.00308606 -4.97895e-05  -0.00283524 0.00536241 0.00195798  0.0117955  0.0141043 0.00184199 -0.0139995  -0.490846 -0.0499345   -9.79658 
                 173 -0.00273239     0.11389   0.0558219  -0.0102635  -0.0139924 -0.00955809 -0.00697922   0.0538113  0.00113318  -0.011309 -0.0231622   0.043177   -0.001815   0.0028933 0.000221813 0.00535903  0.0019498  0.0117783  0.0142415 0.00175247 -0.0140716 -0.490846 -0.049935  -9.79658 
             173.101 -0.0235941  0.0905079  0.0321027 -0.00892835  -0.0135452  -0.0101336 -0.00698496   0.0538059  0.00112249 -0.0113095 -0.0231619  0.0431763   0.0021951    0.003658 -0.00192352 0.00537177  0.0019624  0.0117917  0.0141143 0.00173579 -0.0140143  -0.490846 -0.0499342   -9.79658 
               173.2 -0.0044464  0.0862639  0.0462819 -0.00799614  -0.0139299  -0.0106066 -0.00699117   0.0538036  0.00111994 -0.0113097 -0.0231622  0.0431767  0.00386717 0.000721453 -0.00285612 0.00535963 0.00196468  0.0117857  0.0140529 0.00180243 -0.0139875  -0.490846 -0.0499338   -9.79658 
             173.301 -0.0800959  0.0680721  0.0460506 -0.0091804 -0.0141818 -0.0106434 -0.00699032    0.053809   0.0011229 -0.0113095 -0.0231628  0.0431765 -0.000697035  0.000152942   -0.0016883 0.00540548 0.00197382  0.0117898  0.0141854 0.00184305 -0.0140107  -0.490846 -0.0499348   -9.79658 
             173.401 -0.074264 0.0824471 0.0273095 -0.0112445 -0.0154745 -0.0108061 -0.00699125   0.0538158  0.00112133 -0.0113086 -0.0231636  0.0431753 -0.00584135 -0.00351495 -0.00187243 0.00540264 0.00196528  0.0117988   0.014355 0.00197523  -0.014012  -0.490845 -0.0499367   -9.79658 
             173.501 0.00226196  0.0940315  0.0571887  -0.0113183  -0.0151821 -0.00932302 -0.00698488   0.0538074  0.00112693 -0.0113094 -0.0231597  0.0431743  -0.0045249 -0.00262782   0.0039221 0.00536147 0.00195969  0.0117851  0.0143094 0.00191033 -0.0141752  -0.490847 -0.0499357   -9.79658 
             173.601 -0.0471883   0.102982  0.0608696 -0.0125217  -0.016544 -0.0091615 -0.00698646    0.053814  0.00112736 -0.0113096 -0.0231596  0.0431735 -0.00663409 -0.00505816  0.00331216 0.00538972 0.00195676  0.0117845  0.0143721 0.00202516 -0.0141553  -0.490846 -0.0499369   -9.79658 
             173.701 -0.0215336   0.104887  0.0347256  -0.0133327  -0.0159799 -0.00965267 -0.00698343   0.0538139  0.00113186 -0.0113104 -0.0231602  0.0431729 -0.00747187 -0.00119797 0.000520825 0.00537798 0.00195631  0.0117999  0.0143868 0.00191683 -0.0140737  -0.490847 -0.0499371   -9.79658 
             173.801 -0.0439337  0.0905207  0.0578645   -0.010304    -0.01576 -0.00957075 -0.00699898   0.0537961  0.00111966 -0.0113102 -0.0231617  0.0431713   0.00311731 -4.74678e-05  0.000964998 0.00539068 0.00196452  0.0117856  0.0140651 0.00189094 -0.0140776 -0.490847 -0.049932  -9.79658 
             173.901 0.0114178  0.103914 0.0537982 -0.00709249  -0.0141888 -0.00888591 -0.00700045   0.0537755  0.00112749 -0.0113106 -0.0231605  0.0431693  0.0120063 0.00337473 0.00257847 0.00535968 0.00195724  0.0117888  0.0138241 0.00173313 -0.0141372 -0.490849 -0.049928  -9.79658 
                 174 -0.0201854  0.0893625  0.0395015 -0.00537113  -0.0142795 -0.00976549 -0.00700401    0.053778  0.00112669 -0.0113108 -0.0231596   0.043169    0.0136548   0.00186429 -0.000740805 0.00537954 0.00196507  0.0117961  0.0137782 0.00177764 -0.0140283  -0.490848 -0.0499273   -9.79658 
             174.101 -0.0389297   0.118134  0.0227981 -0.00831433  -0.0144842 -0.00945355 -0.00699299   0.0537913  0.00113419 -0.0113109 -0.0231617  0.0431666   0.00183931   0.00157041 -0.000384955  0.0053905 0.00194879  0.0118048   0.014149 0.00181652 -0.0140702  -0.490849 -0.0499333   -9.79658 
             174.202 -0.0456195  0.0970845  0.0226367 -0.00765108  -0.0140291 -0.00911427 -0.00699426   0.0537908  0.00113367 -0.0113107 -0.0231618  0.0431665  0.0025282 0.00359747 0.00169993 0.00539503 0.00195938  0.0118053  0.0141003 0.00179855 -0.0141004  -0.490848 -0.0499328   -9.79658 
             174.301 0.00368701   0.113536  0.0327565  -0.0094289  -0.0139791 -0.00796392 -0.00699276    0.053791  0.00112321 -0.0113112 -0.0231596  0.0431666 -0.00319659  0.00180001  0.00480587  0.0053684 0.00195243  0.0118012   0.014275 0.00181844 -0.0141962  -0.490849 -0.0499345   -9.79658 
             174.401 -0.0345528  0.0953909  0.0430164 -0.00983687   -0.014631 -0.00826313 -0.00698851   0.0537972  0.00111555 -0.011312 -0.023159  0.043166 -0.00398127  0.00070438  0.00338088 0.00539457 0.00196257  0.0118004  0.0142814 0.00190326 -0.0141168  -0.490849 -0.0499352   -9.79658 
             174.501 -0.0464729  0.0922559  0.0499692 -0.00850011    -0.01528  -0.0083731 -0.00699618   0.0537903  0.00112177 -0.0113125 -0.0231593  0.0431651  0.00164388 -0.00166357  0.00185155 0.00540328 0.00196228   0.011799  0.0141366 0.00197773 -0.0140796  -0.490848 -0.0499343   -9.79658 
               174.6 -0.0656311  0.0936716  0.0273705 -0.00909854  -0.0148776 -0.00946447 -0.00697601   0.0538011  0.00111881 -0.0113128 -0.0231591  0.0431653 -0.000345064  0.000302815  -0.00165355 0.00541312 0.00196346  0.0118085  0.0141993 0.00192776 -0.0139527  -0.490849 -0.0499358   -9.79658 
               174.7 -0.0432666  0.0981841  0.0313084 -0.00855773  -0.0144581   -0.010106 -0.00697074   0.0537974  0.00112475 -0.0113128 -0.0231594  0.0431651  0.00166239  0.00136546 -0.00332665 0.00540439  0.0019613  0.0118088  0.0141504 0.00189367 -0.0139066  -0.490849 -0.0499359   -9.79658 
             174.801 -0.0505332  0.0958838  0.0352564  -0.0105605  -0.0154539 -0.00960496 -0.00698105   0.0538164  0.00111899 -0.0113128 -0.0231592  0.0431654  -0.0048253 -0.00158511 -0.00050014 0.00540743  0.0019639  0.0118059  0.0143286 0.00200615 -0.0139859 -0.490848 -0.049936  -9.79658 
             174.901 -0.0679067  0.0739745  0.0262408 -0.00777266  -0.0146289  -0.0102447 -0.00697889   0.0537944  0.00111386 -0.0113131 -0.0231589  0.0431647  0.00375446   0.0024798 -0.00252491 0.00541841 0.00197626  0.0118106  0.0140537 0.00192085 -0.0139301 -0.490848 -0.049935  -9.79658 
             175.001 -0.0391178  0.0882234   0.031465 -0.00592338  -0.0146999  -0.0103943 -0.0069817  0.0537862 0.00110884 -0.0113132 -0.0231589  0.0431652  0.00773513  0.00151097 -0.00196905 0.00540258 0.00196663  0.0118078   0.013933 0.00194892 -0.0139401  -0.490848 -0.0499344   -9.79658 
             175.101 -0.046679  0.105307 0.0363969 -0.00710963  -0.0146486  -0.0098452 -0.0069818  0.0537945 0.00111659 -0.0113136 -0.0231588  0.0431644  0.00303586  0.00135627 0.000639629  0.0054092 0.00195625  0.0118069   0.014104 0.00195517 -0.0140093  -0.490849 -0.0499339   -9.79658 
             175.201 -0.0743959  0.0579025  0.0225496 -0.00954308  -0.0150769  -0.0109768 -0.0069782  0.0538101 0.00112834 -0.0113149 -0.0231581  0.0431661 -0.00507019 7.13922e-05 -0.00257904  0.0054209 0.00198032  0.0118109  0.0143322  0.0020075 -0.0138879  -0.490848 -0.0499365   -9.79658 
             175.301 0.00356964  0.0826327  0.0320735 -0.00979606  -0.0140964  -0.0102243 -0.0069706  0.0538101 0.00112662 -0.0113152  -0.023156   0.043164 -0.0043014  0.0015555 0.00103151 0.00538012 0.00196911  0.0118041  0.0143097 0.00190861 -0.0139834  -0.490848 -0.0499353   -9.79658 
             175.401 -0.0210088  0.0862547  0.0493346  -0.0107038   -0.015453 -0.00956555 -0.00698345   0.0538153  0.00113449 -0.0113161 -0.0231561  0.0431634  -0.0058892 -0.00285967  0.00253544 0.00539082   0.001968  0.0117913  0.0143452 0.00205567 -0.0140388  -0.490849 -0.0499345   -9.79658 
             175.501 -0.0533735   0.100169   0.015714 -0.00869708    -0.01391 -0.00992385 -0.00696615   0.0537949  0.00111871 -0.0113173 -0.0231538  0.0431668  0.00126973  0.00406478 0.000528272 0.00540631 0.00196048  0.0118069  0.0141382  0.0018955 -0.0139796 -0.490849 -0.049935  -9.79658 
               175.6 -0.0273838  0.0863115  0.0547508 -0.00920359    -0.01445 -0.00983566 -0.00697117   0.0538007  0.00112226 -0.0113181 -0.0231534  0.0431671 -0.000959675   0.00123444  0.000624176 0.00539246 0.00196791  0.0117845  0.0141889 0.00197794 -0.0139834  -0.490849 -0.0499352   -9.79658 
               175.7 -0.00420838   0.0931014    0.030273 -0.00783739    -0.01338 -0.00975691 -0.00696855   0.0537937  0.00112384 -0.0113186 -0.0231529  0.0431665  0.00300681  0.00337686 0.000593636 0.00538243 0.00196343  0.0118011  0.0140704 0.00188259 -0.0139825  -0.490849 -0.0499345   -9.79658 
               175.8 -0.0273265    0.11516  0.0132924 -0.00861331  -0.0137711 -0.00951304 -0.00697082   0.0537977  0.00111781 -0.0113183 -0.0231536  0.0431656 0.000905549 0.000826225 0.000970718 0.00539481  0.0019496  0.0118094  0.0141647 0.00195273 -0.0140009  -0.490849 -0.0499352   -9.79658 
               175.9 -0.0754573  0.0579522  0.0331634   -0.009501  -0.0139454 -0.00923615 -0.00696993   0.0537979  0.00111408 -0.0113181 -0.0231537  0.0431659 -0.00244448 0.000946616  0.00191561 0.00542283 0.00197969  0.0117964  0.0142394 0.00198805  -0.014018  -0.490849 -0.0499358   -9.79658 
             176.002 0.00637142   0.100375  0.0566086  -0.0110483  -0.0138901 -0.00906161 -0.00696781   0.0537978  0.00111626 -0.011318 -0.023153 0.0431652  -0.00567566 -0.000107216   0.00187139 0.00537925 0.00195501  0.0117837  0.0143558 0.00198025 -0.0140149   -0.49085 -0.0499362   -9.79658 
             176.101  0.0582305   0.138482 0.00778799  -0.0107189  -0.0134985 -0.00895792 -0.00696794   0.0537963  0.00111636 -0.0113184 -0.0231526   0.043165  -0.00249025 -8.13733e-05   0.00174616 0.00534949 0.00193421  0.0118104  0.0142849 0.00193028 -0.0140059   -0.49085 -0.0499357   -9.79658 
             176.201 -0.00264015   0.0857992   0.0489546 -0.00971827  -0.0148899 -0.00788806 -0.00697714   0.0537983  0.00111265 -0.0113183 -0.0231551  0.0431617 0.000426781 -0.00391567  0.00475348 0.00538394 0.00196336  0.0117875  0.0141712 0.00206957 -0.0140951 -0.490848 -0.049936  -9.79658 
             176.301 -0.0626191  0.0778309  0.0322751 -0.00876671  -0.0170299 -0.00949987 -0.00699954   0.0537969  0.00111884  -0.011319 -0.0231497  0.0431569  0.00260026 -0.00849472 -0.00161575 0.00541983 0.00196792  0.0117983  0.0140908 0.00224832   -0.01389  -0.490848 -0.0499314   -9.79658 
             176.398 -0.0546903  0.0921738  0.0642127 -0.00717083  -0.0169772 -0.00944468 -0.00699575   0.0537881  0.00111405 -0.0113184 -0.0231504  0.0431573  0.00673615 -0.00581359 -0.00051299 0.00541543  0.0019594  0.0117808  0.0139808 0.00215996 -0.0139106  -0.490848 -0.0499312   -9.79658 
             176.501 -0.0119238   0.123268  0.0627377 -0.00852333  -0.0164365  -0.0105213 -0.00699202   0.0537949  0.00111691 -0.0113173 -0.0231523  0.0431538  0.00235546 -0.00360143 -0.00435747 0.0053928 0.0019429 0.0117792  0.0141619 0.00204195 -0.0138117   -0.49085 -0.0499313   -9.79658 
               176.6 -0.0369665  0.0827495  0.0310038 -0.00913726  -0.0140505  -0.0104102 -0.00697976   0.0537892  0.00112398 -0.0113194 -0.0231528  0.0431542 -0.000513052   0.00543498  -0.00371878 0.00540652  0.0019628  0.0117957  0.0142298 0.00178439 -0.0138647  -0.490853 -0.0499318   -9.79658 
               176.7 -0.0637331  0.0717074  0.0326562 -0.00903242  -0.0144321  -0.0092535 -0.00697566   0.0537979  0.00112556 -0.0113181 -0.0231538  0.0431532 -0.00104897  0.00337114  0.00233882 0.00542003 0.00197047  0.0117918   0.014208 0.00188168 -0.0140089  -0.490851 -0.0499322   -9.79658 
             176.801 -0.0459185   0.105816  0.0445708 -0.00994015   -0.014383 -0.00930346 -0.00697346   0.0537983  0.00113159 -0.0113181 -0.0231538   0.043153  -0.0036844  0.00464236 2.41055e-06 0.00541079 0.00195057   0.011786  0.0142807 0.00191686 -0.0139911  -0.490851 -0.0499334   -9.79658 
             176.901 -0.0453252   0.105911  0.0223194 -0.00887702  -0.0131534  -0.0100039 -0.00697328   0.0538016  0.00113778 -0.0113182 -0.0231536  0.0431531 0.000600986  0.00710856 -0.00222684 0.00541019 0.00195018  0.0117979  0.0141616 0.00184102 -0.0139196   -0.49085 -0.0499326   -9.79658 
                 177 -0.0475732  0.0767254  0.0318009  -0.0101529  -0.0137829 -0.00993213 -0.00696978   0.0537958  0.00110927 -0.0113183 -0.0231535  0.0431533  -0.00338318   0.00287714 -0.000980789 0.00540866 0.00196655  0.0117902  0.0142719  0.0019722 -0.0139487  -0.490851 -0.0499341   -9.79658 
             177.102   -0.0769719     0.086577 -0.000746157 -0.00873821  -0.0138419 -0.00969106 -0.00697356   0.0537986  0.00112436 -0.0113182 -0.0231529  0.0431536  0.00171845  0.00192347 0.000504261 0.00542513 0.00196223  0.0118087  0.0141193 0.00201638  -0.013985   -0.49085 -0.0499329   -9.79658 
             177.201 -0.0225604   0.116707 0.00820466  -0.0102526  -0.0148886 -0.00948555 -0.00697314   0.0537934  0.00110103 -0.0113184 -0.0231526  0.0431542 -0.00256483 -0.00199969 0.000749597 0.00539636 0.00194603  0.0118029  0.0142652 0.00213341 -0.0140032  -0.490851 -0.0499336   -9.79658 
             177.303 0.00235463  0.0933607  0.0297644  -0.0121781  -0.0143321 -0.00938661 -0.0069732  0.0537953 0.00110377 -0.0113177 -0.0231517  0.0431536 -0.00779764 0.000430078 0.000748712 0.00538268 0.00196003  0.0117914  0.0144059 0.00205577 -0.0140038  -0.490851 -0.0499328   -9.79658 
               177.4 -0.0881911  0.0680811  0.0236561 -0.00984337  -0.0153738   -0.008819 -0.00697974   0.0537923  0.00110023 -0.0113173 -0.0231541  0.0431484 3.11249e-05 -0.00139442  0.00255686 0.00543023 0.00197139  0.0117951  0.0141401 0.00217509 -0.0140581 -0.490851 -0.049934  -9.79658 
             177.501 -0.0483194  0.0932015  0.0226821 -0.00923453  -0.0160667 -0.00936386 -0.00697836   0.0537907  0.00109946  -0.011317 -0.0231544  0.0431487   0.00218912  -0.00308866 -0.000492258 0.00540923 0.00195634  0.0117947  0.0140924 0.00222098 -0.0139799  -0.490851 -0.0499349   -9.79658 
             177.601 -0.0699394  0.0882594  0.0225987 -0.00898732  -0.0152236  -0.0092017 -0.00697383   0.0537908  0.00110725 -0.0113173 -0.0231546  0.0431496  0.00232924 0.000550014 0.000383555   0.005423 0.00195794  0.0117974  0.0140935 0.00211641 -0.0139979   -0.49085 -0.0499346   -9.79658 
               177.7 -0.0309907  0.0761744 0.00778761  -0.0067456  -0.0138838 -0.00835593 -0.00697473   0.0537891  0.00111714 -0.0113176 -0.0231529  0.0431477 0.00801853 0.00410921 0.00293831  0.0053998 0.00196521  0.0118035  0.0139229 0.00199684 -0.0140754   -0.49085 -0.0499336   -9.79658 
             177.801 -0.0630753   0.061103  0.0317956 -0.00689288   -0.014943 -0.00933436 -0.00697009   0.0537941  0.00111579 -0.0113189 -0.0231521  0.0431473   0.00508554 -1.45118e-06 -0.000507428 0.00541833 0.00197372  0.0117898  0.0139948 0.00214502 -0.0139519  -0.49085 -0.049936  -9.79658 
             177.901 -0.0117196   0.119455  0.0229739 -0.00961248  -0.0140306 -0.00900459 -0.00697611   0.0538037  0.00111754 -0.0113195 -0.0231522  0.0431419 -0.00341579  0.00256288 0.000680202 0.00539187 0.00194006  0.0117959  0.0142779 0.00204898 -0.0139853   -0.49085 -0.0499335   -9.79658 
             178.001 -0.0359977  0.0591348  0.0567456 -0.00874533  -0.0145982  -0.0100953 -0.00698117   0.0538018  0.00111646 -0.0113215 -0.0231522  0.0431404 -0.00101252  0.00100812 -0.00297923 0.00540538 0.00197539  0.0117754  0.0141682 0.00213211 -0.0138732 -0.490849 -0.049935  -9.79658 
             178.101 -0.024935   0.11132 0.0399979 -0.00933584  -0.0149865 -0.00984753 -0.00698316   0.0538069  0.00112216 -0.0113218 -0.0231525    0.04314  -0.00210484  -0.00064239 -0.000915344 0.00539865 0.00194538  0.0117847  0.0142166 0.00217442 -0.0139254  -0.490849 -0.0499347   -9.79658 
               178.2 -0.0343474   0.115634  0.0354096 -0.0100635  -0.014891 -0.0106355 -0.00698223   0.0538086  0.00112303 -0.0113215 -0.0231525  0.0431398 -0.00298366 -0.00069354 -0.00304532 0.00540371 0.00194225  0.0117871  0.0142672 0.00215377 -0.0138542 -0.490849 -0.049935  -9.79658 
             178.301 -0.0321778  0.0967889  0.0544326   -0.010433  -0.0155046 -0.00863539 -0.00698267   0.0538088  0.00112114 -0.0113204 -0.0231527  0.0431397 -0.00236124 -0.00355342  0.00469124 0.00540232 0.00195191  0.0117766  0.0142711 0.00220987  -0.014082  -0.490849 -0.0499352   -9.79658 
             178.401 -0.0712282  0.0649876  0.0393986 -0.00911148  -0.0165528 -0.00793356 -0.00699221   0.0538026  0.00111074 -0.0113197 -0.0231526  0.0431377  0.00165859 -0.00515429  0.00565164 0.00542327 0.00197084  0.0117861  0.0141272 0.00229326 -0.0141093  -0.490848 -0.0499338   -9.79658 
             178.501 -0.0204729    0.10186  0.0521142 -0.00973383  -0.0166578 -0.00847601 -0.00699728   0.0538031   0.0011157 -0.0113189 -0.0231537  0.0431369 -0.000364931  -0.00404124   0.00241069 0.00539374  0.0019501  0.0117775  0.0141981 0.00224546 -0.0139983  -0.490849 -0.0499341   -9.79658 
             178.601 -0.0384513   0.104704  0.0618852 -0.00968662  -0.0154499 -0.00830268 -0.00698493   0.0537958  0.00110905 -0.0113184 -0.0231536  0.0431375 -0.0001385 0.00148432  0.0021047  0.0054053 0.00194893  0.0117717  0.0141928 0.00209076 -0.0139925  -0.490851 -0.0499344   -9.79658 
               178.7 -0.0506238  0.0683031   0.016301 -0.00723981  -0.0143342 -0.00866407 -0.00698927   0.0537798   0.0010857 -0.0113201 -0.0231515  0.0431361  0.00572369  0.00527975 4.25849e-06 0.00541408 0.00196883  0.0117982  0.0139786 0.00199948 -0.0139376  -0.490852 -0.0499316   -9.79658 
             178.801 -0.0403092  0.0800388  0.0589321 -0.00852429  -0.0148903 -0.00951474 -0.00699068   0.0537907  0.00110711 -0.0113206 -0.0231509  0.0431362 0.000744647   0.0014558  -0.0019572 0.00540997 0.00196132   0.011776  0.0141426 0.00209675 -0.0138509  -0.490851 -0.0499341   -9.79658 
             178.901 -0.00729702    0.120862   0.0427458  -0.0107653  -0.0146028 -0.00984085 -0.00698587   0.0537977  0.00111635 -0.0113202 -0.0231514  0.0431338 -0.00479095  0.00138065 -0.00233853 0.00539131  0.0019387  0.0117855  0.0143493  0.0020705 -0.0138308  -0.490851 -0.0499364   -9.79658 
             179.001 -0.0324292  0.0968484  0.0195866  -0.0121958  -0.0138964 -0.00890834 -0.00697689   0.0537987  0.00112224 -0.0113202 -0.0231523  0.0431342 -0.0074722 0.00184403 0.00240498 0.00540556  0.0019524   0.011797  0.0144256  0.0020164 -0.0139366  -0.490852 -0.0499372   -9.79658 
               179.1 -0.0697651  0.0880994  0.0674182 -0.00768547   -0.014717 -0.00943965 -0.00701563   0.0537595  0.00108594 -0.0113217 -0.0231555  0.0431307   0.00688239 -6.55212e-05   0.00103236 0.00542436 0.00195979  0.0117667  0.0139721 0.00213218 -0.0138673  -0.490853 -0.0499312   -9.79658 
             179.201 -0.0194609   0.110058  0.0294593 -0.00729973  -0.0143636   -0.010193 -0.0070194  0.0537634 0.00109007 -0.0113217 -0.0231566  0.0431302   0.0051724  0.00174967 -0.00183776 0.00539537 0.00194873  0.0117872  0.0139974 0.00209456 -0.0137875 -0.490853 -0.049931  -9.79658 
             179.301 -0.0289153   0.109648  0.0114661 -0.00826795  -0.0142848 -0.00948122 -0.00701384   0.0537777  0.00109995 -0.0113218 -0.0231573  0.0431301  0.00112771  0.00106841 0.000765636 0.00539911 0.00194912  0.0117953  0.0141252 0.00209829 -0.0138723 -0.490852 -0.049932  -9.79658 
               179.4 -0.0362759  0.0668796  0.0326862  -0.0070736  -0.0160531 -0.00872942 -0.00704217   0.0537632  0.00107272 -0.0113219 -0.0231579  0.0431288   0.0037742 -0.00474694  0.00309604  0.0054034 0.00197368  0.0117821  0.0140304 0.00227976 -0.0139416  -0.490852 -0.0499299   -9.79658 
               179.5 -0.0559263  0.0663164   0.056632 -0.00620067  -0.0161667 -0.00960775 -0.00703942   0.0537681  0.00107607 -0.0113219 -0.0231575  0.0431288   0.00529418  -0.00375255 -0.000447387 0.00541454  0.0019734    0.01177   0.013988 0.00224614  -0.013825  -0.490851 -0.0499302   -9.79658 
             179.601 -0.0687903  0.0870816  0.0308802 -0.00882183  -0.0159423 -0.00984373 -0.00703559   0.0537861  0.00108704 -0.0113221 -0.0231586  0.0431277  -0.00314661  -0.00157928 -0.000864588 0.00542294 0.00196286  0.0117855  0.0142552 0.00218962 -0.0137999  -0.490851 -0.0499308   -9.79658 
             179.701 -0.00256621     0.11775   0.0350438 -0.00895783  -0.0145996 -0.00985945  -0.007031  0.0537839 0.00109012 -0.0113221 -0.0231587  0.0431249   -0.0020306   0.00218826 -0.000362557 0.00538724 0.00194624  0.0117808  0.0142431 0.00204274 -0.0138051  -0.490852 -0.0499304   -9.79658 
             179.801 -0.0645466   0.065137  0.0422623 -0.00947939  -0.0134427 -0.00981253 -0.00702552   0.0537823  0.00109052 -0.0113221 -0.0231587  0.0431262  -0.00392793   0.00643314 -0.000189602 0.00542272 0.00197446  0.0117754  0.0142637 0.00196363 -0.0138109  -0.490852 -0.0499306   -9.79658 
             179.901 -0.0262973   0.114115  0.0304426 -0.00895762   -0.014628   -0.011391 -0.00704402    0.053772  0.00109327 -0.0113204 -0.0231595  0.0431278 -0.00117586  0.00120077 -0.00505244 0.00540387 0.00195069  0.0117798  0.0141939 0.00213063 -0.0136647  -0.490852 -0.0499304   -9.79658 
             180.001 0.0106158  0.101092 0.0321789 -0.0103116 -0.0137877 -0.0102167 -0.0070324  0.0537808 0.00109764 -0.0113201 -0.0231575  0.0431269 -0.00525666  0.00256748 0.000637983 0.00538458 0.00195622  0.0117805  0.0142988  0.0020531 -0.0138226  -0.490852 -0.0499305   -9.79658 
             180.104 -0.0169327  0.0829702  0.0384756  -0.0106847  -0.0140976 -0.00890441 -0.0070357  0.0537819 0.00109636 -0.0113193 -0.0231585  0.0431263 -0.00476577 0.000225469   0.0044331 0.00539868 0.00196585  0.0117772   0.014287   0.002105 -0.0139446  -0.490852 -0.0499303   -9.79658 
             180.202 -0.0189383  0.0939619  0.0564075 -0.00868967   -0.014273  -0.0083644 -0.00704141   0.0537736  0.00109297 -0.0113195 -0.0231596  0.0431262   0.00272422 -0.000953265   0.00528426 0.00540107 0.00195829  0.0117674  0.0140806 0.00212859  -0.013954  -0.490851 -0.0499293   -9.79658 
               180.3  -0.0415775   0.0947159 0.000799005  -0.0100528  -0.0148137 -0.00833273 -0.00704545   0.0537838  0.00108839 -0.0113188 -0.0231607  0.0431257 -0.0018193 -0.0019726   0.003965 0.00541513  0.0019564  0.0117995   0.014213 0.00217579 -0.0139038  -0.490851 -0.0499295   -9.79658 
             180.401 -0.014421 0.0952558 0.0377006 -0.0090165 -0.0145781 -0.0080479 -0.00704491   0.0537772  0.00109027 -0.0113185 -0.0231612  0.0431254   0.0015424 -0.00113241   0.0036919 0.00540115 0.00195708   0.011781  0.0141091  0.0021324 -0.0138949  -0.490851 -0.0499287   -9.79658 
               180.5 -0.0548935   0.100774  0.0300535 -0.00751414  -0.0146802  -0.0102471 -0.0070539  0.0537762 0.00108608 -0.0113177 -0.0231591  0.0431257 0.00493289 2.8217e-05 -0.0048719 0.00542445 0.00195478  0.0117864  0.0139967 0.00213524 -0.0136459  -0.490851 -0.0499264   -9.79658 
             180.601 -0.0236797   0.113069  0.0339079 -0.00884531  -0.0146634   -0.010522 -0.00705097   0.0537834  0.00109872 -0.0113178 -0.0231588  0.0431252 -3.47717e-05  0.000201586  -0.00436483 0.00540855 0.00194771  0.0117827  0.0141558 0.00212456 -0.0136651  -0.490851 -0.0499269   -9.79658 
             180.701 -0.00584733    0.112071  0.00818059 -0.00976526  -0.0129081 -0.00955786 -0.00704414    0.053785  0.00111061 -0.0113191 -0.0231584  0.0431238  -0.00219345   0.00459115 -9.66927e-05 0.00539879 0.00194745  0.0117984  0.0142428 0.00194797 -0.0137983  -0.490851 -0.0499268   -9.79658 
             180.801 -0.0466439  0.0863939  0.0430962 -0.00740233  -0.0150046 -0.00919015 -0.00704398   0.0537955  0.00110108 -0.0113209 -0.0231609  0.0431193  0.00570249 -0.00377788 0.000951829 0.00542385  0.0019608  0.0117778  0.0140124 0.00220567 -0.0138408  -0.490849 -0.0499279   -9.79658 
               180.9 -0.0208462   0.101215  0.0517986 -0.00718268  -0.0155299 -0.00871552 -0.00704201   0.0537959  0.00110228  -0.011321 -0.0231606  0.0431194 0.00494926 -0.0046874 0.00185299 0.00541052 0.00195219  0.0117737  0.0140407 0.00222178  -0.013878  -0.490849 -0.0499282   -9.79658 
             180.999 -0.0671092  0.0770195  0.0129608 -0.00603837  -0.0153868 -0.00913245 -0.00704345   0.0537972  0.00110108 -0.0113221 -0.0231592  0.0431198  0.00613591 -0.00190694 0.000428257 0.00543661 0.00196617  0.0117951    0.01398 0.00217237 -0.0138188  -0.490849 -0.0499277   -9.79658 
             181.101 -0.0783036  0.0888024  0.0286008 -0.00724795  -0.0155438 -0.00920787 -0.00704307   0.0537929  0.00111418  -0.011322 -0.0231589  0.0431194 -0.000138598 -0.000855404  0.000731613 0.00544157 0.00196126  0.0117864  0.0141333 0.00217175  -0.013803   -0.49085 -0.0499281   -9.79658 
             181.201 -0.0616224   0.076548  0.0585072 -0.00579062   -0.015785  -0.0105108 -0.00704943   0.0537971  0.00110025 -0.0113222 -0.0231605  0.0431193   0.00248942 -0.000878293  -0.00265971 0.00543141 0.00196678  0.0117704  0.0140065  0.0021833 -0.0136741  -0.490849 -0.0499286   -9.79658 
             181.301 -0.0474562  0.0845216  0.0152046 -0.00820093  -0.0157204  -0.0098848 -0.00704645   0.0537994  0.00112541 -0.0113226 -0.0231611  0.0431187  -0.00481416 -0.000878979    0.0007705   0.005424 0.00196035   0.011793  0.0142348 0.00216289 -0.0137565  -0.49085 -0.049928  -9.79658 
               181.4 -0.0840477  0.0978103  0.0120614  -0.0109637  -0.0158551 -0.00993074 -0.00704698   0.0538216  0.00114301 -0.0113225 -0.0231619  0.0431177   -0.0102563 -0.000864681  -0.00152344 0.00544484 0.00195035  0.0117943  0.0144295 0.00216741 -0.0137508  -0.490849 -0.0499287   -9.79658 
             181.501 -0.0351885   0.089711  0.0424406  -0.0122145  -0.0157867 -0.00925045 -0.00704038    0.053814   0.0011496 -0.0113222 -0.0231608  0.0431176  -0.0103389 -0.00126954  0.00119965 0.00541495 0.00195403  0.0117761  0.0144484 0.00214804 -0.0138281   -0.49085 -0.0499278   -9.79658 
             181.601 -0.086906 0.0645151 0.0371698  -0.0108026  -0.0149593 -0.00973056 -0.00704366   0.0538084  0.00111071 -0.0113225 -0.0231606  0.0431174 -0.00409544    0.003497 -0.00115536 0.00544672 0.00197129  0.0117801  0.0142337 0.00207224  -0.013775  -0.490849 -0.0499283   -9.79658 
             181.701 -0.0673291   0.100011  0.0274905  -0.0124329  -0.0154902 -0.00998765 -0.0070401  0.0538056 0.00113317 -0.0113221 -0.0231608  0.0431169 -0.00789923  0.00151569 -0.00137497 0.00543478 0.00195096  0.0117855 0.0143401 0.0021566 -0.013762   -0.49085 -0.0499292   -9.79658 
               181.8 -0.0682548  0.0655761  0.0218207  -0.0105721  -0.0142421 -0.00958986 -0.0070502  0.0538209 0.00110108  -0.011322 -0.0231602  0.0431155 -0.000993132   0.00541783 -1.57645e-05 0.00543522 0.00196994  0.0117882  0.0141077 0.00205283 -0.0138172  -0.490848 -0.0499267   -9.79658 
             181.904 -0.033354 0.0828838 0.0181069 -0.00920297  -0.0131115 -0.00783769 -0.00705713   0.0538288  0.00109199 -0.0113226 -0.0231583  0.0431153 0.00368198 0.00680902  0.0048796 0.00541699 0.00195978  0.0117915  0.0139835 0.00199473 -0.0139913  -0.490848 -0.0499222   -9.79658 
             182.001 0.00988449   0.115144  0.0272773  -0.0102343  -0.0146982 -0.00874503 -0.00704285    0.053821  0.00109856 -0.0113217   -0.02316  0.0431172  0.00052537 -0.00120295 0.000720886 0.00539255 0.00194039  0.0117859  0.0141102 0.00220635  -0.013855  -0.490848 -0.0499268   -9.79658 
             182.102 -0.0315965   0.110482  0.0456153 -0.00995189  -0.0150734 -0.00946951 -0.00703705   0.0538208  0.00110008 -0.0113217 -0.0231592  0.0431171   0.0021885 -0.00241455  -0.0015208 0.00541587 0.00194278  0.0117752   0.014091 0.00223433 -0.0137751  -0.490848 -0.0499282   -9.79658 
             182.202 -0.00225885   0.0847242   0.0389488  -0.0086948  -0.0145999 -0.00978007 -0.00704017   0.0538236  0.00109572 -0.0113219 -0.0231593  0.0431164  0.00491179 -0.00145212  -0.0016265 0.00540106  0.0019566  0.0117758  0.0139965 0.00216098 -0.0137585  -0.490847 -0.0499277   -9.79658 
               182.3 -0.0476024   0.108724  0.0505686 -0.00842167  -0.0149959  -0.0102584  -0.007042  0.0538223 0.00110008 -0.0113219 -0.0231588  0.0431159  0.00423982 -0.00137106 -0.00266295 0.00542651  0.0019441  0.0117693  0.0140159 0.00219172 -0.0137323  -0.490847 -0.0499275   -9.79658 
             182.401 -0.0478984  0.0935558  0.0166482 -0.00821884  -0.0152916  -0.0100707 -0.00703662   0.0538251  0.00110252 -0.0113215 -0.0231592  0.0431159  0.00287591 -0.00092444 -0.00131048  0.0054249 0.00195303  0.0117875  0.0140312 0.00220682 -0.0137761  -0.490847 -0.0499284   -9.79658 
             182.501 -0.0455515   0.100342  0.0818813 -0.00892701  -0.0167669 -0.00976694 -0.00703263   0.0538334  0.00111771 -0.0113233 -0.0231581  0.0431164  2.27407e-06  -0.00493266 -0.000117456 0.00542439 0.00194849  0.0117513  0.0141185 0.00233532 -0.0138179  -0.490846 -0.0499297   -9.79658 
               182.6 -0.0225234  0.0843481  0.0489077 -0.00694829  -0.0153936 -0.00821299 -0.00702347     0.05382  0.00111469 -0.0113239 -0.0231563  0.0431145   0.00593701 -5.78695e-05     0.004316 0.00541093 0.00195866  0.0117692  0.0139536 0.00215491 -0.0139679  -0.490847 -0.0499285   -9.79658 
             182.701 -0.0520326  0.0710903  0.0389934  -0.0086791  -0.0157272 -0.00912211 -0.00701585   0.0538306  0.00112021 -0.0113243 -0.0231572  0.0431153  -0.00075946 -0.000986451  0.000425438 0.00542618 0.00196642   0.011775  0.0141511 0.00218686 -0.0138336  -0.490847 -0.0499317   -9.79658 
             182.801 -0.0493352   0.101083  0.0462127 -0.00968181  -0.0163359 -0.00953286 -0.00701194   0.0538335  0.00112087 -0.0113239 -0.0231572  0.0431147 -0.00262359 -0.00271173  -0.0011661 0.00542495  0.0019498  0.0117705  0.0142331 0.00223697 -0.0137889  -0.490846 -0.0499333   -9.79658 
             182.901 -0.0735595  0.0723463  0.0324232 -0.00703155  -0.0155134 -0.00925556 -0.00702065   0.0538289  0.00110383  -0.011324 -0.0231565  0.0431144  0.00509445  0.00120412 0.000540781 0.00543693  0.0019668  0.0117761  0.0139725 0.00214241 -0.0138261  -0.490847 -0.0499293   -9.79658 
             183.001 -0.0289653  0.0864917   0.036934 -0.00799307  -0.0150161 -0.00989743 -0.00702151   0.0538295  0.00111513 -0.0113238 -0.0231575  0.0431134 0.000685979  0.00263294 -0.00228829  0.0054144 0.00196019  0.0117738  0.0140987 0.00209912 -0.0137616  -0.490847 -0.0499307   -9.79658 
             183.102 -0.0364088   0.114373  0.0518064 -0.00882851  -0.0151593  -0.0099134 -0.00701909   0.0538313  0.00112523  -0.011324 -0.0231574  0.0431129  -0.0014196  0.00199444 -0.00199278 0.00541708 0.00194434  0.0117658  0.0141798 0.00213578 -0.0137823  -0.490847 -0.0499314   -9.79658 
             183.201 0.00340302  0.0923871  0.0652446   -0.010014  -0.0148093 -0.00831402 -0.00701027   0.0538303  0.00113303 -0.0113233 -0.0231549  0.0431128 -0.00420848  0.00127085  0.00298429  0.0053944 0.00195525  0.0117578  0.0142685 0.00211126 -0.0139518  -0.490848 -0.0499309   -9.79658 
               183.3 -0.0670609  0.0889622  0.0389629  -0.0102153  -0.0144498 -0.00832233 -0.00701067   0.0538299  0.00113228 -0.0113235 -0.0231543  0.0431131 -0.00347911  0.00213497  0.00251448 0.00543368 0.00195729  0.0117739  0.0142494 0.00209739  -0.013921  -0.490848 -0.0499308   -9.79658 
               183.4 -0.00606777    0.116512   0.0606564 -0.00994819  -0.0145285 -0.00794755 -0.00701033   0.0538336  0.00113165 -0.0113236 -0.0231543  0.0431138 -0.00078694 0.000101521   0.0026485 0.00540135 0.00194373  0.0117605  0.0141999 0.00212148  -0.013933  -0.490848 -0.0499305   -9.79658 
               183.5 -0.0506431  0.0831219  0.0573069 -0.00966926   -0.015656 -0.00882319 -0.0070142  0.0538401 0.00113127 -0.0113245 -0.0231529   0.043112 -0.000113457  -0.00294889 -0.000745394 0.00542373 0.00196245  0.0117608  0.0141631 0.00223547 -0.0138268  -0.490846 -0.0499304   -9.79658 
               183.6 -0.049651 0.0814868 0.0595461 -0.00956964  -0.0161703  -0.0086523 -0.00701344   0.0538421  0.00113066 -0.0113244 -0.0231529  0.0431119 -0.000742555  -0.00181817   0.00144829 0.00542399 0.00196486  0.0117616    0.01415 0.00226268  -0.013842  -0.490845 -0.0499304   -9.79658 
             183.701 -0.00901587   0.0873967   0.0542269   -0.010905  -0.0158517 -0.00865958 -0.00700566   0.0538436  0.00113815 -0.0113245 -0.0231534   0.043111 -0.00504356 -0.00106203  0.00162397 0.0054039 0.0019622 0.0117645  0.0142546 0.00220237  -0.013829  -0.490847 -0.0499322   -9.79658 
             183.802 -0.0732225  0.0963755  0.0375504 -0.00954951  -0.0170161 -0.00863928 -0.00702718   0.0538372  0.00113267 -0.0113237 -0.0231525  0.0431095 0.000268421 -0.00188657  0.00194619 0.00543519 0.00195721  0.0117692   0.014102 0.00232247 -0.0138124  -0.490845 -0.0499288   -9.79658 
             183.901 -0.0428526  0.0741997  0.0209426 -0.00950888    -0.01599   -0.010466 -0.00698753   0.0538535  0.00115041 -0.0113254 -0.0231535  0.0431089   0.0010947  0.00132378 -0.00728794 0.00541783 0.00196997  0.0117785   0.014102 0.00220253 -0.0136335  -0.490845 -0.0499321   -9.79658 
                 184 -0.063821 0.0740697 0.0594672 -0.00961174  -0.0151767  -0.0110962 -0.00698301   0.0538514  0.00115167 -0.0113248 -0.0231534  0.0431092 0.000234791  0.00387852 -0.00666226 0.00542798 0.00196926  0.0117583  0.0141173  0.0021454 -0.0136408  -0.490845 -0.0499323   -9.79658 
             184.101 -0.0306891  0.0970081  0.0405649 -0.00928714  -0.0145136  -0.0103215 -0.00699976   0.0538517    0.001158  -0.011326 -0.0231515  0.0431092 0.00136447 0.00415233 -0.0020594 0.00541295 0.00196027  0.0117707  0.0140912 0.00211976 -0.0137808  -0.490846 -0.0499294   -9.79658 
             184.201 -0.0825607  0.0646228  0.0714705 -0.00981197  -0.0153999  -0.0105917 -0.00698244   0.0538542  0.00116282 -0.0113273 -0.0231512  0.0431083 -0.00177594  0.00188138  -0.0023398 0.00544319 0.00197882   0.011754  0.0141376 0.00225616 -0.0137754  -0.490845 -0.0499318   -9.79658 
             184.301 -0.0294107  0.0749125   0.033865  -0.0103075  -0.0142233 -0.00907138 -0.00699421    0.053849  0.00116189  -0.011328 -0.0231496  0.0431074 -0.0030407 0.00460222 0.00327857 0.00541745 0.00197304  0.0117728  0.0141645 0.00215742   -0.01394  -0.490848 -0.0499289   -9.79658 
             184.401 -0.00751803    0.102118   0.0289515 -0.00964384  -0.0149974 -0.00858522 -0.0069898  0.0538537 0.00116123 -0.0113278  -0.023149  0.0431092 0.000179468 0.000464114   0.0036553 0.00540632 0.00195885  0.0117775  0.0140886 0.00227212 -0.0139609  -0.490846 -0.0499287   -9.79658 
             184.499 -0.0271812   0.106176  0.0229902 -0.00838522  -0.0151283 -0.00958563 -0.00698608   0.0538633  0.00116259 -0.0113273 -0.0231479  0.0431094   0.00418111 -0.000237132  -0.00110426 0.00541563 0.00195714  0.0117799  0.0139867 0.00229075 -0.0138351 -0.490844 -0.049929  -9.79658 
             184.601 -0.0369759  0.0881676   0.055217 -0.00946012  -0.0146372 -0.00920057 -0.00698414   0.0538558  0.00116195 -0.0113266 -0.0231474  0.0431104 1.97161e-05  0.00113628 0.000643572  0.0054204 0.00196623  0.0117613  0.0141091 0.00224136 -0.0138797  -0.490845 -0.0499296   -9.79658 
               184.7 -0.0262687   0.115133  0.0490874 -0.0102724 -0.0148135 -0.0102417 -0.0069826   0.053855 0.00116095 -0.0113263 -0.0231472  0.0431101  -0.00203907 -7.40258e-05  -0.00252261 0.00541563 0.00195092  0.0117657   0.014178 0.00226791 -0.0137731 -0.490845  -0.04993  -9.79658 
             184.801 -0.030543  0.107692  0.042723 -0.0122866  -0.015062 -0.0105029 -0.00697908   0.0538536   0.0011645 -0.0113262 -0.0231475  0.0431102  -0.00738751 -0.000442502  -0.00280575 0.00541721 0.00195485  0.0117682  0.0143322 0.00229063 -0.0137741  -0.490846 -0.0499312   -9.79658 
             184.901 -0.0699699  0.0607247  0.0418187  -0.0120904  -0.0156156 -0.00989916 -0.00697953   0.0538543  0.00115526 -0.0113245 -0.0231483  0.0431083  -0.00547754 -0.000687699  4.31938e-05 0.00544114 0.00198226   0.011771  0.0142455 0.00235079 -0.0138604 -0.490845 -0.049931  -9.79658 
             185.001  -0.064593   0.063517 0.00380096   -0.011151  -0.0150802 -0.00923708 -0.00697775   0.0538513  0.00114884 -0.0113249 -0.0231473  0.0431081 -0.00255178  0.00215054  0.00192467 0.00543802 0.00198267  0.0117921  0.0141156 0.00229595 -0.0139255 -0.490844  -0.04993  -9.79658 
             185.101 -0.0359622  0.0961779  0.0310258 -0.0102466 -0.0144215 -0.0105089 -0.00697726    0.053853  0.00114388 -0.0113228 -0.0231498  0.0431079  0.00118721  0.00311052 -0.00279708 0.00542457   0.001966  0.0117765  0.0140228  0.0022459 -0.0137843  -0.490844 -0.0499304   -9.79658 
             185.201 -0.0668542   0.107806  0.0325659 -0.00893629  -0.0146328  -0.0101032 -0.00698348    0.053848  0.00114179 -0.0113237 -0.0231505  0.0431084   0.00548508   0.00140585 -0.000999012  0.0054417 0.00195947  0.0117773  0.0139219 0.00230584 -0.0138515  -0.490844 -0.0499293   -9.79658 
             185.301 -0.0303558   0.082486  0.0185949 -0.00863326  -0.0146189 -0.00841836 -0.00699271   0.0538324   0.0011408 -0.0113227 -0.0231486  0.0431086  0.00463817 0.000217462  0.00496021 0.00542227 0.00197299  0.0117843  0.0139391 0.00231915 -0.0140215  -0.490847 -0.0499267   -9.79658 
             185.404 -0.0491744    0.10074  0.0312296 -0.00927487  -0.0153259 -0.00800828 -0.00699054   0.0538308   0.0011405 -0.0113229 -0.0231483  0.0431082  0.00177298 -0.00139279  0.00468606 0.00543391 0.00196266   0.011778 0.0140336 0.0023951 -0.014017  -0.490847 -0.0499272   -9.79658 
             185.501 -0.0461105   0.104974  0.0414515 -0.00881354  -0.0157845 -0.00877368 -0.00699185   0.0538295  0.00113877 -0.0113228 -0.0231483  0.0431082  0.00224014 -0.00145552  0.00106705 0.00543233 0.00196084  0.0117703   0.014009 0.00242435 -0.0138966  -0.490847 -0.0499283   -9.79658 
             185.601 -0.0354642  0.0922321  0.0568135 -0.00877821  -0.0144674 -0.00838251 -0.00698903   0.0538285  0.00113793  -0.011322 -0.0231482  0.0431079 0.00137144 0.00336513 0.00179656 0.00542519 0.00196714  0.0117627  0.0140288 0.00228093 -0.0139234  -0.490847 -0.0499277   -9.79658 
             185.701 -0.0223269  0.0915188  0.0535732 -0.00745382  -0.0149093 -0.00789167 -0.00699223   0.0538281  0.00113539 -0.0113218  -0.023148   0.043108  0.00505556 0.000337346  0.00320988 0.00541857  0.0019669  0.0117654  0.0139312 0.00235028 -0.0139535  -0.490846 -0.0499274   -9.79658 
             185.801 -0.0139826   0.110185  0.0513304 -0.00893209  -0.0151798 -0.00845989 -0.00698982   0.0538342   0.0011364 -0.0113213 -0.0231487  0.0431074 0.000181915 -0.00147579  0.00033389 0.00541489 0.00195457  0.0117666  0.0141042 0.00237224 -0.0138663 -0.490847 -0.049929  -9.79658 
             185.901 -0.0312554   0.115581  0.0295966 -0.00786052  -0.0151074 -0.00865739 -0.00699074   0.0538294  0.00113636 -0.0113213 -0.0231479  0.0431078  0.00364382 -0.00130166  0.00108682 0.00542309 0.00195252  0.0117777  0.0140153 0.00235533 -0.0138407 -0.490847 -0.049928  -9.79658 
                 186 -0.0331435  0.0799303  0.0470983 -0.00610899  -0.0152624 -0.00883235 -0.00699824   0.0538221  0.00112948 -0.0113217 -0.0231481  0.0431066  0.00672135 -0.00093463  0.00117001 0.00542268 0.00197261  0.0117677  0.0138918 0.00236219 -0.0138116  -0.490847 -0.0499262   -9.79658 
             186.103 -0.0100962  0.0851468  0.0358908 -0.00872952  -0.0155278  -0.0102942 -0.00700583   0.0538544  0.00115761 -0.0113218   -0.02315  0.0431068  -0.0026343 -0.00232408 -0.00353467  0.0054095 0.00196839  0.0117747  0.0141726 0.00235469 -0.0136526  -0.490846 -0.0499274   -9.79658 
             186.201 -0.0397609   0.109739  0.0149281  -0.0104422  -0.0150449 -0.00972489 -0.00697961   0.0538773  0.00117897 -0.0113229 -0.0231512  0.0431063 -0.00664288 0.000645911  -0.0011006 0.00542543 0.00195583  0.0117881  0.0142991 0.00229141  -0.013742  -0.490845 -0.0499306   -9.79658 
               186.3 -0.0255687  0.0891691  0.0173385 -0.00895609  -0.0151469    -0.01005 -0.00698691   0.0538472  0.00115345  -0.011323 -0.0231512  0.0431061 -0.000197706  0.000176417  -0.00313747 0.00541691 0.00196609  0.0117865  0.0141171 0.00230973 -0.0137338  -0.490847 -0.0499291   -9.79658 
             186.401 -0.0411214  0.0644403  0.0586974 -0.00943216  -0.0154429 -0.00915931 -0.00698261   0.0538483  0.00115541 -0.0113226 -0.0231514  0.0431061 -0.00150923 -0.00115667 0.000613135 0.00542752 0.00197942  0.0117655  0.0141507 0.00234309  -0.013852 -0.490847  -0.04993  -9.79658 
             186.501 -0.0250918   0.118938 0.00446001 -0.00878971  -0.0138365 -0.00962408 -0.00699394   0.0538502  0.00115169 -0.0113235 -0.0231511  0.0431063  0.00145475  0.00386855 -0.00097073 0.00542184 0.00194796  0.0117989  0.0140895 0.00217515 -0.0137992  -0.490846 -0.0499282   -9.79658 
               186.6 -0.0148689   0.111242  0.0638638 -0.00961419   -0.014034 -0.00912144 -0.00698582   0.0538476   0.0011566 -0.0113244 -0.0231497  0.0431066 -0.00132049  0.00184579 0.000759707 0.00541614 0.00195272  0.0117647  0.0141722 0.00223165 -0.0138593  -0.490847 -0.0499292   -9.79658 
             186.701 -0.0281743   0.090996  0.0456684 -0.00970162  -0.0149731 -0.00884503 -0.00697753   0.0538501  0.00115977 -0.0113239 -0.0231497  0.0431063 -0.00134653 -0.00113749  0.00108057 0.00542373 0.00196361  0.0117761  0.0141668 0.00234363 -0.0138832  -0.490847 -0.0499304   -9.79658 
             186.801 -0.0113264   0.120427  0.0413783  -0.0111459   -0.015101 -0.00876317 -0.00697669   0.0538427  0.00116359 -0.0113239   -0.02315  0.0431059 -0.00498782 -0.00164333  0.00107307 0.00541285 0.00194859  0.0117781  0.0142864 0.00233552 -0.0138767  -0.490848 -0.0499308   -9.79658 
             186.901 -0.0500887   0.101391  0.0560686  -0.0123133  -0.0159548 -0.00840305 -0.00697321   0.0538437    0.001167 -0.0113239 -0.0231502  0.0431053 -0.00630643 -0.00355294  0.00174403 0.00543164 0.00195835  0.0117713 0.0143448 0.0024047 -0.013901  -0.490847 -0.0499318   -9.79658 
             186.999 -0.0359278   0.111476  0.0593852  -0.0111592  -0.0164842 -0.00893972 -0.0069803  0.0538456 0.00116195 -0.0113237 -0.0231502  0.0431056 -0.000527868  -0.00430322 -0.000418455 0.00542456 0.00195355  0.0117699  0.0141963 0.00242265  -0.013834  -0.490847 -0.0499299   -9.79658 
               187.1 -0.0986377  0.0496292  0.0567469  -0.0119004  -0.0181132 -0.00884761 -0.00698163   0.0538514  0.00116061 -0.0113232 -0.0231505  0.0431045  -0.00281589   -0.0070565 -5.36428e-05  0.0054558 0.00198899  0.0117685  0.0142454 0.00254583 -0.0138507  -0.490845 -0.0499308   -9.79658 
             187.201 -0.0477793   0.116968  0.0694779   -0.011636  -0.0172584 -0.00971108 -0.00699056   0.0538398  0.00114565 -0.0113218 -0.0231518  0.0431026 -0.000780572  -0.00252457  -0.00256138 0.00543017 0.00195456  0.0117635  0.0142058 0.00239515 -0.0137704  -0.490848 -0.0499295   -9.79658 
             187.301 -0.0797808  0.0862562  0.0702205 -0.00950353  -0.0166126 -0.00918797 -0.00700416   0.0538432  0.00112572 -0.0113215 -0.0231522  0.0431023   0.00518148   0.00154292 -0.000403887 0.00544961  0.0019709  0.0117641  0.0140143 0.00232371 -0.0138449  -0.490848 -0.0499246   -9.79658 
               187.4 -0.0571968  0.0822493  0.0711482 -0.00603385  -0.0159421 -0.00791134 -0.00701754   0.0538462  0.00109979 -0.0113214 -0.0231509  0.0431018  0.0131827 0.00377046 0.00379698 0.00543675 0.00197406  0.0117621  0.0137672 0.00228213 -0.0139711  -0.490848 -0.0499174   -9.79658 
             187.501 -0.076014  0.109076 0.0285669 -0.00546592  -0.0145405  -0.0075606 -0.00701414   0.0538411  0.00110098 -0.0113225 -0.0231516  0.0431015  0.0116081 0.00781988 0.00307768  0.0054465 0.00195717  0.0117843  0.0138372 0.00218389 -0.0139666   -0.49085 -0.0499187   -9.79658 
             187.601 -0.104273 0.0909827 0.0567656   -0.007368  -0.0150699 -0.00892274 -0.00698648   0.0538502  0.00111127 -0.0113235 -0.0231496  0.0431012  0.00324368  0.00464143 -0.00183084 0.00546292  0.0019659  0.0117706  0.0140954 0.00230433 -0.0138033 -0.490848 -0.049929  -9.79658 
             187.701  -0.04029  0.100296 0.0499605  -0.0090472   -0.015593 -0.00999723 -0.00697169   0.0538552   0.0011101 -0.0113236  -0.023151  0.0431025 -0.00199664   0.0010176 -0.00435532 0.00542983 0.00195971  0.0117743  0.0142642 0.00238866 -0.0137155 -0.490847 -0.049935  -9.79658 
             187.801 -0.034293 0.0930185 0.0380744 -0.00723444  -0.0145205 -0.00747048 -0.00699864    0.053854  0.00111209 -0.0113235 -0.0231484  0.0431018 0.00387725 0.00390943 0.00490097 0.00542626 0.00196508  0.0117786  0.0140901 0.00231167 -0.0140023  -0.490847 -0.0499235   -9.79658 
             187.901 -0.0617687   0.108434   0.060178 -0.00805608  -0.0150337  -0.0100113 -0.00698075   0.0538523  0.00111615 -0.0113226 -0.0231455  0.0431009  0.00026007  0.00275629 -0.00420745 0.00544046 0.00195793   0.011768  0.0141937  0.0023972 -0.0137127  -0.490847 -0.0499317   -9.79658 
                 188 -0.0319178   0.104227  0.0149785 -0.00782898  -0.0133251 -0.00934364 -0.00698383   0.0538525  0.00111601 -0.0113238 -0.0231452  0.0431006 0.000844475  0.00726201 -0.00123402 0.00542373 0.00195976  0.0117923  0.0141785 0.00225591 -0.0138155  -0.490848 -0.0499293   -9.79658 
             188.102 -0.0182896   0.115651  0.0517636 -0.00608833  -0.0147763  -0.0084292 -0.00699653   0.0538557  0.00111766 -0.0113264 -0.0231457  0.0431018   0.0056099 0.000213584  0.00185151 0.00541526 0.00195378  0.0117697  0.0140417 0.00246323 -0.0139197 -0.490846 -0.049927  -9.79658 
             188.201 -0.0640059  0.0965405  0.0416978 -0.00774135   -0.015317  -0.0104386 -0.00698026   0.0538603  0.00111354 -0.0113274 -0.0231426  0.0431019  -0.00045232 -0.000875202  -0.00528306 0.00543854 0.00196233  0.0117749  0.0142269  0.0025159 -0.0137096  -0.490847 -0.0499307   -9.79658 
             188.301 -0.057444 0.0981712 0.0323438 -0.00788682  -0.0145004 -0.00999613 -0.00698405   0.0538584  0.00111633 -0.0113271 -0.0231428  0.0431022 -0.000377647    0.0019713  -0.00300018 0.00543468 0.00196155  0.0117798   0.014236 0.00243643 -0.0138031  -0.490847 -0.0499298   -9.79658 
             188.401 -0.0415695   0.079302   0.040881 -0.00958893  -0.0144545  -0.0101944 -0.00698222   0.0538539  0.00111238  -0.011327 -0.0231426  0.0431028 -0.00463228 9.97129e-05 -0.00355129 0.00542614  0.0019715   0.011776   0.014369 0.00244808 -0.0138225  -0.490847 -0.0499305   -9.79658 
             188.505 -0.0916522  0.0631312  0.0527649  -0.0096147  -0.0146905 -0.00929702 -0.00697937   0.0538612  0.00111059 -0.0113267 -0.0231443  0.0431021 -0.00481408  0.00180018 0.000280281   0.005451 0.00197997  0.0117677  0.0143245 0.00249198 -0.0139441  -0.490846 -0.0499299   -9.79658 
             188.601 -0.0630191   0.101169  0.0448708 -0.0111964  -0.014935 -0.0101798 -0.00697721   0.0538459  0.00111871 -0.0113256 -0.0231447  0.0431014 -0.00831506 0.000954151 -0.00159634 0.00543704 0.00196347  0.0117699  0.0144196 0.00252638 -0.0138552  -0.490847 -0.0499315   -9.79658 
             188.701 -0.0279846   0.105091  0.0207712 -0.00965948  -0.0147395  -0.0108435 -0.00697796   0.0538654   0.0011104 -0.0113254 -0.0231441  0.0431025 -0.000985719   0.00156606  -0.00414277 0.00541679 0.00195736  0.0117838  0.0142316 0.00252271 -0.0138193  -0.490845 -0.0499309   -9.79658 
             188.801 -0.0321852   0.064338  0.0696125 -0.00786694  -0.0147809 -0.00933532 -0.00700268   0.0538676  0.00111529 -0.0113236 -0.0231453   0.043101 0.00391975 0.00105125 0.00233374 0.00541845 0.00198057  0.0117548  0.0140705 0.00255073 -0.0139983  -0.490845 -0.0499254   -9.79658 
             188.901 -0.0229474  0.0967338  0.0108881 -0.00972704  -0.0153187 -0.00928519 -0.00699909     0.05386  0.00108981 -0.0113227 -0.0231474  0.0431005 -0.00200883 -0.00149733  0.00190475 0.00541585 0.00196596  0.0117835  0.0142564 0.00260733 -0.0139791  -0.490846 -0.0499272   -9.79658 
             189.001 -0.0309099  0.0981353 0.00251649   -0.011244  -0.0151748 -0.00979216 -0.00698989   0.0538635  0.00107725 -0.0113225 -0.0231476  0.0431002  -0.00542613 -0.000390112 -0.000211458 0.00542167 0.00196627  0.0117903  0.0143635 0.00258185 -0.0139129  -0.490846 -0.0499288   -9.79658 
             189.101 -0.0184955  0.0937688  0.0379884 -0.0103899 -0.0141472 -0.0082626 -0.00699581   0.0538553   0.0010873 -0.0113211 -0.0231485     0.0431 -0.00162551  0.00278813  0.00438219 0.00541538  0.0019712  0.0117693  0.0142465 0.00248395 -0.0140625  -0.490847 -0.0499276   -9.79658 
             189.201 0.00872656    0.12188  0.0151309 -0.00904677  -0.0139662 -0.00651577 -0.00699303   0.0538547  0.00109524 -0.0113222 -0.0231474   0.043101 0.00260833 0.00218173 0.00875035 0.00539883 0.00195626  0.0117809  0.0141257 0.00248819  -0.014191  -0.490846 -0.0499284   -9.79658 
             189.301 -0.00880851    0.116293   0.0470669 -0.00841866  -0.0138642  -0.0077466 -0.00699741   0.0538493  0.00109706 -0.0113222 -0.0231458  0.0431011 0.00386282  0.0018216 0.00170154 0.0054102 0.0019581 0.0117623  0.0141003 0.00249325 -0.0139838  -0.490847 -0.0499267   -9.79658 
             189.401 0.00886338   0.105632  0.0299794   -0.010165  -0.0139082 -0.00803983 -0.00700136   0.0538542  0.00109713 -0.0113226  -0.023146  0.0431019 -0.00206504 0.000377427 0.000420743 0.00539917 0.00196379   0.011769  0.0142849 0.00250473 -0.0139345  -0.490848 -0.0499252   -9.79658 
             189.503 -0.0289826  0.0702741  0.0534008 -0.00616993  -0.0148121 -0.00866684 -0.00701079   0.0538526  0.00109525 -0.0113238 -0.0231469  0.0430964   0.0100133 -0.00297915 -0.00135443 0.00542086 0.00198297  0.0117566   0.013915 0.00260725 -0.0138737  -0.490847 -0.0499248   -9.79658 
               189.6 -0.0169377  0.0989508   0.061966 -0.00938834  -0.0154517 -0.00905929 -0.00700913   0.0538553  0.00109656 -0.0113237 -0.0231458  0.0430956 -0.00140723 -0.00429683 -0.00214139 0.00541666 0.00196841   0.011753   0.014275 0.00263577 -0.0138446  -0.490848 -0.0499245   -9.79658 
